,A_UR: quality demands,A_User's programming ability,A_UR: need for model transparency,A_UR: Availability of a well documented library,A_UR: Computer operating system,A_Hardware: Number of workers/kernels for parallel computing,A_Production application area,A_Number of maximum function evaluations/ trials budget,A_Running time per trial [s],A_Total Computing Time [s],A_Machine Learning Algorithm,A_Obtainability of good approximate,A_Supports parallel evaluations,A_Dimensionality of HPs,A_Conditional HP space,A_HP datatypes,A_Availability of a warm-start HP configuration,A_Obtainability of gradients,A_Input Data,A_#Instances training dataset,A_Ratio training to test dataset,A_Noise in dataset,A_Training Technique,A_ML task,A_Detailed ML task,D_Default Values,D_Random Search,D_Grid Search,D_CMA-ES,D_PBT,D_HOAG,D_SMAC,D_TPE,D_GPBO,D_MTBO,D_BOHAMIANN,D_DNGO,D_SHA,D_HB,D_ASHA,D_FABOLAS,D_BOHB,D_HB-LCNet,del_UR: quality demands,del_User's programming ability,del_UR: need for model transparency,del_UR: Availability of a well documented library,del_UR: Computer operating system,del_Hardware: Number of workers/kernels for parallel computing,del_Production application area,del_Number of maximum function evaluations/ trials budget,del_Running time per trial [s],del_Total Computing Time [s],del_Machine Learning Algorithm,del_Obtainability of good approximate,del_Supports parallel evaluations,del_Dimensionality of HPs,del_Conditional HP space,del_HP datatypes,del_Availability of a warm-start HP configuration,del_Obtainability of gradients,del_Input Data,del_#Instances training dataset,del_Ratio training to test dataset,del_Noise in dataset,del_Training Technique,del_ML task,del_Detailed ML task,Antecedent_Importance
1,low,,,,,,Predictive Quality,,,,,,yes,,,,,,,,,,,,,1.00000,,,,,,,,,,,,,,,,,,2.8018539976825028,,,,,,0.10776361529548088,,,,,,0.09038238702201622,,,,,,,,,,,,,UR: quality demands_AI:_1
2,high,,,,,,Predictive Quality,,,>86400,,,,,,,,,,,,,,,,,1.00000,,,,,,,,,,,,,,,,,0.25490196078431376,,,,,,0.19607843137254902,,,2.549019607843137,,,,,,,,,,,,,,,,User's programming ability_AI:_1
3,high,high,,,,,Predictive Quality,,,1.0:86400,,,,,,,,yes,,,,,,,,,,,,,1.00000,,,,,,,,,,,,,0.1974350320620992,0.43874451569355377,,,,,0.15187310158623016,,,0.26324670941613226,,,,,,,,3.948700641241984,,,,,,,,UR: need for model transparency_AI:_1
4,high,high,,,,,Predictive Quality,,,1.0:86400,,yes,,,,,,,,,,,,,,,,,,,,,,,,,,,,,0.33333,0.33333,0.33333,0.7965376385917137,1.7700836413149195,,,,,0.6127212604551644,,,1.0620501847889514,,0.7586072748492511,,,,,,,,,,,,,,UR: Availability of a well documented library_AI:_1
5,high,medium,,,,,Predictive Quality,>100,,1.0:86400,,,no,,,[continuous],,,,,,,,,,,,,0.50000,0.50000,,,,,,,,,,,,,,0.5499874087131704,0.9166456811886172,,,,,0.42306723747166963,2.1999496348526817,,0.7333165449508939,,,1.8332913623772344,,,0.34374213044573154,,,,,,,,,,UR: Computer operating system_AI:_1
6,high,medium,,,,,Predictive Quality,>100,,1.0:86400,,,no,,,"[discrete, ordinal, nominal]",,,,,,,,,,,,,,,,0.50000,0.50000,,,,,,,,,,,0.40929535232383807,0.68215892053973,,,,,0.3148425787106447,1.6371814092953523,,0.545727136431784,,,1.36431784107946,,,2.04647676161919,,,,,,,,,,Hardware: Number of workers/kernels for parallel computing_AI:_1
7,high,medium,,,,,Predictive Quality,<100,,1.0:86400,,,no,,,,,,,,,,,,,,,,,,,0.50000,0.50000,,,,,,,,,,,0.5246636771300449,0.8744394618834082,,,,,0.4035874439461884,1.7488789237668163,,0.6995515695067266,,,1.7488789237668163,,,,,,,,,,,,,Production application area_AI:_1
8,high,medium,,,,,Predictive Quality,,,1.0:86400,,,yes,>10,,"[discrete, ordinal, nominal]",,,,,,,,,,,,,,,,0.50000,0.50000,,,,,,,,,,,0.6241979023764217,1.040329837294036,,,,,0.48015223259724743,,,0.8322638698352288,,,0.40270832411382035,0.4993583219011373,,3.120989511882108,,,,,,,,,,Number of maximum function evaluations/ trials budget_AI:_1
9,high,medium,,,,,Predictive Quality,,,1.0:86400,,,yes,1.0:10,,[continuous],,,,,,,,,,,,,,,,,,1.00000,,,,,,,,,,0.6972533753514383,1.1620889589190635,,,,,0.5363487502703372,,,0.929671167135251,,,0.4498408873235085,2.789013501405753,,0.4357833595946489,,,,,,,,,,Running time per trial [s]_AI:_1
10,high,high,,,,,Predictive Quality,>100,,1.0:86400,,no,no,,,[continuous],,no,,,,,,,,,,,0.50000,0.50000,,,,,,,,,,,,,,0.4856171095866721,1.0791491324148268,,,,,0.3735516227589785,1.9424684383466884,,0.6474894794488961,,0.6070213869833401,1.6187236986222402,,,0.30351069349167004,,1.9424684383466884,,,,,,,,Total Computing Time [s]_AI:_1
11,high,high,,,,,Predictive Quality,>100,,1.0:86400,,no,no,,,"[discrete, ordinal, nominal]",,no,,,,,,,,,,,,,,0.50000,0.50000,,,,,,,,,,,0.3928737990859062,0.8730528868575693,,,,,0.3022106146814663,1.5714951963436248,,0.5238317321145416,,0.49109224885738273,1.3095793302863539,,,1.964368995429531,,1.5714951963436248,,,,,,,,Machine Learning Algorithm_AI:_1
12,high,high,,,,,Predictive Quality,<100,,1.0:86400,,no,no,,,,,no,,,,,,,,,,,,,,0.50000,0.50000,,,,,,,,,,,0.463998017102491,1.0311067046722022,,,,,0.35692155161730077,1.5466600570083031,,0.6186640228033213,,0.5799975213781138,1.5466600570083031,,,,,1.855992068409964,,,,,,,,Obtainability of good approximate_AI:_1
13,high,high,,,,,Predictive Quality,,,1.0:86400,,no,yes,>10,,"[discrete, ordinal, nominal]",,no,,,,,,,,,,,,,,0.50000,0.50000,,,,,,,,,,,0.5287912867611028,1.1750917483580063,,,,,0.4067625282777714,,,0.7050550490148038,,0.6609891084513785,0.3411556688781308,0.4230330294088822,,2.643956433805514,,2.115165147044411,,,,,,,,Supports parallel evaluations_AI:_1
14,high,high,,,,,Predictive Quality,,,1.0:86400,,no,yes,1.0:10,,[continuous],,no,,,,,,,,,,,,,,,,1.00000,,,,,,,,,,0.5680044023255764,1.2622320051679474,,,,,0.4369264633273664,,,0.7573392031007684,,0.7100055029069704,0.366454453113275,2.2720176093023055,,0.3550027514534852,,2.2720176093023055,,,,,,,,Dimensionality of HPs_AI:_1
15,,,,,,8,Predictive Quality,<150,,1.0:100,Random Forest,yes,yes,4.0:10,no,[continuous],,,Tabular Data,1000.0:100000,1.0:4,,Offline,Binary Classification,Prediction of Part Failure,1.00000,,,,,,,,,,,,,,,,,,,,,,,2.003518314193856,0.7705839669976369,2.50439789274232,,3.339197190323093,1.1785401848199153,0.9540563400923122,0.6462962303851147,0.2862169020276937,0.22016684771361056,0.62609947318558,,,0.4770281700461561,0.30823358679905477,0.4886630034619161,,0.174218983842944,0.7705839669976369,1.25219894637116,Conditional HP space_AI:_1
16,,,,,,8,Predictive Quality,<150,,100.0:4000,Random Forest,yes,yes,4.0:10,no,[continuous],,,Tabular Data,1000.0:100000,1.0:4,,Offline,Binary Classification,Prediction of Part Failure,,0.05882,0.05882,0.05882,0.05882,0.05882,0.05882,0.05882,0.05882,0.05882,0.05882,0.05882,0.05882,0.05882,0.05882,0.05882,0.05882,0.05882,,,,,,1.413516869362614,0.5436603343702362,1.7668960867032675,,7.06758434681307,0.8314805113897729,0.6731032711250542,0.4559731836653593,0.20193098133751627,0.15533152410578177,0.44172402167581687,,,0.3365516355625271,0.21746413374809445,0.34476021203966195,,0.12291451037935773,0.5436603343702362,0.8834480433516337,HP datatypes_AI:_1
17,,,,,,1,Predictive Quality,<150,,1.0:100,Random Forest,yes,yes,4.0:10,no,[continuous],,,Tabular Data,1000.0:100000,1.0:4,,Offline,Binary Classification,Prediction of Part Failure,1.00000,,,,,,,,,,,,,,,,,,,,,,,0.3298665057238154,0.862727784200748,2.803865298652431,,3.738487064869908,1.3194660228952615,1.0681391613914022,0.723578141587724,0.3204417484174207,0.24649365262878514,0.7009663246631077,,,0.5340695806957011,0.3450911136802992,0.5470956680297426,,0.19505149903669083,0.862727784200748,1.4019326493262154,Availability of a warm-start HP configuration_AI:_1
18,,,,,,1,Predictive Quality,<150,,100.0:4000,Random Forest,yes,yes,4.0:10,no,[continuous],,,Tabular Data,1000.0:100000,1.0:4,,Offline,Binary Classification,Prediction of Part Failure,,0.05882,0.05882,0.05882,0.05882,0.05882,0.05882,0.05882,0.05882,0.05882,0.05882,0.05882,0.05882,0.05882,0.05882,0.05882,0.05882,0.05882,,,,,,0.22481023586831114,0.5879652322709676,1.9108870048806448,,7.643548019522579,0.8992409434732446,0.7279569542402455,0.49313213029177927,0.21838708627207368,0.16799006636313363,0.4777217512201612,,,0.36397847712012277,0.23518609290838705,0.3728560009523209,,0.1329312699047405,0.5879652322709676,0.9554435024403224,Obtainability of gradients_AI:_1
19,,,,,,8,Predictive Quality,<150,,1.0:100,Decision Tree,yes,yes,1.0:3,no,[continuous],,,Tabular Data,1000.0:100000,1.0:4,,Offline,Binary Classification,Prediction of Part Failure,,,,1.00000,,,,,,,,,,,,,,,,,,,,1.2643364872662923,0.4862832643331893,1.5804206090828652,,2.1072274787771534,6.321682436331461,0.6020649939363296,0.40785047976332006,0.5057345949065168,0.13893807552376838,0.3951051522707163,,,0.3010324969681648,0.19451330573327572,0.3083747529917786,,0.10994230324054714,0.4862832643331893,0.7902103045414326,Input Data_AI:_1
20,,,,,,1,Predictive Quality,<150,,1.0:100,Decision Tree,yes,yes,1.0:3,no,[continuous],,,Tabular Data,1000.0:100000,1.0:4,,Offline,Binary Classification,Prediction of Part Failure,,,,1.00000,,,,,,,,,,,,,,,,,,,,0.19936939128852538,0.5214276387546048,1.6946398259524658,,2.259519767936621,6.778559303809863,0.6455770765533202,0.4373264066974105,0.542284744304789,0.14897932535845854,0.42365995648811644,,,0.3227885382766601,0.20857105550184193,0.3306614294541397,,0.11788798789234545,0.5214276387546048,0.8473199129762329,#Instances training dataset_AI:_1
21,,,,,,8,Predictive Quality,<150,,1.0:500,Support Vector Machine,no,yes,4.0:10,yes,"[continuous, nominal]",,,Tabular Data,1000.0:100000,1.0:4,,Offline,Binary Classification,Prediction of Part Failure,,,,,,,,,,,,,,0.50000,,,0.50000,,,,,,,0.9167375731547914,0.3525913742903044,1.1459219664434892,,9.167375731547914,0.4583687865773957,0.5729609832217446,0.2957217977918682,0.1309625104506845,0.3525913742903044,1.0185973035053237,,,0.2182708507511408,0.14103654971612176,0.223594530037754,,0.0797163107091123,0.3525913742903044,0.5729609832217446,Ratio training to test dataset_AI:_1
22,,,,,,8,Predictive Quality,<150,,>500,Support Vector Machine,no,yes,4.0:10,yes,"[continuous, nominal]",,,Tabular Data,1000.0:100000,1.0:4,,Offline,Binary Classification,Prediction of Part Failure,,0.05882,0.05882,0.05882,0.05882,0.05882,0.05882,0.05882,0.05882,0.05882,0.05882,0.05882,0.05882,0.05882,0.05882,0.05882,0.05882,0.05882,,,,,,0.9167375731547914,0.3525913742903044,1.1459219664434892,,9.167375731547914,0.4583687865773957,0.5729609832217446,0.2957217977918682,0.1309625104506845,0.3525913742903044,1.0185973035053237,,,0.2182708507511408,0.14103654971612176,0.223594530037754,,0.0797163107091123,0.3525913742903044,0.5729609832217446,Noise in dataset_AI:_1
23,,,,,,8,Predictive Quality,<600,,1.0:6000,XGBoost,yes,yes,4.0:10,yes,"[continuous, discrete, nominal]",,,Tabular Data,<1000,,,Offline,Binary Classification,Prediction of Part Failure,,,,,,,,,,,,,,0.50000,,,0.50000,,,,,,,0.6739123759189753,0.25919706766114436,3.3695618795948765,,6.739123759189753,0.7487915287988613,0.320910655199512,0.21739108900612106,0.09627319655985361,0.25919706766114436,0.2930053808343371,,,0.160455327599756,1.1231872931982922,,,0.05860107616686742,0.25919706766114436,0.42119523494935956,Training Technique_AI:_1
24,,,,,,8,Predictive Quality,<600,,1.0:7000,Random Forest,yes,yes,4.0:10,no,[continuous],,,Tabular Data,<1000,,,Offline,Binary Classification,Prediction of Part Failure,,,,,,,,,,,,,,0.50000,,,0.50000,,,,,,,0.7029645418426004,0.2703709776317694,3.514822709213002,,7.029645418426004,0.41350855402505904,0.3347450199250478,0.2267627554330969,0.10042350597751434,0.07724885075193412,0.21967641932581264,,,0.1673725099625239,1.1716075697376673,,,0.061127351464573945,0.2703709776317694,0.4393528386516253,ML task_AI:_1
25,,medium,,,,,Predictive Maintenance,,,,,,,,,,,,,,,,,,,,1.00000,,,,,,,,,,,,,,,,,,1.272727272727273,,,,,0.7272727272727274,,,,,,,,,,,,,,,,,,,Detailed ML task_AI:_1
26,,"{'medium': 1.0, 'high': 1.0}",,,,,Predictive Maintenance,,<10,,,,,,,,,,,,,,,,,,0.50000,,0.25000,0.25000,,,,,,,,,,,,,,,0.2876712328767123,,,,,0.12328767123287669,,2.5890410958904106,,,,,,,,,,,,,,,,,
27,,"{'medium': 1.0, 'high': 1.0}",,,,,Predictive Maintenance,,>100,,,,,,,,,,,,,,,,,,,,,,,,,,,,,,,,,1.00000,,,0.2876712328767123,,,,,0.12328767123287669,,2.5890410958904106,,,,,,,,,,,,,,,,,
28,,"{'medium': 1.0, 'high': 1.0}",,,,,Predictive Maintenance,,10.0:100,,,,,,,,,,,,,,,,,,,,0.50000,0.50000,,,,,,,,,,,,,,,1.105263157894737,,,,,0.47368421052631576,,1.4210526315789473,,,,,,,,,,,,,,,,,
29,,"{'medium': 1.0, 'high': 1.0}",,,,,Predictive Maintenance,>200,10.0:100,,,,,,,,,,,,,,,,,,0.50000,,0.25000,0.25000,,,,,,,,,,,,,,,0.3414634146341463,,,,,0.14634146341463414,3.073170731707317,0.4390243902439024,,,,,,,,,,,,,,,,,
30,,"{'medium': 1.0, 'high': 1.0}",,,,,Predictive Maintenance,<200,10.0:100,,,,,>10,yes,,,,,,,,,,,,,,,,,,1.00000,,,,,,,,,,,,1.3200043516626978,,,,,0.5657161507125849,1.4850048956205353,1.6971484521377544,,,,,0.47520156659857127,0.456924583267857,,,,,,,,,,,
31,,"{'medium': 1.0, 'high': 1.0}",,,,,Predictive Maintenance,<200,10.0:100,,,,,>10,no,,,,,,,,,,,,,,,,,1.00000,,,,,,,,,,,,,1.3959374640469402,,,,,0.5982589131629743,1.5704296470528076,1.7947767394889231,,,,,0.5025374870568985,0.13805974919145564,,,,,,,,,,,
32,,"{'medium': 1.0, 'high': 1.0}",,,,,Predictive Maintenance,<200,10.0:100,,,,,1.0:10,,[continuous],,,,,,,,,,,,,,,,,,1.00000,,,,,,,,,,,1.0134218066656613,,,,,0.4343236314281405,1.140099532498869,1.3029708942844216,,,,,1.8241592519981906,,0.28502488312471724,,,,,,,,,,
33,,"{'medium': 1.0, 'high': 1.0}",,,,,Predictive Maintenance,<200,10.0:100,,,,,1.0:10,no,"[continuous, discrete, ordinal, nominal]",,,,,,,,,,,,,,,,1.00000,,,,,,,,,,,,,1.0676641893667838,,,,,0.4575703668714788,1.2011222130376318,1.3727111006144364,,,,,1.9217955408602112,0.10559316158572589,0.8735434276637323,,,,,,,,,,
34,,"{'medium': 1.0, 'high': 1.0}",,,,,Predictive Maintenance,<200,10.0:100,,,,,1.0:10,yes,,,,,,,,,,,,,,,,,,1.00000,,,,,,,,,,,,1.0024326433194106,,,,,0.42961398999403316,1.127736723734337,1.2888419699820994,,,,,1.8043787579749395,0.3469959149951806,,,,,,,,,,,
35,,,,,,1,Predictive Maintenance,,,1.0:40,Random Forest,,,4.0:10,no,"[discrete, nominal]",,,Tabular Data,1000.0:100000,1.0:4,,Offline,Binary Classification,Prediction of Part Failure,1.00000,,,,,,,,,,,,,,,,,,,,,,,0.1258017398460382,0.4073580147395523,,,8.554518309530598,0.5032069593841528,,,0.1222074044218657,0.09400569570912747,1.7109036619061198,,,0.20367900736977615,0.13160797399277843,0.20864678803733167,,0.07438711573504868,0.3290199349819461,0.5346573943456624,
36,,,,,,1,Predictive Maintenance,,,40.0:700,Random Forest,,,4.0:10,no,"[discrete, nominal]",,,Tabular Data,1000.0:100000,1.0:4,,Offline,Binary Classification,Prediction of Part Failure,,0.25000,,,,,0.25000,0.25000,0.25000,,,,,,,,,,,,,,,0.1258017398460382,0.4073580147395523,,,8.554518309530598,0.5032069593841528,,,0.1222074044218657,0.09400569570912747,1.7109036619061198,,,0.20367900736977615,0.13160797399277843,0.20864678803733167,,0.07438711573504868,0.3290199349819461,0.5346573943456624,
37,,,,,,1,Predictive Maintenance,,,700.0:2000,Random Forest,,,4.0:10,no,"[discrete, nominal]",,,Tabular Data,1000.0:100000,1.0:4,,Offline,Binary Classification,Prediction of Part Failure,,,,,,,1.00000,,,,,,,,,,,,,,,,,0.1258017398460382,0.4073580147395523,,,8.554518309530598,0.5032069593841528,,,0.1222074044218657,0.09400569570912747,1.7109036619061198,,,0.20367900736977615,0.13160797399277843,0.20864678803733167,,0.07438711573504868,0.3290199349819461,0.5346573943456624,
38,,,,,,1,Predictive Maintenance,,,1.0:1000,Support Vector Machine,,,4.0:10,no,"[continuous, nominal]",,,Tabular Data,1000.0:100000,1.0:4,,Offline,Binary Classification,Prediction of Part Failure,1.00000,,,,,,,,,,,,,,,,,,,,,,,0.25311809466974844,0.8196204970258522,,,5.737343479180964,0.8606015218771448,,,0.24588614910775566,0.18914319162135051,1.912447826393655,,,0.4098102485129261,0.26480046826989073,0.4198056204278755,,0.14966982989167735,0.6620011706747267,1.075751902346431,
39,,,,,,1,Predictive Maintenance,,,1000.0:10000,Support Vector Machine,,,4.0:10,no,"[continuous, nominal]",,,Tabular Data,1000.0:100000,1.0:4,,Offline,Binary Classification,Prediction of Part Failure,,,,,,,,,,,,,,,,,,,,,,,,0.20736047003210917,0.6714529505801631,,,7.050255981091712,0.7050255981091712,,,0.20143588517404892,0.15495068090311456,1.5667235513537137,,,0.33572647529008154,0.21693095326436038,0.3439149259069128,,0.12261314749724717,0.5423273831609009,0.881281997636464,
40,,,,,,1,Predictive Maintenance,,,10000.0:70000,Support Vector Machine,,,4.0:10,no,"[continuous, nominal]",,,Tabular Data,1000.0:100000,1.0:4,,Offline,Binary Classification,Prediction of Part Failure,,,,,,,,0.50000,0.50000,,,,,,,,,,,,,,,0.13444646856177656,0.43535046962860985,,,9.142359862200808,0.45711799311004037,,,0.13060514088858297,0.10046549299121767,1.0158177624667564,,,0.21767523481430492,0.14065169018770474,0.2229843868829465,,0.0794987814104418,0.3516292254692618,0.5713974913875505,
41,,,,,,1,Predictive Maintenance,,,1.0:50,Multilayer Perceptron,,,4.0:10,no,"[continuous, discrete, nominal]",,,Tabular Data,1000.0:100000,1.0:4,,Offline,Regression,Prediction of Remaining Useful Lifetime,1.00000,,,,,,,,,,,,,,,,,,,,,,,0.12404619584782468,0.4016733960786705,,,8.435141317652079,0.2721013328274864,,,0.12050201882360113,0.09269386063353935,0.36674527468052515,,,0.20083669803933524,0.12977140488695507,0.2057351540890751,,0.07334905493610504,0.46861896209178217,2.1087853294130197,
42,,,,,,1,Predictive Maintenance,,,50.0:2000,Multilayer Perceptron,,,4.0:10,no,"[continuous, discrete, nominal]",,,Tabular Data,1000.0:100000,1.0:4,,Offline,Regression,Prediction of Remaining Useful Lifetime,,0.25000,,,,,0.25000,0.25000,0.25000,,,,,,,,,,,,,,,0.12404619584782468,0.4016733960786705,,,8.435141317652079,0.2721013328274864,,,0.12050201882360113,0.09269386063353935,0.36674527468052515,,,0.20083669803933524,0.12977140488695507,0.2057351540890751,,0.07334905493610504,0.46861896209178217,2.1087853294130197,
43,,,,,,1,Predictive Maintenance,,,1.0:100,Support Vector Machine,,,1.0:3,no,[continuous],,,Tabular Data,1000.0:100000,1.0:4,,Offline,Regression,Prediction of Remaining Useful Lifetime,1.00000,,,,,,,,,,,,,,,,,,,,,,,0.2586729997775814,0.837607808803597,,,2.931627330812589,0.8794881992437767,,,0.7035905593950215,0.193294109723907,0.5496801245273605,,,0.4188039044017985,0.2706117536134698,0.4290186337774521,,0.1529544694337003,0.977209110270863,4.397440996218884,
44,,,,,,1,Predictive Maintenance,,,100.0:10000,Support Vector Machine,,,1.0:3,no,[continuous],,,Tabular Data,1000.0:100000,1.0:4,,Offline,Regression,Prediction of Remaining Useful Lifetime,,,,,,,,1.00000,,,,,,,,,,,,,,,,0.12158263006537624,0.39369613544978976,,,8.267618844445584,0.4133809422222793,,,0.3307047537778234,0.09085295433456687,0.2583630888889245,,,0.19684806772489488,0.1271941360683936,0.2016492401084289,,0.0718923377777877,0.4593121580247547,2.066904711111396,
45,high,,,,,,,,,,,,,,,,,,,,,,,,,,,,,,,0.25000,0.25000,0.25000,,,,,,,,0.25000,,1.0,,,,,,,,,,,,,,,,,,,,,,,,,
46,,,,,,,,,,,,,,>10,,,,,,,,,,,,,,,,,,0.25000,0.25000,,,,,,0.25000,,,0.25000,,,,,,,,,,,,,,,1.0,,,,,,,,,,,,
47,,,,,,,,,,,,,,,yes,"[continuous, discrete, ordinal, nominal]",,,,,,,,,,,0.16667,0.16667,,,,0.16667,0.16667,,,,,,0.16667,,,0.16667,,,,,,,,,,,,,,,,0.5945945945945946,1.4054054054054055,,,,,,,,,,
48,,,,,,,,,,1.0:86400,,,,,,,,,,,,,,,,,0.33333,,,,,,,,,,,,0.33333,,,0.33333,,,,,,,,,,,1.0,,,,,,,,,,,,,,,,
49,,,,,,1,Process Parameter Prediction,,,1.0:200,XGBoost,,,4.0:10,no,"[continuous, discrete]",,,Tabular Data,>100000,1.0:4,,Offline,Regression,Time Series Prediction,1.00000,,,,,,,,,,,,,,,,,,,,,,,0.12028425067740905,0.9088143384515351,,,8.179329046063817,0.9088143384515351,,,0.11684755780091167,0.08988273676993207,0.19474592966818613,,,0.19474592966818613,0.8179329046063817,0.1994958303918004,,0.07112460040055493,0.45440716922576757,0.7435753678239834,
50,,,,,,1,Process Parameter Prediction,,,200.0:2000,XGBoost,,,4.0:10,no,"[continuous, discrete]",,,Tabular Data,>100000,1.0:4,,Offline,Regression,Time Series Prediction,,0.33333,,,,,0.33333,0.33333,,,,,,,,,,,,,,,,0.12028425067740905,0.9088143384515351,,,8.179329046063817,0.9088143384515351,,,0.11684755780091167,0.08988273676993207,0.19474592966818613,,,0.19474592966818613,0.8179329046063817,0.1994958303918004,,0.07112460040055493,0.45440716922576757,0.7435753678239834,
51,,,,,,1,Process Parameter Prediction,,,>2000,XGBoost,,,4.0:10,no,"[continuous, discrete]",,,Tabular Data,>100000,1.0:4,,Offline,Regression,Time Series Prediction,,0.05882,0.05882,0.05882,0.05882,0.05882,0.05882,0.05882,0.05882,0.05882,0.05882,0.05882,0.05882,0.05882,0.05882,0.05882,0.05882,0.05882,,,,,,0.12028425067740905,0.9088143384515351,,,8.179329046063817,0.9088143384515351,,,0.11684755780091167,0.08988273676993207,0.19474592966818613,,,0.19474592966818613,0.8179329046063817,0.1994958303918004,,0.07112460040055493,0.45440716922576757,0.7435753678239834,
52,,,,,,1,Process Parameter Prediction,,,1.0:2000,Random Forest,,,4.0:10,no,"[continuous, nominal]",,,Tabular Data,>100000,1.0:4,,Offline,Regression,Time Series Prediction,,,,,,,1.00000,,,,,,,,,,,,,,,,,0.11769149727792598,0.8892246460998853,,,8.003021814898966,0.4707659891117039,,,0.11432888306998525,0.08794529466921944,0.8892246460998853,,,0.19054813844997542,0.8003021814898967,0.19519565402192604,,0.06959149404259972,0.44461232304994264,0.7275474377180879,
53,,,,,,1,Process Parameter Prediction,,,2000.0:5000,Random Forest,,,4.0:10,no,"[continuous, nominal]",,,Tabular Data,>100000,1.0:4,,Offline,Regression,Time Series Prediction,,,,,,,0.33333,0.33333,0.33333,,,,,,,,,,,,,,,0.11769149727792598,0.8892246460998853,,,8.003021814898966,0.4707659891117039,,,0.11432888306998525,0.08794529466921944,0.8892246460998853,,,0.19054813844997542,0.8003021814898967,0.19519565402192604,,0.06959149404259972,0.44461232304994264,0.7275474377180879,
54,,,,,,1,Process Parameter Prediction,,,5000.0:10000,Random Forest,,,4.0:10,no,"[continuous, nominal]",,,Tabular Data,>100000,1.0:4,,Offline,Regression,Time Series Prediction,,,,,,,1.00000,,,,,,,,,,,,,,,,,0.11769149727792598,0.8892246460998853,,,8.003021814898966,0.4707659891117039,,,0.11432888306998525,0.08794529466921944,0.8892246460998853,,,0.19054813844997542,0.8003021814898967,0.19519565402192604,,0.06959149404259972,0.44461232304994264,0.7275474377180879,
55,,,,,,1,Process Parameter Prediction,,,>10000,Random Forest,,,4.0:10,no,"[continuous, nominal]",,,Tabular Data,>100000,1.0:4,,Offline,Regression,Time Series Prediction,,0.05882,0.05882,0.05882,0.05882,0.05882,0.05882,0.05882,0.05882,0.05882,0.05882,0.05882,0.05882,0.05882,0.05882,0.05882,0.05882,0.05882,,,,,,0.11769149727792598,0.8892246460998853,,,8.003021814898966,0.4707659891117039,,,0.11432888306998525,0.08794529466921944,0.8892246460998853,,,0.19054813844997542,0.8003021814898967,0.19519565402192604,,0.06959149404259972,0.44461232304994264,0.7275474377180879,
56,,,,,,1,,<2,36000,1.0:72000,Latent Dirichlet Allocation (HPOlib),,,1.0:3,no,[continuous],,,Text Data,,,,Offline,Text,Text,,,,,,,,,1.00000,,,,,,,,,,,,,,,0.0636547737061094,,1.08213115300386,1.44284153733848,4.32852461201544,1.08213115300386,,,0.17314098448061757,0.047566204527642195,0.1352663941254825,,,1.08213115300386,,,,0.037639344452308175,1.08213115300386,1.44284153733848,
57,,,,,,1,,2.0:10,36000,72000.0:360000,Latent Dirichlet Allocation (HPOlib),,,1.0:3,no,[continuous],,,Text Data,,,,Offline,Text,Text,,,,,,,0.50000,,0.50000,,,,,,,,,,,,,,,0.05010085083576438,,3.406857856831978,1.1356192856106593,3.406857856831978,0.8517144642079945,,,0.1362743142732791,0.03743799842672503,0.10646430802599931,,,0.8517144642079945,,,,0.029624850928973722,0.8517144642079945,1.1356192856106593,
58,,,,,,1,,>10,36000,>360000,Latent Dirichlet Allocation (HPOlib),,,1.0:3,no,[continuous],,,Text Data,,,,Offline,Text,Text,,0.05882,0.05882,0.05882,0.05882,0.05882,0.05882,0.05882,0.05882,0.05882,0.05882,0.05882,0.05882,0.05882,0.05882,0.05882,0.05882,0.05882,,,,,,0.05010085083576438,,3.406857856831978,1.1356192856106593,3.406857856831978,0.8517144642079945,,,0.1362743142732791,0.03743799842672503,0.10646430802599931,,,0.8517144642079945,,,,0.029624850928973722,0.8517144642079945,1.1356192856106593,
59,,,,,,1,,<2,60,1.0:120,Logistic Regression,,,4.0:10,no,"[continuous, discrete]",,,Image Data,1000.0:100000,<1,,Offline,Multiclass Classification,Image Recognition,,,,,,,0.33333,0.33333,0.33333,,,,,,,,,,,,,,,0.11815187724099653,,2.008581913096941,1.3390546087312938,8.034327652387764,1.147761093198252,,,0.1147761093198252,0.08828931486140401,0.191293515533042,,,0.15159108778090122,0.12360504080596561,0.34931859358207673,,0.06986371871641535,0.11991533809533976,0.1434701366497815,
60,,,,,,1,,2.0:50,60,120.0:3000,Logistic Regression,,,4.0:10,no,"[continuous, discrete]",,,Image Data,1000.0:100000,<1,,Offline,Multiclass Classification,Image Recognition,,,,,,,,,1.00000,,,,,,,,,,,,,,,0.11275934439153225,,2.555878472874731,1.2779392364373654,7.667635418624193,1.0953764883748847,,,0.10953764883748847,0.08425972987499114,0.18256274806248077,,,0.14467236638913572,0.1179636218249876,0.3333754529836606,,0.06667509059673211,0.1144423196809581,0.13692206104686058,
61,,,,,,1,,>50,60,>3000,Logistic Regression,,,4.0:10,no,"[continuous, discrete]",,,Image Data,1000.0:100000,<1,,Offline,Multiclass Classification,Image Recognition,,0.05882,0.05882,0.05882,0.05882,0.05882,0.05882,0.05882,0.05882,0.05882,0.05882,0.05882,0.05882,0.05882,0.05882,0.05882,0.05882,0.05882,,,,,,0.11275934439153225,,2.555878472874731,1.2779392364373654,7.667635418624193,1.0953764883748847,,,0.10953764883748847,0.08425972987499114,0.18256274806248077,,,0.14467236638913572,0.1179636218249876,0.3333754529836606,,0.06667509059673211,0.1144423196809581,0.13692206104686058,
62,,,,,,1,,<10,60,1.0:600,Logistic Regression,,,4.0:10,no,"[continuous, discrete]",,,Image Data,1000.0:100000,<1,,Offline,Multiclass Classification,Image Recognition,,,,,,,0.33333,0.33333,0.33333,,,,,,,,,,,,,,,0.11275934439153225,,2.555878472874731,1.2779392364373654,7.667635418624193,1.0953764883748847,,,0.10953764883748847,0.08425972987499114,0.18256274806248077,,,0.14467236638913572,0.1179636218249876,0.3333754529836606,,0.06667509059673211,0.1144423196809581,0.13692206104686058,
63,,,,,,1,,10.0:100,60,600.0:6000,Logistic Regression,,,4.0:10,no,"[continuous, discrete]",,,Image Data,1000.0:100000,<1,,Offline,Multiclass Classification,Image Recognition,,,,,,,,,1.00000,,,,,,,,,,,,,,,0.10332747087489852,,3.5131340097465498,1.1710446699155164,7.0262680194930995,1.0037525742133,,,0.10037525742132998,0.07721173647794616,0.16729209570221665,,,0.132571094707417,0.10809643106912462,0.3054899138910043,,0.06109798277820087,0.10486967193273283,0.1254690717766625,
64,,,,,,1,,>100,60,>6000,Logistic Regression,,,4.0:10,no,"[continuous, discrete]",,,Image Data,1000.0:100000,<1,,Offline,Multiclass Classification,Image Recognition,,0.05882,0.05882,0.05882,0.05882,0.05882,0.05882,0.05882,0.05882,0.05882,0.05882,0.05882,0.05882,0.05882,0.05882,0.05882,0.05882,0.05882,,,,,,0.12164228427032764,,1.6543350660764562,1.3786125550637132,8.27167533038228,1.1816679043403258,,,0.11816679043403257,0.09089753110310199,0.1969446507233876,,,0.15606934585626944,0.12725654354434277,0.35963805784270786,,0.07192761156854156,0.12345784075197433,0.14770848804254072,
65,,,,,,2,,<2,720,1.0:2880,Multilayer Perceptron,,,>10,yes,"[continuous, discrete, nominal]",,,Image Data,1000.0:100000,<1,,Offline,Multiclass Classification,Image Recognition,,,,,,,1.00000,,,,,,,,,,,,,,,,,0.9803316074127474,,2.9409948222382427,0.9803316074127474,5.881989644476485,0.37948320286945064,,,0.4705591715581188,0.4524607418828066,0.5114773603892596,,,0.22196187337647114,0.18098429675312264,0.5114773603892596,,0.10229547207785192,0.17558178043213388,0.21007105873130302,
66,,,,,,2,,2.0:20,720,2880.0:28800,Multilayer Perceptron,,,>10,yes,"[continuous, discrete, nominal]",,,Image Data,1000.0:100000,<1,,Offline,Multiclass Classification,Image Recognition,,,,,,,0.50000,0.50000,,,,,,,,,,,,,,,,0.4781276739917922,,5.737532087901506,0.4781276739917922,5.737532087901506,0.1850816802548873,,,0.22950128351606028,0.2206743110731349,0.2494579168652829,,,0.10825532241323597,0.08826972442925395,0.2494579168652829,,0.04989158337305658,0.08563480728211204,0.10245593014109833,
67,,,,,,2,,20.0:200,720,28800.0:288000,Multilayer Perceptron,,,>10,yes,"[continuous, discrete, nominal]",,,Image Data,1000.0:100000,<1,,Offline,Multiclass Classification,Image Recognition,,,,,,,0.33333,0.33333,0.33333,,,,,,,,,,,,,,,0.4781276739917922,,5.737532087901506,0.4781276739917922,5.737532087901506,0.1850816802548873,,,0.22950128351606028,0.2206743110731349,0.2494579168652829,,,0.10825532241323597,0.08826972442925395,0.2494579168652829,,0.04989158337305658,0.08563480728211204,0.10245593014109833,
68,,,,,,2,,<10,720,1.0:14400,Multilayer Perceptron,,,>10,yes,"[continuous, discrete, nominal]",,,Image Data,1000.0:100000,<1,,Offline,Multiclass Classification,Image Recognition,,,,,,,1.00000,,,,,,,,,,,,,,,,,0.6578674701663699,,2.6314698806654797,0.6578674701663699,7.8944096419964405,0.25465837554827225,,,0.31577638567985766,0.3036311400767862,0.3432352018259322,,,0.14895112532068755,0.12145245603071447,0.3432352018259322,,0.06864704036518644,0.11782700958203642,0.14097160074993645,
69,,,,,,2,,10.0:100,720,14400.0:144000,Multilayer Perceptron,,,>10,yes,"[continuous, discrete, nominal]",,,Image Data,1000.0:100000,<1,,Offline,Multiclass Classification,Image Recognition,,,,,,,0.50000,0.50000,,,,,,,,,,,,,,,,0.6013517874401844,,3.6081107246411066,0.6013517874401844,7.216221449282213,0.23278133707361978,,,0.2886488579712886,0.27754697881854673,0.31374875866444407,,,0.13615512168457006,0.11101879152741867,0.31374875866444407,,0.06274975173288881,0.1077047977504808,0.12886109730861095,
70,,,,,,2,,100.0:500,720,14400.0:720000,Multilayer Perceptron,,,>10,yes,"[continuous, discrete, nominal]",,,Image Data,1000.0:100000,<1,,Offline,Multiclass Classification,Image Recognition,,,,,,,1.00000,,,,,,,,,,,,,,,,,0.4781276739917922,,5.737532087901506,0.4781276739917922,5.737532087901506,0.1850816802548873,,,0.22950128351606028,0.2206743110731349,0.2494579168652829,,,0.10825532241323597,0.08826972442925395,0.2494579168652829,,0.04989158337305658,0.08563480728211204,0.10245593014109833,
71,,,,,,2,,<2,720,1.0:2880,Multilayer Perceptron,,,>10,yes,"[continuous, discrete, nominal]",,,Image Data,1000.0:100000,<1,,Offline,Multiclass Classification,Image Recognition,,,,,,,1.00000,,,,,,,,,,,,,,,,,0.9803316074127474,,2.9409948222382427,0.9803316074127474,5.881989644476485,0.37948320286945064,,,0.4705591715581188,0.4524607418828066,0.5114773603892596,,,0.22196187337647114,0.18098429675312264,0.5114773603892596,,0.10229547207785192,0.17558178043213388,0.21007105873130302,
72,,,,,,2,,2.0:50,720,2880.0:72000,Multilayer Perceptron,,,>10,yes,"[continuous, discrete, nominal]",,,Image Data,1000.0:100000,<1,,Offline,Multiclass Classification,Image Recognition,,,,,,,0.50000,0.50000,,,,,,,,,,,,,,,,0.6578674701663699,,2.6314698806654797,0.6578674701663699,7.8944096419964405,0.25465837554827225,,,0.31577638567985766,0.3036311400767862,0.3432352018259322,,,0.14895112532068755,0.12145245603071447,0.3432352018259322,,0.06864704036518644,0.11782700958203642,0.14097160074993645,
73,,,,,,2,,50.0:200,720,72000.0:288000,Multilayer Perceptron,,,>10,yes,"[continuous, discrete, nominal]",,,Image Data,1000.0:100000,<1,,Offline,Multiclass Classification,Image Recognition,,,,,,,0.33333,0.33333,0.33333,,,,,,,,,,,,,,,0.6013517874401844,,3.6081107246411066,0.6013517874401844,7.216221449282213,0.23278133707361978,,,0.2886488579712886,0.27754697881854673,0.31374875866444407,,,0.13615512168457006,0.11101879152741867,0.31374875866444407,,0.06274975173288881,0.1077047977504808,0.12886109730861095,
74,,,,,,2,,<5,720,1.0:7200,Multilayer Perceptron,,,>10,yes,"[continuous, discrete, nominal]",,,Image Data,1000.0:100000,<1,,Offline,Multiclass Classification,Image Recognition,,,,,,,1.00000,,,,,,,,,,,,,,,,,1.0953860623292575,,6.5723163739755455,1.0953860623292575,1.6430790934938864,0.42402041122422873,,,0.5257853099180437,0.505562797998119,0.5715057716500475,,,0.24801193864058663,0.20222511919924757,0.5715057716500475,,0.1143011543300095,0.19618854847688197,0.23472558478484093,
75,,,,,,2,,5.0:50,720,7200.0:72000,Multilayer Perceptron,,,>10,yes,"[continuous, discrete, nominal]",,,Image Data,1000.0:100000,<1,,Offline,Multiclass Classification,Image Recognition,,,,,,,0.50000,0.50000,,,,,,,,,,,,,,,,0.4781276739917922,,5.737532087901506,0.4781276739917922,5.737532087901506,0.1850816802548873,,,0.22950128351606028,0.2206743110731349,0.2494579168652829,,,0.10825532241323597,0.08826972442925395,0.2494579168652829,,0.04989158337305658,0.08563480728211204,0.10245593014109833,
76,,,,,,2,,50.0:500,720,72000.0:720000,Multilayer Perceptron,,,>10,yes,"[continuous, discrete, nominal]",,,Image Data,1000.0:100000,<1,,Offline,Multiclass Classification,Image Recognition,,,,,,,1.00000,,,,,,,,,,,,,,,,,0.4781276739917922,,5.737532087901506,0.4781276739917922,5.737532087901506,0.1850816802548873,,,0.22950128351606028,0.2206743110731349,0.2494579168652829,,,0.10825532241323597,0.08826972442925395,0.2494579168652829,,0.04989158337305658,0.08563480728211204,0.10245593014109833,
77,,,,,,,,<5,,,Deep Neural Net,,,>10,yes,"[continuous, discrete, nominal]",,,Image Data,1000.0:100000,<1,,Offline,Multiclass Classification,Image Recognition,,,,,,,,0.50000,0.50000,,,,,,,,,,,,,,,,,5.843922008268216,,,2.337568803307287,,,0.46751376066145733,0.4495324621744783,0.508167131153758,,,0.2205253588025742,0.1798129848697913,0.508167131153758,,0.1016334262307516,0.17444543308263333,0.20871150029529345,
78,,,,,,,,2.0:50,,,Deep Neural Net,,,>10,yes,"[continuous, discrete, nominal]",,,Image Data,1000.0:100000,<1,,Offline,Multiclass Classification,Image Recognition,,,,,,,0.50000,0.50000,,,,,,,,,,,,,,,,,,4.734346551112623,,,2.840607930667574,,,0.5681215861335148,0.5462707558976104,0.6175234631886031,,,0.26798188025165787,0.21850830235904417,0.6175234631886031,,0.12350469263772061,0.2119856664677294,0.2536257080953191,
79,,,,,,,,50.0:200,,,Deep Neural Net,,,>10,yes,"[continuous, discrete, nominal]",,,Image Data,1000.0:100000,<1,,Offline,Multiclass Classification,Image Recognition,,,,,,,0.33333,0.33333,0.33333,,,,,,,,,,,,,,,,,5.843922008268216,,,2.337568803307287,,,0.46751376066145733,0.4495324621744783,0.508167131153758,,,0.2205253588025742,0.1798129848697913,0.508167131153758,,0.1016334262307516,0.17444543308263333,0.20871150029529345,
80,,,,,,,,<10,,,Deep Neural Net,,,>10,yes,"[continuous, discrete, nominal]",,,Image Data,1000.0:100000,<1,,Offline,Multiclass Classification,Image Recognition,,,,,,,0.33333,0.33333,0.33333,,,,,,,,,,,,,,,,,4.734346551112623,,,2.840607930667574,,,0.5681215861335148,0.5462707558976104,0.6175234631886031,,,0.26798188025165787,0.21850830235904417,0.6175234631886031,,0.12350469263772061,0.2119856664677294,0.2536257080953191,
81,,,,,,,,10.0:200,,,Deep Neural Net,,,>10,yes,"[continuous, discrete, nominal]",,,Image Data,1000.0:100000,<1,,Offline,Multiclass Classification,Image Recognition,,,,,,,0.50000,0.50000,,,,,,,,,,,,,,,,,,7.632799778982065,,,1.5265599557964131,,,0.3053119911592826,0.293569222268541,0.331860859955742,,,0.14401509016947292,0.1174276889074164,0.331860859955742,,0.0663721719911484,0.11392238476092635,0.13629999605325116,
82,,,,,,1,,,,1.0:10,Support Vector Machine,,,1.0:3,no,[continuous],,,Image Data,,,,Offline,Multiclass Classification,Image Recognition,,,,,,,,,,,,,,0.33333,,0.33333,0.33333,,,,,,,0.12180893026651879,,,,8.283007258123277,0.41415036290616386,,,0.3313202903249311,0.09102205778157449,0.2588439768163524,,,0.15628315581364674,,,,0.07202615007063719,0.12362697400183996,0.1479108438950585,
83,,,,,,1,,,,10.0:40,Support Vector Machine,,,1.0:3,no,[continuous],,,Image Data,,,,Offline,Multiclass Classification,Image Recognition,,,,,,,,,,,,,,,,1.00000,,,,,,,,0.12180893026651879,,,,8.283007258123277,0.41415036290616386,,,0.3313202903249311,0.09102205778157449,0.2588439768163524,,,0.15628315581364674,,,,0.07202615007063719,0.12362697400183996,0.1479108438950585,
84,,,,,,1,,,,40.0:100,Support Vector Machine,,,1.0:3,no,[continuous],,,Image Data,,,,Offline,Multiclass Classification,Image Recognition,,,,,,,,,,,,,,0.50000,,0.50000,,,,,,,,0.12180893026651879,,,,8.283007258123277,0.41415036290616386,,,0.3313202903249311,0.09102205778157449,0.2588439768163524,,,0.15628315581364674,,,,0.07202615007063719,0.12362697400183996,0.1479108438950585,
85,,,,,,1,,,,100.0:400,Support Vector Machine,,,1.0:3,no,[continuous],,,Image Data,,,,Offline,Multiclass Classification,Image Recognition,,,,,,,,,,,,,,0.33333,,0.33333,0.33333,,,,,,,0.12180893026651879,,,,8.283007258123277,0.41415036290616386,,,0.3313202903249311,0.09102205778157449,0.2588439768163524,,,0.15628315581364674,,,,0.07202615007063719,0.12362697400183996,0.1479108438950585,
86,,,,,,1,,,,400.0:50000,Support Vector Machine,,,1.0:3,no,[continuous],,,Image Data,,,,Offline,Multiclass Classification,Image Recognition,,,,,,,,,,0.25000,,,,0.25000,,0.25000,0.25000,,,,,,,0.12180893026651879,,,,8.283007258123277,0.41415036290616386,,,0.3313202903249311,0.09102205778157449,0.2588439768163524,,,0.15628315581364674,,,,0.07202615007063719,0.12362697400183996,0.1479108438950585,
87,,,,,,1,,,,50000.0:500000,Support Vector Machine,,,1.0:3,no,[continuous],,,Image Data,,,,Offline,Multiclass Classification,Image Recognition,,,,,,,,,0.20000,0.20000,,,,0.20000,,0.20000,0.20000,,,,,,,0.12180893026651879,,,,8.283007258123277,0.41415036290616386,,,0.3313202903249311,0.09102205778157449,0.2588439768163524,,,0.15628315581364674,,,,0.07202615007063719,0.12362697400183996,0.1479108438950585,
88,,,,,,1,,,,>500000,Support Vector Machine,,,1.0:3,no,[continuous],,,Image Data,,,,Offline,Multiclass Classification,Image Recognition,,0.05882,0.05882,0.05882,0.05882,0.05882,0.05882,0.05882,0.05882,0.05882,0.05882,0.05882,0.05882,0.05882,0.05882,0.05882,0.05882,0.05882,,,,,,0.12180893026651879,,,,8.283007258123277,0.41415036290616386,,,0.3313202903249311,0.09102205778157449,0.2588439768163524,,,0.15628315581364674,,,,0.07202615007063719,0.12362697400183996,0.1479108438950585,
89,,,,,,1,,,,1.0:4000,Multilayer Perceptron,,,4.0:10,no,"[continuous, discrete]",,,Tabular Data,,,,Offline,Binary Classification,,,,,,,,,,,,,,,0.33333,,,0.33333,0.33333,,,,,,0.19842576097352707,,,,6.746475873099921,0.43525650794193027,,,0.19275645351714057,0.1482741950131851,0.32126075586190095,,,0.32126075586190095,,,,0.11733001518434645,0.5189596825461477,,
90,,,,,,1,,,,4000.0:100000,Multilayer Perceptron,,,4.0:10,no,"[continuous, discrete]",,,Tabular Data,,,,Offline,Binary Classification,,,,,,,,,,,,,,,,,,1.00000,,,,,,,0.19842576097352707,,,,6.746475873099921,0.43525650794193027,,,0.19275645351714057,0.1482741950131851,0.32126075586190095,,,0.32126075586190095,,,,0.11733001518434645,0.5189596825461477,,
91,,,,,,1,,,,1.0:10000,Multilayer Perceptron,,,4.0:10,no,"[continuous, discrete]",,,Tabular Data,,,,Offline,Binary Classification,,,,,,,,,,,,,,,0.33333,,,0.33333,0.33333,,,,,,0.11341152542027025,,,,7.711983728578377,0.2487736686638186,,,0.11017119612254823,0.08474707394042173,0.18361866020424705,,,0.18361866020424705,,,,0.0670607280745946,0.29661475879147603,,
92,,,,,,1,,,,10000.0:100000,Multilayer Perceptron,,,4.0:10,no,"[continuous, discrete]",,,Tabular Data,,,,Offline,Binary Classification,,,,,,,,,,,,,,,,,,1.00000,,,,,,,0.11341152542027025,,,,7.711983728578377,0.2487736686638186,,,0.11017119612254823,0.08474707394042173,0.18361866020424705,,,0.18361866020424705,,,,0.0670607280745946,0.29661475879147603,,
93,,,,,,1,,,,1.0:100,Multilayer Perceptron,,,4.0:10,no,"[continuous, discrete]",,,Tabular Data,1000.0:100000,1.0:4,,Offline,Multiclass Classification,Image Recognition,,,,,,,,,,,,,,0.33333,,,0.33333,0.33333,,,,,,0.4798298687584408,,,,5.438071845928997,1.0525300346959348,,,0.46612044393677116,0.3585541876436701,0.7768674065612852,,,0.7768674065612852,0.5019758627011381,0.7958153920871703,,0.2837254876136868,0.4869915085906564,0.5826505549209638,
94,,,,,,1,,,,100.0:2000,Multilayer Perceptron,,,4.0:10,no,"[continuous, discrete]",,,Tabular Data,1000.0:100000,1.0:4,,Offline,Multiclass Classification,Image Recognition,,,,,,,,,,,,,,,,,1.00000,,,,,,,0.14692282842729762,,,,9.990752333056239,0.3222823333243948,,,0.14272503332937486,0.1097884871764422,0.23787505554895808,,,0.23787505554895808,0.1537038820470191,0.24367688617210345,,0.08687610724396731,0.14911570646352595,0.17840629166171856,
95,,,,,,1,,,,2000.0:20000,Multilayer Perceptron,,,4.0:10,no,"[continuous, discrete]",,,Tabular Data,1000.0:100000,1.0:4,,Offline,Multiclass Classification,Image Recognition,,,,,,,,,0.50000,,,,,,,,0.50000,,,,,,,0.14692282842729762,,,,9.990752333056239,0.3222823333243948,,,0.14272503332937486,0.1097884871764422,0.23787505554895808,,,0.23787505554895808,0.1537038820470191,0.24367688617210345,,0.08687610724396731,0.14911570646352595,0.17840629166171856,
96,,,,,,1,,,,20000.0:40000,Multilayer Perceptron,,,4.0:10,no,"[continuous, discrete]",,,Tabular Data,1000.0:100000,1.0:4,,Offline,Multiclass Classification,Image Recognition,,,,,,,,0.33333,0.33333,,,,,,,,0.33333,,,,,,,0.14692282842729762,,,,9.990752333056239,0.3222823333243948,,,0.14272503332937486,0.1097884871764422,0.23787505554895808,,,0.23787505554895808,0.1537038820470191,0.24367688617210345,,0.08687610724396731,0.14911570646352595,0.17840629166171856,
97,,,,,,1,,,,1.0:4000,Multilayer Perceptron,,,4.0:10,no,"[continuous, discrete]",,,Image Data,1000.0:100000,>4,,Offline,Multiclass Classification,Image Recognition,,,,,,,,,,,,,,0.50000,,,0.50000,,,,,,,0.24360579033808988,,,,8.282596871495056,0.534361088483552,,,0.23664562489985874,0.18203509607681442,0.3944093748330979,,,0.3125508253394361,0.2548491345075402,0.8718523022626374,,0.14404516298252273,0.24724169765656884,0.2958070311248234,
98,,,,,,1,,,,4000.0:100000,Multilayer Perceptron,,,4.0:10,no,"[continuous, discrete]",,,Image Data,1000.0:100000,>4,,Offline,Multiclass Classification,Image Recognition,,,,,,,,0.33333,0.33333,,,,,,,,0.33333,,,,,,,0.24360579033808988,,,,8.282596871495056,0.534361088483552,,,0.23664562489985874,0.18203509607681442,0.3944093748330979,,,0.3125508253394361,0.2548491345075402,0.8718523022626374,,0.14404516298252273,0.24724169765656884,0.2958070311248234,
99,,,,,,1,,,,1.0:1000,Multilayer Perceptron,,,4.0:10,no,"[continuous, discrete]",,,Image Data,1000.0:100000,1.0:4,,Offline,Multiclass Classification,Image Recognition,,,,,,,,,,,,,,0.33333,,,0.33333,0.33333,,,,,,0.3332762252839724,,,,7.554261106436708,0.7310575264293588,,,0.32375404741871605,0.2490415749374739,0.5395900790311934,,,0.42759968527000236,0.34865820491246347,0.5527508126661007,,0.19706768103747935,0.33825049730313617,0.40469255927339504,
100,,,,,,1,,,,1000.0:10000,Multilayer Perceptron,,,4.0:10,no,"[continuous, discrete]",,,Image Data,1000.0:100000,1.0:4,,Offline,Multiclass Classification,Image Recognition,,,,,,,,,,,,,,,,,1.00000,,,,,,,0.25348809087415797,,,,8.61859508972137,0.5560383928852498,,,0.2462455739920392,0.18941967230156861,0.41040928998673193,,,0.3252300033857121,0.26518754122219607,0.42041927266933526,,0.14988861025602387,0.2572714952155633,0.307806967490049,
101,,,,,,1,,,,1.0:1000,Multilayer Perceptron,,,4.0:10,no,"[continuous, discrete]",,,Tabular Data,,,,Offline,Binary Classification,,,,,,,,,,,,,,,0.33000,,,0.33000,0.33000,,,,,,0.26452164634250386,,,,5.995823983763421,0.5802410306867826,,,0.25696388501843226,0.19766452693725564,0.42827314169738717,,,0.42827314169738717,,,,0.15641279957643706,0.6918258442803946,,
102,,,,,,1,,,,1000.0:100000,Multilayer Perceptron,,,4.0:10,no,"[continuous, discrete]",,,Tabular Data,,,,Offline,Binary Classification,,,,,,,,,,,,,,,,,,1.00000,,,,,,,0.11341152542027025,,,,7.711983728578377,0.2487736686638186,,,0.11017119612254823,0.08474707394042173,0.18361866020424705,,,0.18361866020424705,,,,0.0670607280745946,0.29661475879147603,,
103,,,,,,,,<100,,,Support Vector Machine,,,1.0:3,no,[continuous],,,,,,no,Offline,Multiclass Classification,,,,,,,,,,1.00000,,,,,,,,,,,,,,,,,2.7255752348814535,,,0.8176725704644361,,,0.6541380563715489,0.17970825724493103,0.5110453565402725,,,,,,2.7255752348814535,0.1422039252981628,0.2440813643177421,,
104,,,,,,,,<40,,,Support Vector Machine,,,1.0:3,no,[continuous],,,,,,yes,Offline,Multiclass Classification,,,,,,,,,,1.00000,,,,,,,,,,,,,,,,,6.518434172402258,,,0.32592170862011294,,,0.26073736689609034,0.07163114475167318,0.20370106788757056,,,,,,0.46560244088587555,0.05668203628175877,0.09729006227466057,,
105,,,,,,,,40.0:100,,,Support Vector Machine,,,1.0:3,no,[continuous],,,,,,yes,Offline,Multiclass Classification,,,,,,,,,,,,1.00000,,,,,,,,,,,,,,,6.518434172402258,,,0.32592170862011294,,,0.26073736689609034,0.07163114475167318,0.20370106788757056,,,,,,0.46560244088587555,0.05668203628175877,0.09729006227466057,,
106,,,,,,,,<50,,,Multilayer Perceptron,,,4.0:10,no,"[continuous, discrete]",,,,,,no,Offline,Multiclass Classification,,,,,,,,,,,,1.00000,,,,,,,,,,,,,,,3.8341352656549637,,,0.49472713105225335,,,0.2190934437517122,0.16853341827054788,0.365155739586187,,,,,,2.556090177103309,0.133361226631477,0.22890359794955006,,
107,,,,,,,,50.0:100,,,Multilayer Perceptron,,,4.0:10,no,"[continuous, discrete]",,,,,,no,Offline,Multiclass Classification,,,,,,,,,,1.00000,,,,,,,,,,,,,,,,,6.291138117947127,,,0.202939939288617,,,0.08987340168495896,0.0691333859115069,0.14978900280826493,,,,,,1.0485230196578545,0.05470554885171415,0.09389758384995713,,
108,,,,,,,,<100,,,Multilayer Perceptron,,,4.0:10,no,"[continuous, discrete]",,,,,,yes,Offline,Multiclass Classification,,,,,,,,,,,,1.00000,,,,,,,,,,,,,,,3.88660544498889,,,0.75224621515914,,,0.33313760957047633,0.2562596996695972,0.5552293492841271,,,,,,1.6656880478523814,0.2027794145211595,0.348054218954229,,
109,,,,,,,,<30,,,XGBoost,,,4.0:10,no,"[continuous, discrete]",,,,,,no,Offline,Regression,,,,,,,,,,,,1.00000,,,,,,,,,,,,,,,4.488767358318588,,,0.9975038574041306,,,0.12825049595195964,0.09865422765535359,0.2137508265865994,,,,,,1.496255786106196,0.07806551927510588,0.4987519287020653,,
110,,,,,,,,30.0:100,,,XGBoost,,,4.0:10,no,"[continuous, discrete]",,,,,,no,Offline,Regression,,,,,,,,,,1.00000,,,,,,,,,,,,,,,,,4.488767358318588,,,0.9975038574041306,,,0.12825049595195964,0.09865422765535359,0.2137508265865994,,,,,,1.496255786106196,0.07806551927510588,0.4987519287020653,,
111,,,,,,,,<30,,,XGBoost,,,4.0:10,no,"[continuous, discrete]",,,,,,yes,Offline,Regression,,,,,,,,,,,,1.00000,,,,,,,,,,,,,,,5.025913993556521,,,1.1168697763458932,,,0.14359754267304342,0.11045964821003341,0.2393292377884057,,,,,,0.7179877133652172,0.08740719988793949,0.5584348881729466,,
112,,,,,,,,30.0:100,,,XGBoost,,,4.0:10,no,"[continuous, discrete]",,,,,,yes,Offline,Regression,,,,,,,,,,1.00000,,,,,,,,,,,,,,,,,5.025913993556521,,,1.1168697763458932,,,0.14359754267304342,0.11045964821003341,0.2393292377884057,,,,,,0.7179877133652172,0.08740719988793949,0.5584348881729466,,
113,,,,,,17,,<200,1800,1.0:360000,Convolutional Neural Net,,,>10,no,"[continuous, discrete]",,,Image Data,1000.0:100000,>4,,Offline,Multiclass Classification,Image Recognition,,,,,,,,1.00000,,,,,,,,,,,,,,,,2.9365909746756755,,0.7341477436689189,2.9365909746756755,5.873181949351351,0.32628788607507503,,,0.23492727797405408,0.06454046098188299,0.13983766546074644,,,0.11081475376134625,0.09035664537463617,0.30911483943954476,,0.05107114738566392,0.08765943207987091,0.10487824909555984,
114,,,,,,17,,200.0:1000,1800,360000.0:1800000,Convolutional Neural Net,,,>10,no,"[continuous, discrete]",,,Image Data,1000.0:100000,>4,,Offline,Multiclass Classification,Image Recognition,,,,1.00000,,,,,,,,,,,,,,,,,,,,2.148085070732206,,4.296170141464412,2.148085070732206,4.296170141464412,0.23867611897024507,,,0.1718468056585765,0.04721066089521332,0.10228976527296219,,,0.08105981398989456,0.06609492525329864,0.22611421797181114,,0.03735800123012532,0.0641219424099166,0.07671732395472164,
115,,,,,,,,<200,,,Synthetic Function,,,1.0:3,no,[continuous],,,,,,,Offline,,Synthetic Function,,,,,,,,,0.33333,,0.33333,0.33333,,,,,,,,,,,,,,0.7196110338066397,,,2.878444135226559,,,0.23027553081812474,0.06326250846651778,0.17990275845165993,,,,,,,0.05005989800394016,,2.878444135226559,
116,,,,,,,,<200,,,Synthetic Function,,,4.0:10,no,[continuous],,,,,,,Offline,,Synthetic Function,,,,,,,,,0.33333,,0.33333,0.33333,,,,,,,,,,,,,,0.7351579729088944,,,2.9406318916355776,,,0.08401805404673078,0.06462927234363908,0.1837894932272236,,,,,,,0.05114142420235787,,2.9406318916355776,
117,,,,,,,,<100,,,Logistic Regression,,,4.0:10,no,[continuous],,,Image Data,1000.0:100000,>4,,Offline,Multiclass Classification,Image Recognition,,,,,,,,,0.50000,,,0.50000,,,,,,,,,,,,,,3.7081173235022815,,,3.17838627728767,,,0.317838627728767,0.24449125209905156,0.6952719981566777,,,0.419786866811579,0.34228775293867214,1.170984417948089,,0.19346699079142338,0.3320702080748312,0.39729828466095873,
118,,,,,,,,<50,,,Latent Dirichlet Allocation (HPOlib),,,1.0:3,no,[discrete],,,Text Data,,,,Offline,Text,,,,,,,,,,0.50000,,,0.50000,,,,,,,,,,,,,,1.5270851497718128,,,1.5270851497718128,,,0.24433362396349007,0.06712462196799178,1.5270851497718128,,,1.5270851497718128,,,,0.05311600520945436,1.5270851497718128,,
119,,,,,,,,<100,,,Support Vector Machine,,,1.0:3,no,[discrete],,,Tabular Data,,,,Offline,Multiclass Classification,,,,,,,,0.25000,,0.25000,,0.25000,0.25000,,,,,,,,,,,,,,2.359521910393155,,,0.7078565731179466,,,0.5662852584943572,0.1555728732127355,3.5392828655897324,,,0.33707455862759356,,,,0.12310549097703417,0.21130046958744672,,
120,,,,,,,,<50,,,Support Vector Machine,,,1.0:3,no,[discrete],,,Tabular Data,<1000,1.0:4,,Offline,Multiclass Classification,,,,,,,,,,,0.50000,0.50000,,,,,,,,,,,,,,,2.978046541301142,,,0.5956093082602285,,,0.4764874466081828,0.1309031446725777,2.978046541301142,,,0.2836234801239183,1.985364360867428,0.2905411259805992,,0.103584227523518,0.1777938233612622,,
121,,,,,,,,>50,,,Support Vector Machine,,,1.0:3,no,[discrete],,,Tabular Data,<1000,1.0:4,,Offline,Multiclass Classification,,,0.05882,0.05882,0.05882,0.05882,0.05882,0.05882,0.05882,0.05882,0.05882,0.05882,0.05882,0.05882,0.05882,0.05882,0.05882,0.05882,0.05882,,,,,,,,3.612156393279981,,,0.5418234589919972,,,0.43345876719359777,0.11908207889934005,2.709117294959986,,,0.25801117094857007,1.8060781966399906,0.2643041263375596,,0.0942301667812169,0.16173834596776035,,
122,,,,,,,,<50,,,Random Forest,,,4.0:10,no,"[discrete, nominal]",,,Tabular Data,<1000,1.0:4,,Offline,Binary Classification,,,,,,,,,,,0.50000,0.50000,,,,,,,,,,,,,,,3.140222701755507,,,0.7388759298248252,,,0.17944129724317182,0.1380317671101322,2.512178161404406,,,0.29906882873861973,2.0934818011703378,0.3063631904151714,,0.10922513745236546,0.4831111848854627,,
123,,,,,,,,>50,,,Random Forest,,,4.0:10,no,"[discrete, nominal]",,,Tabular Data,<1000,1.0:4,,Offline,Binary Classification,,,0.05882,0.05882,0.05882,0.05882,0.05882,0.05882,0.05882,0.05882,0.05882,0.05882,0.05882,0.05882,0.05882,0.05882,0.05882,0.05882,0.05882,,,,,,,,3.790225225721447,,,0.6688632751273142,,,0.1624382239594906,0.12495247996883893,2.2741351354328683,,,0.27073037326581767,1.8951126128607234,0.2773335531015693,,0.09887544067099427,0.43733367989093624,,
124,,,,,,8,,,,1.0:100000,Convolutional Neural Net,,yes,4.0:10,no,"[continuous, discrete, nominal]",,,Image Data,1000.0:100000,>4,,Offline,Multiclass Classification,Image Recognition,,,,,,,,,,,0.50000,0.50000,,,,,,,,,,,,0.9386763510703748,,,,9.386763510703748,0.5214868617057637,,0.3027988229259273,0.1340966215814821,0.10315124737037087,0.40812015263929335,,,0.17710874548497638,0.14441174631851922,0.4940401847738814,,0.08162403052785867,0.14010094792095146,0.16762077697685263,
125,,,,,,8,,,,100000.0:250000,Convolutional Neural Net,,yes,4.0:10,no,"[continuous, discrete, nominal]",,,Image Data,1000.0:100000,>4,,Offline,Multiclass Classification,Image Recognition,,,,,,,,,,,1.00000,,,,,,,,,,,,,0.9386763510703748,,,,9.386763510703748,0.5214868617057637,,0.3027988229259273,0.1340966215814821,0.10315124737037087,0.40812015263929335,,,0.17710874548497638,0.14441174631851922,0.4940401847738814,,0.08162403052785867,0.14010094792095146,0.16762077697685263,
126,,,,,,8,,,,>250000,Convolutional Neural Net,,yes,4.0:10,no,"[continuous, discrete, nominal]",,,Image Data,1000.0:100000,>4,,Offline,Multiclass Classification,Image Recognition,,0.05882,0.05882,0.05882,0.05882,0.05882,0.05882,0.05882,0.05882,0.05882,0.05882,0.05882,0.05882,0.05882,0.05882,0.05882,0.05882,0.05882,,,,,,0.9386763510703748,,,,9.386763510703748,0.5214868617057637,,0.3027988229259273,0.1340966215814821,0.10315124737037087,0.40812015263929335,,,0.17710874548497638,0.14441174631851922,0.4940401847738814,,0.08162403052785867,0.14010094792095146,0.16762077697685263,
127,,,,,,1,,,,1.0:150000,Convolutional Neural Net,,yes,4.0:10,no,"[continuous, discrete]",,,Image Data,1000.0:100000,>4,,Offline,Multiclass Classification,Image Recognition,,,,,,,,,,,,,0.25000,0.25000,0.25000,,0.25000,,,,,,,0.2451087113323948,,,,8.333696185301424,0.9259662428112694,,0.5376578184065435,0.23810560529432642,0.18315815791871265,0.39684267549054403,,,0.31447910133212925,0.2564214210861977,0.8772311774001498,,0.14493384670089435,0.2487670503075052,0.297632006617908,
128,,,,,,1,,,,>150000,Convolutional Neural Net,,yes,4.0:10,no,"[continuous, discrete]",,,Image Data,1000.0:100000,>4,,Offline,Multiclass Classification,Image Recognition,,,,,,,,,,,,,0.25000,0.25000,0.25000,,0.25000,,,,,,,0.2451087113323948,,,,8.333696185301424,0.9259662428112694,,0.5376578184065435,0.23810560529432642,0.18315815791871265,0.39684267549054403,,,0.31447910133212925,0.2564214210861977,0.8772311774001498,,0.14493384670089435,0.2487670503075052,0.297632006617908,
129,,,,,,1,,,,1.0:30000,Convolutional Neural Net,,yes,4.0:10,no,"[continuous, discrete]",,,Image Data,1000.0:100000,>4,,Offline,Multiclass Classification,Image Recognition,,,,,0.25000,,,,,,,,0.25000,0.25000,0.25000,,,,,,,,,0.14936058054096227,,,,10.156519476785434,0.5642510820436352,,0.3276296605414656,0.14509313538264906,0.1116101041404993,0.24182189230441511,,,0.19163244295821574,0.156254145796699,0.5345536566729175,,0.08831756066769943,0.15158984293709604,0.18136641922831132,
130,,,,,,1,,,,30000.0:90000,Convolutional Neural Net,,yes,4.0:10,no,"[continuous, discrete]",,,Image Data,1000.0:100000,>4,,Offline,Multiclass Classification,Image Recognition,,,,,0.20000,,,,,,,,0.20000,0.20000,0.20000,,0.20000,,,,,,,0.14936058054096227,,,,10.156519476785434,0.5642510820436352,,0.3276296605414656,0.14509313538264906,0.1116101041404993,0.24182189230441511,,,0.19163244295821574,0.156254145796699,0.5345536566729175,,0.08831756066769943,0.15158984293709604,0.18136641922831132,
131,,,,,,1,,,,>90000,Convolutional Neural Net,,yes,4.0:10,no,"[continuous, discrete]",,,Image Data,1000.0:100000,>4,,Offline,Multiclass Classification,Image Recognition,,,,,0.25000,,,,,,,,0.25000,,0.25000,,0.25000,,,,,,,0.2451087113323948,,,,8.333696185301424,0.9259662428112694,,0.5376578184065435,0.23810560529432642,0.18315815791871265,0.39684267549054403,,,0.31447910133212925,0.2564214210861977,0.8772311774001498,,0.14493384670089435,0.2487670503075052,0.297632006617908,
132,,,,,,25,,,,1.0:60000,Convolutional Neural Net,,yes,4.0:10,no,"[continuous, discrete]",,,Image Data,1000.0:100000,>4,,Offline,Multiclass Classification,Image Recognition,,,,,1.00000,,,,,,,,,,,,,,,,,,,1.7744289224211716,,,,8.872144612105858,0.49289692289476983,,0.2861982132937373,0.1267449230300837,0.09749609463852592,0.21124153838347282,,,0.16739895494539353,0.13649453249393628,0.46695497958451876,,0.07714908358352919,0.13242006883740087,0.15843115378760458,
133,,,,,,25,,,,60000.0:90000,Convolutional Neural Net,,yes,4.0:10,no,"[continuous, discrete]",,,Image Data,1000.0:100000,>4,,Offline,Multiclass Classification,Image Recognition,,,,,,,,,,,,,,,1.00000,,,,,,,,,1.7744289224211716,,,,8.872144612105858,0.49289692289476983,,0.2861982132937373,0.1267449230300837,0.09749609463852592,0.21124153838347282,,,0.16739895494539353,0.13649453249393628,0.46695497958451876,,0.07714908358352919,0.13242006883740087,0.15843115378760458,
134,,,,,,25,,,,>90000,Convolutional Neural Net,,yes,4.0:10,no,"[continuous, discrete]",,,Image Data,1000.0:100000,>4,,Offline,Multiclass Classification,Image Recognition,,,,,,,,,,,,,0.33333,,0.33333,,0.33333,,,,,,,2.6935743523125772,,,,6.733935880781442,0.7482150978646047,,0.43444747617944784,0.19239816802232693,0.14799859078640534,0.3206636133705449,,,0.2541107879540167,0.20719802710096746,0.7088353558717307,,0.11711192836141639,0.20101301136661023,0.24049771002790865,
135,,,,,,25,,,,1.0:150000,Convolutional Neural Net,,yes,4.0:10,no,"[continuous, discrete]",,,Image Data,1000.0:100000,>4,,Offline,Multiclass Classification,Image Recognition,,,,,0.50000,,,,,,,,,,0.50000,,,,,,,,,2.6935743523125772,,,,6.733935880781442,0.7482150978646047,,0.43444747617944784,0.19239816802232693,0.14799859078640534,0.3206636133705449,,,0.2541107879540167,0.20719802710096746,0.7088353558717307,,0.11711192836141639,0.20101301136661023,0.24049771002790865,
136,,,,,,25,,,,>150000,Convolutional Neural Net,,yes,4.0:10,no,"[continuous, discrete]",,,Image Data,1000.0:100000,>4,,Offline,Multiclass Classification,Image Recognition,,,,,0.50000,,,,,,,,,,0.50000,,,,,,,,,2.6935743523125772,,,,6.733935880781442,0.7482150978646047,,0.43444747617944784,0.19239816802232693,0.14799859078640534,0.3206636133705449,,,0.2541107879540167,0.20719802710096746,0.7088353558717307,,0.11711192836141639,0.20101301136661023,0.24049771002790865,
137,,,,,,,,,,,,yes,,,,,,,,,,,,,,,,,,,,,,,,,,,,,,1.00000,,,,,,,,,,,,,1.0,,,,,,,,,,,,,,
138,,,,,,,,,,1.0:86400,,no,,,no,[continuous],,,,,,,,,,,,,,,,,,1.00000,,,,,,,,,,,,,,,,,,,1.5557633230933618,,1.4585281154000267,,,0.2564445038065981,0.7292640577000133,,,,,,,,,,
139,,,,,,,,,,,,no,,>10,yes,,,,,,,,,,,,,,,,,0.50000,0.50000,,,,,,,,,,,,,,,,,,,,,,1.330150068212824,,0.8512960436562073,0.8185538881309686,,,,,,,,,,,
140,,,,,,,,,,>86400,,yes,,,,[continuous],,,,,,,,,,,,,1.00000,,,,,,,,,,,,,,,,,,,,,,,,2.5912596401028276,,0.24678663239074547,,,,0.16195372750642673,,,,,,,,,,
141,,,,,,,,,,.0,,,,,,,,,,,,,,,,1.00000,,,,,,,,,,,,,,,,,,,,,,,,,,,1.0,,,,,,,,,,,,,,,,
142,,,,,,,,,,.0,,,,,,,,,,,,,,,,1.00000,,,,,,,,,,,,,,,,,,,,,,,,,,,1.0,,,,,,,,,,,,,,,,
143,,,,,,,,,,.0,,,,,,,,,,,,,,,,1.00000,,,,,,,,,,,,,,,,,,,,,,,,,,,1.0,,,,,,,,,,,,,,,,
144,,,,,,,,,,.0,,,,,,,,,,,,,,,,1.00000,,,,,,,,,,,,,,,,,,,,,,,,,,,1.0,,,,,,,,,,,,,,,,
145,,,,,,,,,,.0,,,,,,,,,,,,,,,,1.00000,,,,,,,,,,,,,,,,,,,,,,,,,,,1.0,,,,,,,,,,,,,,,,
146,,,,,,,,,,.0,,,,,,,,,,,,,,,,1.00000,,,,,,,,,,,,,,,,,,,,,,,,,,,1.0,,,,,,,,,,,,,,,,
147,,,,,,,,,,.0,,,,,,,,,,,,,,,,1.00000,,,,,,,,,,,,,,,,,,,,,,,,,,,1.0,,,,,,,,,,,,,,,,
148,,,,,,,,,,1.0:7200,,,,,,,,,,,,,,,,0.20000,,,,,,,,,,,,0.20000,0.20000,0.20000,,0.20000,,,,,,,,,,,1.0,,,,,,,,,,,,,,,,
149,,,,,,,,,,1.0:7200,,,,,,,,,,,,,,,,0.20000,,,,,,,,,,,,0.20000,0.20000,0.20000,,,,,,,,,,,,,1.0,,,,,,,,,,,,,,,,
150,,,,,,,,,,1.0:7200,,,,,,,,,,,,,,,,0.20000,,,,,,,,,,,,0.20000,0.20000,0.20000,,,,,,,,,,,,,1.0,,,,,,,,,,,,,,,,
151,,,,,,,,,,1.0:7200,,,,,,,,,,,,,,,,0.20000,,,,,,,,,,,,0.20000,0.20000,0.20000,,,,,,,,,,,,,1.0,,,,,,,,,,,,,,,,
152,,,,,,,,,,1.0:7200,,,,,,,,,,,,,,,,0.20000,,,,,,,,,,,,0.20000,0.20000,0.20000,,,,,,,,,,,,,1.0,,,,,,,,,,,,,,,,
153,,,,,,,,,,1.0:7200,,,,,,,,,,,,,,,,0.20000,,,,,,,,,,,,0.20000,0.20000,0.20000,,,,,,,,,,,,,1.0,,,,,,,,,,,,,,,,
154,,,,,,,,,,1.0:7200,,,,,,,,,,,,,,,,0.16667,,,,,,,,,,,,0.16667,0.16667,0.16667,0.16667,0.16667,,,,,,,,,,,1.0,,,,,,,,,,,,,,,,
155,,,,,,,,,,7200.0:172800,,,,,,,,,,,,,,,,0.08,,,,,0.08,0.08,0.08,,0.08,0.08,0.08,0.08,0.08,0.08,0.08,0.08,0.08,,,,,,,,,,1.0,,,,,,,,,,,,,,,,
156,,,,,,,,,,7200.0:172800,,,,,,,,,,,,,,,,0.07143,0.07143,,,,0.07143,0.07143,0.07143,,0.07143,0.07143,0.07143,0.07143,0.07143,0.07143,0.07143,0.07143,0.07143,,,,,,,,,,1.0,,,,,,,,,,,,,,,,
157,,,,,,,,,,7200.0:172800,,,,,,,,,,,,,,,,0.07143,0.07143,,,,0.07143,0.07143,0.07143,,0.07143,0.07143,0.07143,0.07143,0.07143,0.07143,0.07143,0.07143,0.07143,,,,,,,,,,1.0,,,,,,,,,,,,,,,,
158,,,,,,,,,,7200.0:172800,,,,,,,,,,,,,,,,0.07143,0.07143,,,,0.07143,0.07143,0.07143,,0.07143,0.07143,0.07143,0.07143,0.07143,0.07143,0.07143,0.07143,0.07143,,,,,,,,,,1.0,,,,,,,,,,,,,,,,
159,,,,,,,,,,7200.0:172800,,,,,,,,,,,,,,,,0.07143,0.07143,,,,0.07143,0.07143,0.07143,,0.07143,0.07143,0.07143,0.07143,0.07143,0.07143,0.07143,0.07143,0.07143,,,,,,,,,,1.0,,,,,,,,,,,,,,,,
160,,,,,,,,,,7200.0:172800,,,,,,,,,,,,,,,,0.07143,0.07143,,,,0.07143,0.07143,0.07143,,0.07143,0.07143,0.07143,0.07143,0.07143,0.07143,0.07143,0.07143,0.07143,,,,,,,,,,1.0,,,,,,,,,,,,,,,,
161,,,,,,,,,,7200.0:172800,,,,,,,,,,,,,,,,0.07143,0.07143,,,,0.07143,0.07143,0.07143,,0.07143,0.07143,0.07143,0.07143,0.07143,0.07143,0.07143,0.07143,0.07143,,,,,,,,,,1.0,,,,,,,,,,,,,,,,
162,,,,,,,,,,1.0:172800,,yes,,,,,,,,>100000,,,,,,,,,,,,,,,,,,0.16667,0.16667,0.16667,0.16667,0.16667,0.16667,,,,,,,,,,0.8548168249660787,,0.6919945725915875,,,,,,,,1.4531886024423342,,,,,,
163,,,,,,,,,,1.0:172800,,yes,,,,,,,,,,,,,,,,,,,,,,,,,,0.16667,0.16667,0.16667,0.16667,0.16667,0.16667,,,,,,,,,,1.105263157894737,,0.8947368421052632,,,,,,,,,,,,,,
164,,,,,,,,,,1.0:172801,,yes,,,,,,,,,,,,,,,,,,,,,,,,,,0.16667,0.16667,0.16667,0.16667,0.16667,0.16667,,,,,,,,,,1.909090909090909,,0.0909090909090909,,,,,,,,,,,,,,
165,,,,,,,,,,1.0:172802,,yes,,,,,,,,,,,,,,,,,,,,,,,,,,0.16667,0.16667,0.16667,0.16667,0.16667,0.16667,,,,,,,,,,1.909090909090909,,0.0909090909090909,,,,,,,,,,,,,,
166,,,,,,,,,,1.0:172803,,yes,,,,,,,,,,,,,,,,,,,,,,,,,,0.16667,0.16667,0.16667,0.16667,0.16667,0.16667,,,,,,,,,,1.909090909090909,,0.0909090909090909,,,,,,,,,,,,,,
167,,,,,,,,,,1.0:172804,,yes,,,,,,,,,,,,,,,,,,,,,,,,,,0.16667,0.16667,0.16667,0.16667,0.16667,0.16667,,,,,,,,,,1.909090909090909,,0.0909090909090909,,,,,,,,,,,,,,
168,,,,,,,,,,1.0:172805,,yes,,,,,,,,,,,,,,,,,,,,,,,,,,0.16667,0.16667,0.16667,0.16667,0.16667,0.16667,,,,,,,,,,1.909090909090909,,0.0909090909090909,,,,,,,,,,,,,,
169,,,yes,,,,,,,,,,,,,,,,,,,,,,,0.33333,0.33333,0.33333,,,,,,,,,,,,,,,,,,1.0,,,,,,,,,,,,,,,,,,,,,,,
170,,,yes,,,,,,,,,,,,,,,,,,,,,,,0.33333,0.33333,0.33333,,,,,,,,,,,,,,,,,,1.0,,,,,,,,,,,,,,,,,,,,,,,
171,,,yes,,,,,,,,,,,,,,,,,,,,,,,0.33333,0.33333,0.33333,,,,,,,,,,,,,,,,,,1.0,,,,,,,,,,,,,,,,,,,,,,,
172,,,yes,,,,,,,,,,,,,,,,,,,,,,,0.33333,0.33333,0.33333,,,,,,,,,,,,,,,,,,1.0,,,,,,,,,,,,,,,,,,,,,,,
173,,,yes,,,,,,,,,,,,,,,,,,,,,,,0.33333,0.33333,0.33333,,,,,,,,,,,,,,,,,,1.0,,,,,,,,,,,,,,,,,,,,,,,
174,,,yes,,,,,,,,,,,,,,,,,,,,,,,,0.50000,0.50000,,,,,,,,,,,,,,,,,,1.0,,,,,,,,,,,,,,,,,,,,,,,
175,,,yes,,,,,,,,,,,,,,,,,,,,,,,0.25000,0.25000,0.25000,,0.25000,,,,,,,,,,,,,,,,1.0,,,,,,,,,,,,,,,,,,,,,,,
176,,,,yes,,,,,,,,,,,,,,,,,,,,,,0.11111,0.11111,0.11111,0.11111,,,0.11111,0.11111,0.11111,,,,,0.11111,,,0.11111,,,,,1.0,,,,,,,,,,,,,,,,,,,,,,
177,,,,yes,,,,,,,,,,,,,,,,,,,,,,0.11111,0.11111,0.11111,0.11111,,,0.11111,0.11111,0.11111,,,,,0.11111,,,0.11111,,,,,1.0,,,,,,,,,,,,,,,,,,,,,,
178,,,,yes,,,,,,,,,,,,,,,,,,,,,,0.11111,0.11111,0.11111,0.11111,,,0.11111,0.11111,0.11111,,,,,0.11111,,,0.11111,,,,,1.0,,,,,,,,,,,,,,,,,,,,,,
179,,,,yes,,,,,,,,,,,,,,,,,,,,,,0.11111,0.11111,0.11111,0.11111,,,0.11111,0.11111,0.11111,,,,,0.11111,,,0.11111,,,,,1.0,,,,,,,,,,,,,,,,,,,,,,
180,,,,yes,,,,,,,,,,,,,,,,,,,,,,0.11111,0.11111,0.11111,0.11111,,,0.11111,0.11111,0.11111,,,,,0.11111,,,0.11111,,,,,1.0,,,,,,,,,,,,,,,,,,,,,,
181,,,,yes,,,,,,,,,,,,,,,,,,,,,,0.11111,0.11111,0.11111,0.11111,,,0.11111,0.11111,0.11111,,,,,0.11111,,,0.11111,,,,,1.0,,,,,,,,,,,,,,,,,,,,,,
182,,,,yes,,,,,,,,,,,,,,,,,,,,,,0.11111,0.11111,0.11111,0.11111,,,0.11111,0.11111,0.11111,,,,,0.11111,,,0.11111,,,,,1.0,,,,,,,,,,,,,,,,,,,,,,
183,,,,,,1,,,,1.0:172800,,,,,,,,,,,,,,,,0.20000,,,,0.20000,,0.20000,,,,,,,0.20000,,,0.20000,,,,,,,0.39999999999999997,,,,1.5999999999999999,,,,,,,,,,,,,,,,
184,,,,,,1,,,,1.0:172800,,,,,,,,,,,,,,,,0.25000,,,,,,0.25000,,,,,,,0.25000,,,0.25000,,,,,,,0.39999999999999997,,,,1.5999999999999999,,,,,,,,,,,,,,,,
185,,,,,,1,,,,1.0:172800,,,,,,,,,,,,,,,,0.25000,,,,,,0.25000,,,,,,,0.25000,,,0.25000,,,,,,,0.39999999999999997,,,,1.5999999999999999,,,,,,,,,,,,,,,,
186,,,,,,1,,,,1.0:172800,,,,,,,,,,,,,,,,0.25000,,,,,,0.25000,,,,,,,0.25000,,,0.25000,,,,,,,0.39999999999999997,,,,1.5999999999999999,,,,,,,,,,,,,,,,
187,,,,,,1,,,,1.0:172800,,,,,,,,,,,,,,,,0.25000,,,,,,0.25000,,,,,,,0.25000,,,0.25000,,,,,,,0.39999999999999997,,,,1.5999999999999999,,,,,,,,,,,,,,,,
188,,,,,,1,,,,1.0:172800,,,,,,,,,,,,,,,,0.25000,,,,,,0.25000,,,,,,,0.25000,,,0.25000,,,,,,,0.39999999999999997,,,,1.5999999999999999,,,,,,,,,,,,,,,,
189,,,,,,1,,,,1.0:172800,,,,,,,,,,,,,,,,0.25000,,,,,,0.25000,,,,,,,0.25000,,,0.25000,,,,,,,0.39999999999999997,,,,1.5999999999999999,,,,,,,,,,,,,,,,
190,,,,,,1,,,,1.0:172800,,,,,,,,,,,,,,,,,,,,0.25000,,0.25000,,,,,,,0.25000,,,0.25000,,,,,,,0.39999999999999997,,,,1.5999999999999999,,,,,,,,,,,,,,,,
191,,,,,,>1,,,,,,,,,,,,,,,,,,,,,0.14286,0.14286,0.14286,0.14286,,,,,,,,0.14286,0.14286,0.14286,,,,,,,,,1.0,,,,,,,,,,,,,,,,,,,,
192,,,,,,>1,,,,,,,,,,,,,,,,,,,,,0.14286,0.14286,0.14286,0.14286,,,,,,,,0.14286,0.14286,0.14286,,,,,,,,,1.0,,,,,,,,,,,,,,,,,,,,
193,,,,,,>1,,,,,,,,,,,,,,,,,,,,,0.14286,0.14286,0.14286,0.14286,,,,,,,,0.14286,0.14286,0.14286,,,,,,,,,1.0,,,,,,,,,,,,,,,,,,,,
194,,,,,,>1,,,,,,,,,,,,,,,,,,,,,0.14286,0.14286,0.14286,0.14286,,,,,,,,0.14286,0.14286,0.14286,,,,,,,,,1.0,,,,,,,,,,,,,,,,,,,,
195,,,,,,>1,,,,,,,,,,,,,,,,,,,,,0.14286,0.14286,0.14286,0.14286,,,,,,,,0.14286,0.14286,0.14286,,,,,,,,,1.0,,,,,,,,,,,,,,,,,,,,
196,,,,,,>1,,,,,,,,,,,,,,,,,,,,,0.14286,0.14286,0.14286,0.14286,,,,,,,,0.14286,0.14286,0.14286,,,,,,,,,1.0,,,,,,,,,,,,,,,,,,,,
197,,,,,,>1,,,,,,,,,,,,,,,,,,,,,0.14286,0.14286,0.14286,0.14286,,,,,,,,0.14286,0.14286,0.14286,,,,,,,,,1.0,,,,,,,,,,,,,,,,,,,,
198,,,,,,>1,,,,>7200,,,,,,,,,,,,,,,,,,,0.33333,0.33333,,,,,,,,,0.33333,,,,,,,,,,0.4375,,,,1.5625,,,,,,,,,,,,,,,,
199,,,,,,>1,,,,>7200,,,,,,,,,,,,,,,,,,,0.50000,0.50000,,,,,,,,,,,,,,,,,,,0.4375,,,,1.5625,,,,,,,,,,,,,,,,
200,,,,,,>1,,,,>7200,,,,,,,,,,,,,,,,,,,0.50000,0.50000,,,,,,,,,,,,,,,,,,,0.4375,,,,1.5625,,,,,,,,,,,,,,,,
201,,,,,,>1,,,,>7200,,,,,,,,,,,,,,,,,,,0.50000,0.50000,,,,,,,,,,,,,,,,,,,0.4375,,,,1.5625,,,,,,,,,,,,,,,,
202,,,,,,>1,,,,>7200,,,,,,,,,,,,,,,,,,,0.50000,0.50000,,,,,,,,,,,,,,,,,,,0.4375,,,,1.5625,,,,,,,,,,,,,,,,
203,,,,,,>1,,,,>7200,,,,,,,,,,,,,,,,,,,0.50000,0.50000,,,,,,,,,,,,,,,,,,,0.4375,,,,1.5625,,,,,,,,,,,,,,,,
204,,,,,,>1,,,,>7200,,,,,,,,,,,,,,,,,,,0.50000,0.50000,,,,,,,,,,,,,,,,,,,0.4375,,,,1.5625,,,,,,,,,,,,,,,,
205,,,,,,>1,,,,1.0:172800,,,,,,,,,,,,,,,,0.20000,0.20000,,,,,,,,,,,0.20000,0.20000,,,0.20000,,,,,,,0.8095238095238096,,,,1.1904761904761905,,,,,,,,,,,,,,,,
206,,,,,,>1,,,,1.0:172800,,,,,,,,,,,,,,,,,,,,,,,,,,,,0.33333,0.33333,,,0.33333,,,,,,,0.8095238095238096,,,,1.1904761904761905,,,,,,,,,,,,,,,,
207,,,,,,>1,,,,1.0:172800,,,,,,,,,,,,,,,,,,,,,,,,,,,,0.33333,0.33333,,,0.33333,,,,,,,0.8095238095238096,,,,1.1904761904761905,,,,,,,,,,,,,,,,
208,,,,,,>1,,,,1.0:172800,,,,,,,,,,,,,,,,,,,,,,,,,,,,0.33333,0.33333,,,0.33333,,,,,,,0.8095238095238096,,,,1.1904761904761905,,,,,,,,,,,,,,,,
209,,,,,,>1,,,,1.0:172800,,,,,,,,,,,,,,,,,,,,,,,,,,,,0.33333,0.33333,,,0.33333,,,,,,,0.8095238095238096,,,,1.1904761904761905,,,,,,,,,,,,,,,,
210,,,,,,>1,,,,1.0:172800,,,,,,,,,,,,,,,,,,,,,,,,,,,,0.33333,0.33333,,,0.33333,,,,,,,0.8095238095238096,,,,1.1904761904761905,,,,,,,,,,,,,,,,
211,,,,,,>1,,,,1.0:172800,,,,,,,,,,,,,,,,,0.25000,,,,,,,,,,,0.25000,0.25000,,,0.25000,,,,,,,0.8095238095238096,,,,1.1904761904761905,,,,,,,,,,,,,,,,
212,,,,,,,,,,,,,,1.0:3,,,,,,,,,,,,,0.50000,0.50000,,,,,,,,,,,,,,,,,,,,,,,,,,,,,1.0,,,,,,,,,,,,
213,,,,,,,,,,,,,,1.0:3,,,,,,,,,,,,,0.33333,0.33333,,,,,,0.33333,,,,,,,,,,,,,,,,,,,,,,,1.0,,,,,,,,,,,,
214,,,,,,,,,,,,,,1.0:3,,,,,,,,,,,,,0.11111,0.11111,0.11111,,,0.11111,0.11111,0.11111,,,,0.11111,0.11111,,,0.11111,,,,,,,,,,,,,,,1.0,,,,,,,,,,,,
215,,,,,,,,,,,,,,4.0:10,,,,,,,,,,,,,0.16667,,,,,0.16667,0.16667,,,,,0.16667,0.16667,,,0.16667,,,,,,,,,,,,,,,1.0,,,,,,,,,,,,
216,,,,,,,,,,,,,,4.0:10,,,,,,,,,,,,,0.14286,0.14286,0.14286,0.14286,,0.14286,0.14286,0.14286,,,,,,,,,,,,,,,,,,,,,,,1.0,,,,,,,,,,,,
217,,,,,,,,,,,,,,4.0:10,,,,,,,,,,,,,0.50000,,,,,,,,,,,,0.50000,,,,,,,,,,,,,,,,,,1.0,,,,,,,,,,,,
218,,,,,,,,,,,,,,> 10,,,,,,,,,,,,,0.50000,,,,,,,,,,,,0.50000,,,,,,,,,,,,,,,,,,1.0,,,,,,,,,,,,
219,,,,,,,,,,,,,,> 10,,,,,,,,,,,,,,,,,,0.50000,0.50000,,,,,,,,,,,,,,,,,,,,,,,,1.0,,,,,,,,,,,,
220,,,,,,,,,,,,,,> 10,,,,,,,,,,,,,,,,0.33333,,0.33333,0.33333,,,,,,,,,,,,,,,,,,,,,,,,1.0,,,,,,,,,,,,
221,,,,,,,,,,,,,,> 10,,,,,,,,,,,,,,,0.16667,,,0.16667,0.16667,,,,,0.16667,0.16667,,,0.16667,,,,,,,,,,,,,,,1.0,,,,,,,,,,,,
222,,,,,,,,,,,,,,,,"[continuous, discrete, ordinal, nominal]",,,,,,,,,,,0.20000,,0.20000,,,0.20000,,,,,,,0.20000,,,0.20000,,,,,,,,,,,,,,,,,1.0,,,,,,,,,,
223,,,,,,,,,,,,,,,,"[continuous, discrete, ordinal, nominal]",,,,,,,,,,,,,,,,,,,,,,,,,,1.00000,,,,,,,,,,,,,,,,,1.0,,,,,,,,,,
224,,,,,,,,,,,,,,,,"[continuous, discrete, ordinal, nominal]",,,,,,,,,,,0.33333,0.33333,,,,,,,,,,,0.33333,,,,,,,,,,,,,,,,,,,,1.0,,,,,,,,,,
225,,,,,,,,,,,,,,,,,,,,,,,Online,,,0.20000,,,,,,,,,,,,0.20000,0.20000,0.20000,,0.20000,,,,,,,,,,,,,,,,,,,,,,,,1.0,,,
226,,,,,,,,,,,,,,,,,,,,,,,Online,,,0.20000,,,,,,,,,,,,0.20000,0.20000,0.20000,,0.20000,,,,,,,,,,,,,,,,,,,,,,,,1.0,,,
227,,,,,,,,,,,,,,,,,,,,,,,Online,,,0.20000,,,,,,,,,,,,0.20000,0.20000,0.20000,,0.20000,,,,,,,,,,,,,,,,,,,,,,,,1.0,,,
228,,,,,,,,,,,,,,,,,,,,,,,Online,,,0.20000,,,,,,,,,,,,0.20000,0.20000,0.20000,,0.20000,,,,,,,,,,,,,,,,,,,,,,,,1.0,,,
229,,,,,,,,,,,,,,,,,,,,,,,Online,,,0.20000,,,,,,,,,,,,0.20000,0.20000,0.20000,,0.20000,,,,,,,,,,,,,,,,,,,,,,,,1.0,,,
230,,,,,,,,,,,,,,,,,,,,,,,Online,,,0.20000,,,,,,,,,,,,0.20000,0.20000,0.20000,,0.20000,,,,,,,,,,,,,,,,,,,,,,,,1.0,,,
231,medium,medium,,,,1,,,,1.0:86400,Convolutional Neural Net,no,,,,,,,Image Data,>50000,,yes,,Multiclass Classification,Image Recognition,0.50000,0.25000,0.25000,,,,,,,,,,,,,,,,2.1082807837298945,0.5270701959324736,,,,0.09301238751749534,,,,0.42165615674597884,0.351380130621649,0.3953026469493552,,,,,,,0.1193366481356544,6.324842351189683,,0.45177445365640595,,0.0944006321073087,0.11294361341410149,
232,high,high,,,Linux,>1,,,,>1296000,Convolutional Neural Net,no,,,,,,,Image Data,>100000,,yes,,Object Detection,Object Detection,0.20000,,0.40000,0.40000,,,,,,,,,,,,,,,0.179490435844869,0.39886763521081997,,,1.1966029056324599,0.14359234867589518,,,,1.79490435844869,0.19943381760540999,0.22436304480608624,,,,,,,0.06773223994145999,0.358980871689738,,0.25641490834981284,,3.58980871689738,3.58980871689738,
233,high,low,,,,>1,,,,>1296000,Convolutional Neural Net,no,,,,,,,Image Data,,,yes,,Multiclass Classification,Image Recognition,0.20000,,,0.10000,0.10000,,,,,,,,,,0.40000,,0.20000,,0.37561942436637613,3.756194243663761,,,,0.3004955394931009,,,,3.756194243663761,0.4173549159626401,0.4695242804579701,,,,,,,0.14174317900617966,,,0.5365991776662515,,0.11212520130339584,0.13414979441656288,
234,high,medium,no,yes,Windows,1,Process Parameter Prediction,,>200,>172800,LSTM,no,,,,"[continuous, discrete, ordinal, nominal]",,,Tabular Data ,>1000000,1.0:4,yes,Offline,Regression,Time Series Prediction,0.12500,0.12500,,,,,0.12500,0.12500,0.12500,,,,0.12500,0.12500,,,0.12500,,0.29258931041840036,0.4876488506973339,0.9752977013946678,0.4876488506973339,1.4629465520920018,0.08605567953482364,0.6501984675964452,,1.9505954027893355,1.9505954027893355,5.851786208368007,0.36573663802300044,,,,0.5319805643970915,,,0.9752977013946678,1.4629465520920018,0.14272649288702458,0.4179847291691433,0.05088509746406962,0.3250992337982226,0.5319805643970915,
235,medium,medium,no,yes,Windows,1,Predictive Quality,,,7200.0:172800,Random Forest,yes,yes,,,"[continuous, discrete, ordinal, nominal]",,,Tabular Data ,1000.0:10000,1.0:4,no,Offline,Binary Classification,Time Series Prediction,0.20000,,,,,,0.20000,,0.20000,,,,,0.20000,,,0.20000,,2.759341409138004,0.689835352284501,1.379670704569002,0.689835352284501,2.0695060568535033,0.12173565040314724,0.31838554720823126,,,0.8278024227414013,0.48694260161258895,0.3941916298768577,0.26703303959400043,,,0.7525476570376375,,,1.379670704569002,4.139012113707007,0.20190302993692713,1.379670704569002,0.0719828193688175,0.31838554720823126,0.7525476570376375,
236,medium,medium,no,yes,Windows,1,Predictive Maintenance,,,>172800,Random Forest,no,yes,,,"[continuous, discrete, ordinal, nominal]",,,Tabular Data ,>1000000,1.0:4,yes,Offline,Multiclass Classification,,0.14286,,,,,,0.14286,0.14286,0.14286,,,,0.14286,0.14286,,,0.14286,,2.8668051890707797,0.7167012972676949,1.4334025945353899,0.7167012972676949,2.150103891803085,0.12647669951782853,0.4095435984386828,,,2.8668051890707797,0.5059067980713141,0.5375259729507712,0.27743276023265606,,,0.7818559606556673,,,1.4334025945353899,2.150103891803085,0.20976623334664243,0.6143153976580242,0.07478622232358557,0.12836441145093044,,
237,high,medium,no,yes,Linux,>1,Predictive Quality,,,7200.0:172800,XGBoost,no,,,,"[continuous, discrete, ordinal, nominal]",,,Tabular Data ,>1000000,>4,yes,Offline,Multiclass Classification,,0.25000,,,,,,,,0.25000,,,,,0.25000,,,0.25000,,0.49304051574757635,0.8217341929126271,1.6434683858252541,0.8217341929126271,3.2869367716505082,0.39443241259806106,0.3792619351904433,,,0.9860810314951527,1.0956455905501696,0.6163006446844704,,,,0.8964373013592296,,,1.6434683858252541,2.4652025787378817,0.5189900165763961,0.7043435939251089,0.08574617665175241,0.14717627335748548,,
238,high,medium,no,no,Windows,1,Process Design,,>200,7200.0:172800,Random Forest,yes,yes,,,"[continuous, discrete, ordinal, nominal]",,,Tabular Data ,1000.0:10000,1.0:4,yes,Offline,Binary Classification,,0.33333,0.33333,,,,,,,0.33333,,,,,,,,,,0.23530626202759544,0.3921771033793257,0.7843542067586514,4.706125240551908,1.176531310137977,0.06920772412576336,4.706125240551908,,1.5687084135173028,0.4706125240551909,0.2768308965030534,0.22410120193104324,0.15181049163070673,,,0.4278295673229008,,,0.7843542067586514,2.353062620275954,0.11478354245248558,0.3361518028965649,0.04092282817871225,0.1810048169443042,,
239,high,high,no,yes,Linux,>1,Process Parameter Prediction,,>200,>172800,Gradient Boosting Machine,no,,,yes,"[continuous, discrete, ordinal, nominal]",,,Tabular Data ,>1000000,1.0:4,yes,Offline,Regression,Time Series Prediction,0.14286,,,,,,0.14286,0.14286,0.14286,,,,0.14286,0.14286,,,0.14286,,0.29224908956548534,0.6494424212566341,0.9741636318849509,0.48708181594247546,1.9483272637699018,0.23379927165238826,0.6494424212566341,,1.9483272637699018,1.9483272637699018,5.844981791309706,0.36531136195685665,,,0.22480699197345025,0.5313619810281551,,,0.9741636318849509,1.4612454478274266,0.1425605314953587,0.4174986993792647,0.0508259286200844,0.32472121062831705,0.5313619810281551,
240,,,,,,,,,,,,yes,,,,,,,,>100000,1.0:4,yes,Offline,Regression,Time Series Prediction,0.12500,0.12500,,,,,0.12500,0.12500,0.12500,,,,0.12500,0.12500,,,0.12500,,,,,,,,,,,,,0.8362641011810727,,,,,,,,1.7561546124802532,0.4283303932878666,1.2543961517716093,0.1527090967374133,0.9756414513779181,1.5965041931638664,
241,,,,,,,,,,,,,,,,,yes,,,,,,,,,,,,0.14286,,,0.14286,0.14286,0.14286,,0.14286,,,0.14286,,,0.14286,,,,,,,,,,,,,,,,,,1.0,,,,,,,,,
242,,low,,,,,,,,,,,,,,,,,,,,,,,,1.00000,,,,,,,,,,,,,,,,,,,1.0,,,,,,,,,,,,,,,,,,,,,,,,
243,,,,,,,,,,,,,,,yes,,,,,,,,,,,,,,,,,,,-100.00,,,,,,,,,,,,,,,,,,,,,,,,1.0,,,,,,,,,,,
