,A_UR: quality demands,A_User's programming ability,A_UR: need for model transparency,A_UR: Availability of a well documented library,A_UR: Computer operating system,A_Access to parallel computing,A_Production use case,A_Number of maximum function evaluations/ trials budget,A_Running time per trial [s],A_Number of kernels used,A_Total Computing Time [s],A_Machine Learning Algorithm,A_Obtainability of good approximate,A_Supports parallel evaluations,A_Usage of one-hot encoding for cat. features,A_Dimensionality of HPs,A_Conditional HP space,A_HP datatypes,A_Availability of a warm-start HP configuration,A_Obtainability of gradients,A_Input Data,A_#Instances training dataset,A_Ratio training to test dataset,A_Noise in dataset,A_Training Technique,A_ML task,A_Detailed ML task,D_Default Values,D_Random Search,D_Grid Search,D_CMA-ES,D_PBT,D_HOAG (Gradient based),D_SMAC,D_TPE,D_GPBO,D_MTBO,D_BOHAMIANN,D_DNGO,D_SHA,D_HB,D_ASHA,D_Fabolas,D_BOHB,D_HB-LCNet,del_UR: quality demands,del_User's programming ability,del_UR: need for model transparency,del_UR: Availability of a well documented library,del_UR: Computer operating system,del_Access to parallel computing,del_Production use case,del_Number of maximum function evaluations/ trials budget,del_Running time per trial [s],del_Number of kernels used,del_Total Computing Time [s],del_Machine Learning Algorithm,del_Obtainability of good approximate,del_Supports parallel evaluations,del_Usage of one-hot encoding for cat. features,del_Dimensionality of HPs,del_Conditional HP space,del_HP datatypes,del_Availability of a warm-start HP configuration,del_Obtainability of gradients,del_Input Data,del_#Instances training dataset,del_Ratio training to test dataset,del_Noise in dataset,del_Training Technique,del_ML task,del_Detailed ML task,Antecedent_Importance
1,low,,,,,,Predictive Quality,,,,,,,yes,,,,,,,,,,,,,,1.00000,,,,,,,,,,,,,,,,,,2.1990452492549935,,,,,,0.08457866343288438,,,,,,,0.07093694352435463,,,,,,,,,,,,,,UR: quality demands_AI:_1
2,high,,,,,,Predictive Quality,,,,>86400,,,,,,,,,,,,,,,,,,1.00000,,,,,,,,,,,,,,,,,0.23266277460741439,,,,,,0.17897136508262645,,,,2.3266277460741436,,,,,,,,,,,,,,,,,User's programming ability_AI:_1
3,high,high,,,,,Predictive Quality,,,,1.0:86400,,,,,,,,,,,,,,,,,,,,,,1.00000,,,,,,,,,,,,,1.8111395433849424,4.024754540855427,,,,,1.3931842641422634,,,,2.4148527245132563,,,,,,,,,,,,,,,,,UR: need for model transparency_AI:_1
4,high,high,,,,,Predictive Quality,,,,1.0:86400,,yes,,,,,,,,,,,,,,,,,,,,,,,,,,,,,,0.33333,0.33333,0.33333,1.9358415579660746,4.301870128813499,,,,,1.4891088907431342,,,,2.581122077288099,,1.8436586266343564,,,,,,,,,,,,,,,UR: Availability of a well documented library_AI:_1
5,high,medium,,,,,Predictive Quality,>100,,,1.0:86400,,,no,,,,[continuous],,,,,,,,,,,,,0.50000,0.50000,,,,,,,,,,,,,,0.8172283975490281,1.4858698137255055,,,,,0.6286372288838677,3.2689135901961124,,,1.089637863398704,,,2.72409465849676,,,,0.5107677484681425,,,,,,,,,,UR: Computer operating system_AI:_1
6,high,medium,,,,,Predictive Quality,>100,,,1.0:86400,,,no,,,,"[discrete, ordinal, nominal]",,,,,,,,,,,,,,,,0.50000,0.50000,,,,,,,,,,,0.6561816584057845,1.19305756073779,,,,,0.5047551218506034,2.624726633623138,,,0.8749088778743792,,,2.187272194685948,,,,3.280908292028922,,,,,,,,,,Access to parallel computing_AI:_1
7,high,medium,,,,,Predictive Quality,<100,,,1.0:86400,,,no,,,,,,,,,,,,,,,,,,,,0.50000,0.50000,,,,,,,,,,,0.9593325228837867,1.744240950697794,,,,,0.7379480945259898,3.1977750762792887,,,1.2791100305117156,,,3.1977750762792887,,,,,,,,,,,,,,Production use case_AI:_1
8,high,medium,,,,,Predictive Quality,,,,1.0:86400,,,yes,,>10,,"[discrete, ordinal, nominal]",,,,,,,,,,,,,,,,0.50000,0.50000,,,,,,,,,,,0.7002215254394899,1.273130046253618,,,,,0.5386319426457614,,,,0.9336287005859865,,,0.451755822864187,,0.5601772203515919,,3.5011076271974493,,,,,,,,,,Number of maximum function evaluations/ trials budget_AI:_1
9,high,medium,,,,,Predictive Quality,,,,1.0:86400,,,yes,,1.0:10,,[continuous],,,,,,,,,,,,,,,,,,1.00000,,,,,,,,,,0.8998026261930792,1.6360047748965076,,,,,0.6921558663023686,,,,1.1997368349241055,,,0.5805178233503736,,3.5992105047723166,,0.5623766413706744,,,,,,,,,,Running time per trial [s]_AI:_1
10,high,high,,,,,Predictive Quality,>100,,,1.0:86400,,no,no,,,,[continuous],,no,,,,,,,,,,,0.50000,0.50000,,,,,,,,,,,,,,0.7692827843477356,1.7095172985505234,,,,,0.5917559879597966,3.0771311373909422,,,1.025710379130314,,0.9616034804346694,2.564275947825785,,,,0.4808017402173347,,3.0771311373909422,,,,,,,,Number of kernels used_AI:_1
11,high,high,,,,,Predictive Quality,>100,,,1.0:86400,,no,no,,,,"[discrete, ordinal, nominal]",,no,,,,,,,,,,,,,,0.50000,0.50000,,,,,,,,,,,0.6763850530052791,1.5030778955672865,,,,,0.5202961946194454,2.7055402120211163,,,0.901846737340372,,0.8454813162565987,2.25461684335093,,,,3.381925265026395,,2.7055402120211163,,,,,,,,Total Computing Time [s]_AI:_1
12,high,high,,,,,Predictive Quality,<100,,,1.0:86400,,no,no,,,,,,no,,,,,,,,,,,,,,0.50000,0.50000,,,,,,,,,,,0.8553718698097951,1.9008263773551,,,,,0.65797836139215,2.85123956603265,,,1.14049582641306,,1.0692148372622439,2.85123956603265,,,,,,3.4214874792391803,,,,,,,,Machine Learning Algorithm_AI:_1
13,high,high,,,,,Predictive Quality,,,,1.0:86400,,no,yes,,>10,,"[discrete, ordinal, nominal]",,no,,,,,,,,,,,,,,0.50000,0.50000,,,,,,,,,,,0.6752239534244496,1.5004976742765546,,,,,0.5194030410957305,,,,0.9002986045659328,,0.844029941780562,0.435628357048032,,0.5401791627395597,,3.376119767122248,,2.7008958136977985,,,,,,,,Obtainability of good approximate_AI:_1
14,high,high,,,,,Predictive Quality,,,,1.0:86400,,no,yes,,1.0:10,,[continuous],,no,,,,,,,,,,,,,,,,1.00000,,,,,,,,,,0.7803058514977108,1.7340130033282461,,,,,0.6002352703828545,,,,1.0404078019969476,,0.9753823143721385,0.5034231299985231,,3.1212234059908432,,0.48769115718606926,,3.1212234059908432,,,,,,,,Supports parallel evaluations_AI:_1
15,,,,,,yes,Predictive Quality,<150,,8,1.0:100,Random Forest,yes,yes,,4.0:10,no,[continuous],,,Tabular Data,1000.0:100000,1.0:4,,Offline,Binary Classification,Prediction of Part Failure,1.00000,,,,,,,,,,,,,,,,,,,,,,,0.4267726047491517,0.9027882023539748,2.934061657650418,,2.3472493261203344,3.912082210200557,1.3807348977178437,1.1177377743430164,0.7571772019743014,,0.3353213323029049,0.25793948638684994,0.7335154144126045,,,0.5588688871715082,0.3611152809415899,0.5724998356391059,,0.2173379005666976,0.9027882023539748,1.467030828825209,Usage of one-hot encoding for cat. features_AI:_1
16,,,,,,yes,Predictive Quality,<150,,8,100.0:4000,Random Forest,yes,yes,,4.0:10,no,[continuous],,,Tabular Data,1000.0:100000,1.0:4,,Offline,Binary Classification,Prediction of Part Failure,,0.05882,0.05882,0.05882,0.05882,0.05882,0.05882,0.05882,0.05882,0.05882,0.05882,0.05882,0.05882,0.05882,0.05882,0.05882,0.05882,0.05882,,,,,,0.16186733084058294,0.34241166139354084,1.1128378995290078,,0.8902703196232062,4.451351598116031,0.5236884233077683,0.423938247439622,0.28718397407200197,,0.12718147423188658,0.09783190325529739,0.27820947488225195,,,0.211969123719811,0.13696466455741635,0.21713910234712347,,0.08243243700214872,0.34241166139354084,0.5564189497645039,Dimensionality of HPs_AI:_1
17,,,,,,no,Predictive Quality,<150,,1,1.0:100,Random Forest,yes,yes,,4.0:10,no,[continuous],,,Tabular Data,1000.0:100000,1.0:4,,Offline,Binary Classification,Prediction of Part Failure,1.00000,,,,,,,,,,,,,,,,,,,,,,,0.6625371109605466,0.9428412732900086,3.0642341381925275,,0.4457067837370949,4.085645517590036,1.441992535620013,1.1673272907400105,0.7907701001787167,,0.35019818722200313,0.26938322094000244,0.7660585345481319,,,0.5836636453700053,0.3771365093160034,0.5978993440375664,,0.2269803065327798,0.9428412732900086,1.5321170690962638,Conditional HP space_AI:_1
18,,,,,,no,Predictive Quality,<150,,1,100.0:4000,Random Forest,yes,yes,,4.0:10,no,[continuous],,,Tabular Data,1000.0:100000,1.0:4,,Offline,Binary Classification,Prediction of Part Failure,,0.05882,0.05882,0.05882,0.05882,0.05882,0.05882,0.05882,0.05882,0.05882,0.05882,0.05882,0.05882,0.05882,0.05882,0.05882,0.05882,0.05882,,,,,,0.24044784539129835,0.3421757799799246,1.112071284934755,,0.16175582326323706,4.44828513973902,0.5233276634987082,0.4236462037846685,0.28698613804767864,,0.12709386113540055,0.09776450856569274,0.27801782123368873,,,0.21182310189233425,0.13687031199196983,0.2169895190116595,,0.08237565073590776,0.3421757799799246,0.5560356424673775,HP datatypes_AI:_1
19,,,,,,yes,Predictive Quality,<150,,8,1.0:100,Decision Tree,yes,yes,,1.0:3,no,[continuous],,,Tabular Data,1000.0:100000,1.0:4,,Offline,Binary Classification,Prediction of Part Failure,,,,1.00000,,,,,,,,,,,,,,,,,,,,0.1594387101182841,0.3372741944809856,1.0961411320632033,,0.8769129056505627,1.4615215094176042,4.384564528252813,0.4175775741193155,0.2828751308550202,,0.350765162260225,0.09636405556599589,0.2740352830158008,,,0.20878878705965775,0.13490967779239424,0.21388119650013723,,0.08119563941208913,0.3372741944809856,0.5480705660316016,Availability of a warm-start HP configuration_AI:_1
20,,,,,,no,Predictive Quality,<150,,1,1.0:100,Decision Tree,yes,yes,,1.0:3,no,[continuous],,,Tabular Data,1000.0:100000,1.0:4,,Offline,Binary Classification,Prediction of Part Failure,,,,1.00000,,,,,,,,,,,,,,,,,,,,0.23623407181612285,0.336179256046021,1.0925825821495683,,0.158921102858119,1.4567767761994241,4.370330328598273,0.4162219360569783,0.28195679539343693,,0.34962642628786184,0.09605121601314885,0.27314564553739207,,,0.20811096802848916,0.1344717024184084,0.21318684529747672,,0.08093204312219023,0.336179256046021,0.5462912910747841,Obtainability of gradients_AI:_1
21,,,,,,yes,Predictive Quality,<150,,8,1.0:500,Support Vector Machine,no,yes,,4.0:10,yes,"[continuous, nominal]",,,Tabular Data,1000.0:100000,1.0:4,,Offline,Binary Classification,Prediction of Part Failure,,,,,,,,,,,,,,0.50000,,,0.50000,,,,,,,0.08025502732668537,0.16977025011414212,0.5517533128709619,,0.4414026502967695,4.414026502967695,0.22070132514838475,0.2758766564354809,0.14238795170863533,,0.06305752147096708,0.1765610601187078,0.49044738921863273,,,0.10509586911827845,0.06790810004565685,0.10765918299921208,,0.0408706157682194,0.16977025011414212,0.2758766564354809,Input Data_AI:_1
22,,,,,,yes,Predictive Quality,<150,,8,>500,Support Vector Machine,no,yes,,4.0:10,yes,"[continuous, nominal]",,,Tabular Data,1000.0:100000,1.0:4,,Offline,Binary Classification,Prediction of Part Failure,,0.05882,0.05882,0.05882,0.05882,0.05882,0.05882,0.05882,0.05882,0.05882,0.05882,0.05882,0.05882,0.05882,0.05882,0.05882,0.05882,0.05882,,,,,,0.08025502732668537,0.16977025011414212,0.5517533128709619,,0.4414026502967695,4.414026502967695,0.22070132514838475,0.2758766564354809,0.14238795170863533,,0.06305752147096708,0.1765610601187078,0.49044738921863273,,,0.10509586911827845,0.06790810004565685,0.10765918299921208,,0.0408706157682194,0.16977025011414212,0.2758766564354809,#Instances training dataset_AI:_1
23,,,,,,yes,Predictive Quality,<600,,8,1.0:6000,XGBoost,yes,yes,,4.0:10,yes,"[continuous, discrete, nominal]",,,Tabular Data,<1000,,,Offline,Binary Classification,Prediction of Part Failure,,,,,,,,,,,,,,0.50000,,,0.50000,,,,,,,0.0727394264035808,0.15387186354603632,2.000334226098472,,0.40006684521969443,4.000668452196944,0.44451871691077155,0.1905080215331878,0.1290538210386111,,0.05715240645995634,0.16002673808787776,0.17394210661725842,,,0.0952540107665939,0.6667780753661573,,,0.03704322640923096,0.15387186354603632,0.250041778262309,Ratio training to test dataset_AI:_1
24,,,,,,yes,Predictive Quality,<600,,8,1.0:7000,Random Forest,yes,yes,,4.0:10,no,[continuous],,,Tabular Data,<1000,,,Offline,Binary Classification,Prediction of Part Failure,,,,,,,,,,,,,,0.50000,,,0.50000,,,,,,,0.07221992656186554,0.15277292157317712,1.9860479804513023,,0.3972095960902605,3.9720959609026045,0.23365270358250617,0.18914742670964785,0.12813212777105176,,0.05674422801289435,0.04364940616376489,0.12412799877820639,,,0.09457371335482392,0.6620159934837674,,,0.03677866630465375,0.15277292157317712,0.24825599755641278,Noise in dataset_AI:_1
25,,low,,,,,Predictive Maintenance,,,,,,,,,,,,,,,,,,,,,,1.00000,,,,,,,,,,,,,,,,,,2.2105263157894735,,,,,0.21052631578947367,,,,,,,,,,,,,,,,,,,,,Training Technique_AI:_1
26,,"[medium, high]",,,,,Predictive Maintenance,,<10,,,,,,,,,,,,,,,,,,,,0.50000,,0.25000,0.25000,,,,,,,,,,,,,,,0.2555660013433986,,,,,0.10952828629002798,,2.3000940120905873,,,,,,,,,,,,,,,,,,,ML task_AI:_1
27,,"[medium, high]",,,,,Predictive Maintenance,,>100,,,,,,,,,,,,,,,,,,,,,,,,,,,,,,,,,,,1.00000,,,0.2555660013433986,,,,,0.10952828629002798,,2.3000940120905873,,,,,,,,,,,,,,,,,,,Detailed ML task_AI:_1
28,,"[medium, high]",,,,yes,Predictive Maintenance,,10.0:100,,,,,,,,,,,,,,,,,,,,,,0.50000,0.50000,,,,,,,,,,,,,,,2.2460532701509694,,,,0.36753598966106776,0.9625942586361298,,2.8877827759083896,,,,,,,,,,,,,,,,,,,
29,,"[medium, high]",,,,no,Predictive Maintenance,>200,10.0:100,,,,,,,,,,,,,,,,,,,,0.50000,,0.25000,0.25000,,,,,,,,,,,,,,,0.3006940148952928,,,,0.07314178740696312,0.12886886352655405,2.7062461340576354,0.3866065905796621,,,,,,,,,,,,,,,,,,,
30,,"[medium, high]",,,,no,Predictive Maintenance,<200,10.0:100,,,,,,,>10,yes,,,,,,,,,,,,,,,,,,1.00000,,,,,,,,,,,,2.4935194825581686,,,,0.6065317660276627,1.0686512068106437,2.80520941787794,3.2059536204319308,,,,,,,0.8976670137209407,0.8976670137209407,,,,,,,,,,,
31,,"[medium, high]",,,,no,Predictive Maintenance,<200,10.0:100,,,,,,,>10,no,,,,,,,,,,,,,,,,,1.00000,,,,,,,,,,,,,2.273281879518744,,,,0.552960457180235,0.9742636626508901,2.557442114458587,2.9227909879526703,,,,,,,0.8183814766267478,0.2248300759963593,,,,,,,,,,,
32,,"[medium, high]",,,,no,Predictive Maintenance,<200,10.0:100,,,,,,,1.0:10,,[continuous],,,,,,,,,,,,,,,,,,1.00000,,,,,,,,,,,1.846443319338624,,,,0.44913486146074644,0.7913328511451246,2.077248734255952,2.373998553435374,,,,,,,3.3235979748095237,,0.519312183563988,,,,,,,,,,
33,,"[medium, high]",,,,no,Predictive Maintenance,<200,10.0:100,,,,,,,1.0:10,no,"[continuous, discrete, ordinal, nominal]",,,,,,,,,,,,,,,,1.00000,,,,,,,,,,,,,1.8644464447432902,,,,0.45351400007269227,0.7990484763185529,2.0975022503362015,2.397145428955659,,,,,,,3.356003600537923,0.1843958022273584,1.5254561820626922,,,,,,,,,,
34,,"[medium, high]",,,,no,Predictive Maintenance,<200,10.0:100,,,,,,,1.0:10,yes,,,,,,,,,,,,,,,,,,1.00000,,,,,,,,,,,,1.8878474190583996,,,,0.45920612896015134,0.8090774653107428,2.1238283464406997,2.427232395932228,,,,,,,3.3981253543051197,0.679625070861024,,,,,,,,,,,
35,,,,,,no,Predictive Maintenance,,,1,1.0:40,Random Forest,,,,4.0:10,no,"[discrete, nominal]",,,Tabular Data,1000.0:100000,1.0:4,,Offline,Binary Classification,Prediction of Part Failure,1.00000,,,,,,,,,,,,,,,,,,,,,,,0.10766517540104449,0.18969578523041172,,,0.07242929981524811,3.9836114898386463,0.2343300876375674,,,,0.056908735569123514,0.04377595043778732,0.7967222979677293,,,0.09484789261520586,0.06128633061290225,0.09716125584972309,,0.03688529157258005,0.15321582653225563,0.2489757181149154,
36,,,,,,no,Predictive Maintenance,,,1,40.0:700,Random Forest,,,,4.0:10,no,"[discrete, nominal]",,,Tabular Data,1000.0:100000,1.0:4,,Offline,Binary Classification,Prediction of Part Failure,,0.25000,,,,,0.25000,0.25000,0.25000,,,,,,,,,,,,,,,0.10766517540104449,0.18969578523041172,,,0.07242929981524811,3.9836114898386463,0.2343300876375674,,,,0.056908735569123514,0.04377595043778732,0.7967222979677293,,,0.09484789261520586,0.06128633061290225,0.09716125584972309,,0.03688529157258005,0.15321582653225563,0.2489757181149154,
37,,,,,,no,Predictive Maintenance,,,1,700.0:2000,Random Forest,,,,4.0:10,no,"[discrete, nominal]",,,Tabular Data,1000.0:100000,1.0:4,,Offline,Binary Classification,Prediction of Part Failure,,,,,,,1.00000,,,,,,,,,,,,,,,,,0.10766517540104449,0.18969578523041172,,,0.07242929981524811,3.9836114898386463,0.2343300876375674,,,,0.056908735569123514,0.04377595043778732,0.7967222979677293,,,0.09484789261520586,0.06128633061290225,0.09716125584972309,,0.03688529157258005,0.15321582653225563,0.2489757181149154,
38,,,,,,no,Predictive Maintenance,,,1,1.0:1000,Support Vector Machine,,,,4.0:10,no,"[continuous, nominal]",,,Tabular Data,1000.0:100000,1.0:4,,Offline,Binary Classification,Prediction of Part Failure,1.00000,,,,,,,,,,,,,,,,,,,,,,,0.3328379965108693,0.5864288509953411,,,0.22390919765276662,4.105001956967388,0.6157502935451082,,,,0.17592865529860235,0.13532973484507874,1.3683339856557961,,,0.29321442549767057,0.18946162878311024,0.3003659968512723,,0.114027832137983,0.4736540719577756,0.7696878669313854,
39,,,,,,no,Predictive Maintenance,,,1,1000.0:10000,Support Vector Machine,,,,4.0:10,no,"[continuous, nominal]",,,Tabular Data,1000.0:100000,1.0:4,,Offline,Binary Classification,Prediction of Part Failure,,,,,,,,,,,,,,,,,,,,,,,,0.22041553627625599,0.38835118296292714,,,0.14827954258584491,4.077687421110736,0.40776874211107356,,,,0.11650535488887816,0.08961950376067551,0.90615276024683,,,0.19417559148146357,0.1254673052649457,0.19891158151759686,,0.07551273002056917,0.3136682631623643,0.509710927638842,
40,,,,,,no,Predictive Maintenance,,,1,10000.0:70000,Support Vector Machine,,,,4.0:10,no,"[continuous, nominal]",,,Tabular Data,1000.0:100000,1.0:4,,Offline,Binary Classification,Prediction of Part Failure,,,,,,,,0.50000,0.50000,,,,,,,,,,,,,,,0.10813503393395689,0.19052363121697163,,,0.0727453864646619,4.000996255556404,0.20004981277782025,,,,0.05715708936509149,0.04396699181930115,0.4445551395062672,,,0.09526181560848582,0.061553788547021614,0.09758527452576597,,0.03704626162552226,0.15388447136755404,0.25006226597227527,
41,,,,,,no,Predictive Maintenance,,,1,1.0:50,Multilayer Perceptron,,,,4.0:10,no,"[continuous, discrete, nominal]",,,Tabular Data,1000.0:100000,1.0:4,,Offline,Regression,Prediction of Remaining Useful Lifetime,1.00000,,,,,,,,,,,,,,,,,,,,,,,0.10676887751176653,0.18811659371120767,,,0.07182633578064293,3.9504484679353618,0.12743382154630198,,,,0.05643497811336231,0.043411521625663314,0.17175862904066788,,,0.09405829685560384,0.060776130275928646,0.09635240165696005,,0.03657822655495705,0.2194693593297423,0.9876121169838404,
42,,,,,,no,Predictive Maintenance,,,1,50.0:2000,Multilayer Perceptron,,,,4.0:10,no,"[continuous, discrete, nominal]",,,Tabular Data,1000.0:100000,1.0:4,,Offline,Regression,Prediction of Remaining Useful Lifetime,,0.25000,,,,,0.25000,0.25000,0.25000,,,,,,,,,,,,,,,0.10676887751176653,0.18811659371120767,,,0.07182633578064293,3.9504484679353618,0.12743382154630198,,,,0.05643497811336231,0.043411521625663314,0.17175862904066788,,,0.09405829685560384,0.060776130275928646,0.09635240165696005,,0.03657822655495705,0.2194693593297423,0.9876121169838404,
43,,,,,,no,Predictive Maintenance,,,1,1.0:100,Support Vector Machine,,,,1.0:3,no,[continuous],,,Tabular Data,1000.0:100000,1.0:4,,Offline,Regression,Prediction of Remaining Useful Lifetime,1.00000,,,,,,,,,,,,,,,,,,,,,,,0.40941407434218485,0.7213486071743256,,,0.2754240136483789,2.5247201251101394,0.757416037533042,,,,0.6059328300264335,0.16646506319407517,0.4733850234581512,,,0.3606743035871628,0.23305108847170522,0.36947123782099606,,0.14026222917278552,0.8415733750367133,3.7870801876652096,
44,,,,,,no,Predictive Maintenance,,,1,100.0:10000,Support Vector Machine,,,,1.0:3,no,[continuous],,,Tabular Data,1000.0:100000,1.0:4,,Offline,Regression,Prediction of Remaining Useful Lifetime,,,,,,,,1.00000,,,,,,,,,,,,,,,,0.10707619751511879,0.18865806228854262,,,0.07203307832835264,3.961819308059395,0.19809096540296978,,,,0.1584727723223758,0.04353647591274061,0.1238068533768561,,,0.09432903114427131,0.06095106627783685,0.09662973922096087,,0.036683512111661064,0.2201010726699664,0.9904548270148488,
45,high,,,,,,,,,,,,,,,,,,,,,,,,,,,,,,,,,0.25000,0.25000,0.25000,,,,,,,,0.25000,,0.05,,,,,,,,,,,,,,,,,,,,,,,,,,,
46,,,,,,,,,,,,,,,,>10,,,,,,,,,,,,,,,,,,0.25000,0.25000,,,,,,0.25000,,,0.25000,,,,,,,,,,,,,,,,,0.04,,,,,,,,,,,,
47,,,,,,,,,,,,,,,,,yes,"[continuous, discrete, ordinal, nominal]",,,,,,,,,,,0.16667,0.16667,,,,0.16667,0.16667,,,,,,0.16667,,,0.16667,,,,,,,,,,,,,,,,,,1.5714285714285714,3.5714285714285716,,,,,,,,,,
48,,,,,,,,,,,1.0:86400,,,,,,,,,,,,,,,,,,0.33333,,,,,,,,,,,,0.33333,,,0.33333,,,,,,,,,,,,0.06666666666666667,,,,,,,,,,,,,,,,,
49,,,,,,,Process Parameter Prediction,,,1,1.0:200,XGBoost,,,no categorical features,4.0:10,no,"[continuous, discrete]",,,Tabular Data,>100000,1.0:4,,Offline,Regression,Time Series Prediction,1.00000,,,,,,,,,,,,,,,,,,,,,,,,0.44998390522990717,,,0.07363372994671208,4.049855147069165,0.44998390522990717,,,0.578550735295595,0.05785507352955949,0.04450390271504577,0.09642512254926582,,,0.09642512254926582,0.4049855147069165,0.098776954806565,,0.03749865876915893,0.22499195261495358,0.36816864973356045,
50,,,,,,,Process Parameter Prediction,,,1,200.0:2000,XGBoost,,,no categorical features,4.0:10,no,"[continuous, discrete]",,,Tabular Data,>100000,1.0:4,,Offline,Regression,Time Series Prediction,,0.33333,,,,,0.33333,0.33333,,,,,,,,,,,,,,,,,0.44998390522990717,,,0.07363372994671208,4.049855147069165,0.44998390522990717,,,0.578550735295595,0.05785507352955949,0.04450390271504577,0.09642512254926582,,,0.09642512254926582,0.4049855147069165,0.098776954806565,,0.03749865876915893,0.22499195261495358,0.36816864973356045,
51,,,,,,,Process Parameter Prediction,,,1,>2000,XGBoost,,,no categorical features,4.0:10,no,"[continuous, discrete]",,,Tabular Data,>100000,1.0:4,,Offline,Regression,Time Series Prediction,,0.05882,0.05882,0.05882,0.05882,0.05882,0.05882,0.05882,0.05882,0.05882,0.05882,0.05882,0.05882,0.05882,0.05882,0.05882,0.05882,0.05882,,,,,,,0.44998390522990717,,,0.07363372994671208,4.049855147069165,0.44998390522990717,,,0.578550735295595,0.05785507352955949,0.04450390271504577,0.09642512254926582,,,0.09642512254926582,0.4049855147069165,0.098776954806565,,0.03749865876915893,0.22499195261495358,0.36816864973356045,
52,,,,,,,Process Parameter Prediction,,,1,1.0:2000,Random Forest,,,no categorical features,4.0:10,no,"[continuous, nominal]",,,Tabular Data,>100000,1.0:4,,Offline,Regression,Time Series Prediction,,,,,,,1.00000,,,,,,,,,,,,,,,,,,0.45154158241653125,,,0.07388862257725057,4.063874241748781,0.23905142598522244,,,0.5805534631069688,0.05805534631069688,0.044657958700536064,0.45154158241653125,,,0.09675891051782813,0.40638742417487816,0.09911888394509223,,0.03762846520137761,0.22577079120826563,0.36944311288625287,
53,,,,,,,Process Parameter Prediction,,,1,2000.0:5000,Random Forest,,,no categorical features,4.0:10,no,"[continuous, nominal]",,,Tabular Data,>100000,1.0:4,,Offline,Regression,Time Series Prediction,,,,,,,0.33333,0.33333,0.33333,,,,,,,,,,,,,,,,0.45154158241653125,,,0.07388862257725057,4.063874241748781,0.23905142598522244,,,0.5805534631069688,0.05805534631069688,0.044657958700536064,0.45154158241653125,,,0.09675891051782813,0.40638742417487816,0.09911888394509223,,0.03762846520137761,0.22577079120826563,0.36944311288625287,
54,,,,,,,Process Parameter Prediction,,,1,5000.0:10000,Random Forest,,,no categorical features,4.0:10,no,"[continuous, nominal]",,,Tabular Data,>100000,1.0:4,,Offline,Regression,Time Series Prediction,,,,,,,1.00000,,,,,,,,,,,,,,,,,,0.45154158241653125,,,0.07388862257725057,4.063874241748781,0.23905142598522244,,,0.5805534631069688,0.05805534631069688,0.044657958700536064,0.45154158241653125,,,0.09675891051782813,0.40638742417487816,0.09911888394509223,,0.03762846520137761,0.22577079120826563,0.36944311288625287,
55,,,,,,,Process Parameter Prediction,,,1,>10000,Random Forest,,,no categorical features,4.0:10,no,"[continuous, nominal]",,,Tabular Data,>100000,1.0:4,,Offline,Regression,Time Series Prediction,,0.05882,0.05882,0.05882,0.05882,0.05882,0.05882,0.05882,0.05882,0.05882,0.05882,0.05882,0.05882,0.05882,0.05882,0.05882,0.05882,0.05882,,,,,,,0.45154158241653125,,,0.07388862257725057,4.063874241748781,0.23905142598522244,,,0.5805534631069688,0.05805534631069688,0.044657958700536064,0.45154158241653125,,,0.09675891051782813,0.40638742417487816,0.09911888394509223,,0.03762846520137761,0.22577079120826563,0.36944311288625287,
56,,,,,,,,<2,36000,1,1.0:72000,Latent Dirichlet Allocation (HPOlib),,,yes,1.0:3,no,[continuous],,,Text Data,,,,Offline,Text,Text,,,,,,,,,1.00000,,,,,,,,,,,,,,,,,0.967868591899123,1.2904914558654972,0.07039044304720894,3.871474367596492,0.967868591899123,,,0.14890286029217278,0.15485897470385968,0.04254367436919222,0.12098357398739037,,,0.967868591899123,,,,0.0358469848851527,0.967868591899123,1.2904914558654972,
57,,,,,,,,2.0:10,36000,1,72000.0:360000,Latent Dirichlet Allocation (HPOlib),,,yes,1.0:3,no,[continuous],,,Text Data,,,,Offline,Text,Text,,,,,,,0.50000,,0.50000,,,,,,,,,,,,,,,,,3.007983097037023,1.0026610323456744,0.05469060176430951,3.007983097037023,0.7519957742592558,,,0.11569165757834705,0.12031932388148092,0.03305475930809916,0.09399947178240697,,,0.7519957742592558,,,,0.027851695342935398,0.7519957742592558,1.0026610323456744,
58,,,,,,,,>10,36000,1,>360000,Latent Dirichlet Allocation (HPOlib),,,yes,1.0:3,no,[continuous],,,Text Data,,,,Offline,Text,Text,,0.05882,0.05882,0.05882,0.05882,0.05882,0.05882,0.05882,0.05882,0.05882,0.05882,0.05882,0.05882,0.05882,0.05882,0.05882,0.05882,0.05882,,,,,,,,3.007983097037023,1.0026610323456744,0.05469060176430951,3.007983097037023,0.7519957742592558,,,0.11569165757834705,0.12031932388148092,0.03305475930809916,0.09399947178240697,,,0.7519957742592558,,,,0.027851695342935398,0.7519957742592558,1.0026610323456744,
59,,,,,,,,<2,60,1,1.0:120,Logistic Regression,,,yes,4.0:10,no,"[continuous, discrete]",,,Image Data,1000.0:100000,<1,,Offline,Multiclass Classification,Image Recognition,,,,,,,0.33333,0.33333,0.33333,,,,,,,,,,,,,,,,,1.0183704300689176,0.678913620045945,0.07406330400501218,4.07348172027567,0.5819259600393815,,,0.15667237385675656,0.05819259600393815,0.044763535387644736,0.09698766000656357,,,0.07685814566557868,0.06266894954270262,0.17710790088155087,,0.03771742333588583,0.06266894954270262,0.07274074500492268,
60,,,,,,,,2.0:50,60,1,120.0:3000,Logistic Regression,,,yes,4.0:10,no,"[continuous, discrete]",,,Image Data,1000.0:100000,<1,,Offline,Multiclass Classification,Image Recognition,,,,,,,,,1.00000,,,,,,,,,,,,,,,,,1.3370528000736812,0.6685264000368406,0.0729301527312917,4.011158400221044,0.5730226286030062,,,0.15427532308542477,0.05730226286030063,0.04407866373869279,0.09550377143383437,,,0.0756822339664348,0.06171012923416991,0.17439819131395842,,0.037140355557602256,0.06171012923416991,0.07162782857537578,
61,,,,,,,,>50,60,1,>3000,Logistic Regression,,,yes,4.0:10,no,"[continuous, discrete]",,,Image Data,1000.0:100000,<1,,Offline,Multiclass Classification,Image Recognition,,0.05882,0.05882,0.05882,0.05882,0.05882,0.05882,0.05882,0.05882,0.05882,0.05882,0.05882,0.05882,0.05882,0.05882,0.05882,0.05882,0.05882,,,,,,,,1.3370528000736812,0.6685264000368406,0.0729301527312917,4.011158400221044,0.5730226286030062,,,0.15427532308542477,0.05730226286030063,0.04407866373869279,0.09550377143383437,,,0.0756822339664348,0.06171012923416991,0.17439819131395842,,0.037140355557602256,0.06171012923416991,0.07162782857537578,
62,,,,,,,,<10,60,1,1.0:600,Logistic Regression,,,yes,4.0:10,no,"[continuous, discrete]",,,Image Data,1000.0:100000,<1,,Offline,Multiclass Classification,Image Recognition,,,,,,,0.33333,0.33333,0.33333,,,,,,,,,,,,,,,,,1.3370528000736812,0.6685264000368406,0.0729301527312917,4.011158400221044,0.5730226286030062,,,0.15427532308542477,0.05730226286030063,0.04407866373869279,0.09550377143383437,,,0.0756822339664348,0.06171012923416991,0.17439819131395842,,0.037140355557602256,0.06171012923416991,0.07162782857537578,
63,,,,,,,,10.0:100,60,1,600.0:6000,Logistic Regression,,,yes,4.0:10,no,"[continuous, discrete]",,,Image Data,1000.0:100000,<1,,Offline,Multiclass Classification,Image Recognition,,,,,,,,,1.00000,,,,,,,,,,,,,,,,,1.910123820025249,0.6367079400084164,0.06945904800091815,3.820247640050498,0.5457496628643569,,,0.14693260154040377,0.05457496628643568,0.041980743297258226,0.09095827714405948,,,0.07208014415189619,0.05877304061616151,0.16609772348045643,,0.03537266333380091,0.05877304061616151,0.06821870785804461,
64,,,,,,,,>100,60,1,>6000,Logistic Regression,,,yes,4.0:10,no,"[continuous, discrete]",,,Image Data,1000.0:100000,<1,,Offline,Multiclass Classification,Image Recognition,,0.05882,0.05882,0.05882,0.05882,0.05882,0.05882,0.05882,0.05882,0.05882,0.05882,0.05882,0.05882,0.05882,0.05882,0.05882,0.05882,0.05882,,,,,,,,0.8195902649494929,0.6829918874579107,0.07450820590449936,4.097951324747465,0.5854216178210664,,,0.1576135124902871,0.05854216178210664,0.045032432140082033,0.0975702696368444,,,0.0773198363159899,0.06304540499611484,0.17817179672815064,,0.037943993747661706,0.06304540499611484,0.0731777022276333,
65,,,,,,yes,,<2,720,2,1.0:2880,Multilayer Perceptron,,,yes,>10,yes,"[continuous, discrete, nominal]",,,Image Data,1000.0:100000,<1,,Offline,Multiclass Classification,Image Recognition,,,,,,,1.00000,,,,,,,,,,,,,,,,,0.14848159808301642,,2.0416219736414756,0.6805406578804919,0.6805406578804919,4.083243947282951,0.2634350933730936,,,0.31409568825253475,0.32665951578263613,0.32665951578263613,0.35506469106808275,,,0.15408467725596042,0.1256382753010139,0.35506469106808275,,0.07561562865338799,0.1256382753010139,0.14583014097439112,
66,,,,,,yes,,2.0:20,720,2,2880.0:28800,Multilayer Perceptron,,,yes,>10,yes,"[continuous, discrete, nominal]",,,Image Data,1000.0:100000,<1,,Offline,Multiclass Classification,Image Recognition,,,,,,,0.50000,0.50000,,,,,,,,,,,,,,,,0.05688497718257738,,3.128673745041756,0.26072281208681297,0.26072281208681297,3.128673745041756,0.100924959517476,,,0.12033360557852908,0.12514694980167024,0.12514694980167024,0.13602929326268504,,,0.05903158009512747,0.04813344223141163,0.13602929326268504,,0.02896920134297922,0.04813344223141163,0.05586917401860278,
67,,,,,,yes,,20.0:200,720,2,28800.0:288000,Multilayer Perceptron,,,yes,>10,yes,"[continuous, discrete, nominal]",,,Image Data,1000.0:100000,<1,,Offline,Multiclass Classification,Image Recognition,,,,,,,0.33333,0.33333,0.33333,,,,,,,,,,,,,,,0.05688497718257738,,3.128673745041756,0.26072281208681297,0.26072281208681297,3.128673745041756,0.100924959517476,,,0.12033360557852908,0.12514694980167024,0.12514694980167024,0.13602929326268504,,,0.05903158009512747,0.04813344223141163,0.13602929326268504,,0.02896920134297922,0.04813344223141163,0.05586917401860278,
68,,,,,,yes,,<10,720,2,1.0:14400,Multilayer Perceptron,,,yes,>10,yes,"[continuous, discrete, nominal]",,,Image Data,1000.0:100000,<1,,Offline,Multiclass Classification,Image Recognition,,,,,,,1.00000,,,,,,,,,,,,,,,,,0.07557080263570005,,1.3854647149878345,0.34636617874695863,0.34636617874695863,4.156394144963504,0.13407723048269365,,,0.15986131326782707,0.16625576579854015,0.16625576579854015,0.18071278891145667,,,0.07842253103704723,0.06394452530713082,0.18071278891145667,,0.03848513097188429,0.06394452530713082,0.07422132401720542,
69,,,,,,yes,,10.0:100,720,2,14400.0:144000,Multilayer Perceptron,,,yes,>10,yes,"[continuous, discrete, nominal]",,,Image Data,1000.0:100000,<1,,Offline,Multiclass Classification,Image Recognition,,,,,,,0.50000,0.50000,,,,,,,,,,,,,,,,0.07183016831134362,,1.9753296285619495,0.3292216047603249,0.3292216047603249,3.950659257123899,0.12744062119754512,,,0.1519484329663038,0.15802637028495597,0.15802637028495597,0.17176779378799562,,,0.07454074070045093,0.060779373186521525,0.17176779378799562,,0.036580178306702765,0.060779373186521525,0.07054748673435533,
70,,,,,,yes,,100.0:500,720,2,14400.0:720000,Multilayer Perceptron,,,yes,>10,yes,"[continuous, discrete, nominal]",,,Image Data,1000.0:100000,<1,,Offline,Multiclass Classification,Image Recognition,,,,,,,1.00000,,,,,,,,,,,,,,,,,0.05688497718257738,,3.128673745041756,0.26072281208681297,0.26072281208681297,3.128673745041756,0.100924959517476,,,0.12033360557852908,0.12514694980167024,0.12514694980167024,0.13602929326268504,,,0.05903158009512747,0.04813344223141163,0.13602929326268504,,0.02896920134297922,0.04813344223141163,0.05586917401860278,
71,,,,,,yes,,<2,720,2,1.0:2880,Multilayer Perceptron,,,yes,>10,yes,"[continuous, discrete, nominal]",,,Image Data,1000.0:100000,<1,,Offline,Multiclass Classification,Image Recognition,,,,,,,1.00000,,,,,,,,,,,,,,,,,0.14848159808301642,,2.0416219736414756,0.6805406578804919,0.6805406578804919,4.083243947282951,0.2634350933730936,,,0.31409568825253475,0.32665951578263613,0.32665951578263613,0.35506469106808275,,,0.15408467725596042,0.1256382753010139,0.35506469106808275,,0.07561562865338799,0.1256382753010139,0.14583014097439112,
72,,,,,,yes,,2.0:50,720,2,2880.0:72000,Multilayer Perceptron,,,yes,>10,yes,"[continuous, discrete, nominal]",,,Image Data,1000.0:100000,<1,,Offline,Multiclass Classification,Image Recognition,,,,,,,0.50000,0.50000,,,,,,,,,,,,,,,,0.07557080263570005,,1.3854647149878345,0.34636617874695863,0.34636617874695863,4.156394144963504,0.13407723048269365,,,0.15986131326782707,0.16625576579854015,0.16625576579854015,0.18071278891145667,,,0.07842253103704723,0.06394452530713082,0.18071278891145667,,0.03848513097188429,0.06394452530713082,0.07422132401720542,
73,,,,,,yes,,50.0:200,720,2,72000.0:288000,Multilayer Perceptron,,,yes,>10,yes,"[continuous, discrete, nominal]",,,Image Data,1000.0:100000,<1,,Offline,Multiclass Classification,Image Recognition,,,,,,,0.33333,0.33333,0.33333,,,,,,,,,,,,,,,0.07183016831134362,,1.9753296285619495,0.3292216047603249,0.3292216047603249,3.950659257123899,0.12744062119754512,,,0.1519484329663038,0.15802637028495597,0.15802637028495597,0.17176779378799562,,,0.07454074070045093,0.060779373186521525,0.17176779378799562,,0.036580178306702765,0.060779373186521525,0.07054748673435533,
74,,,,,,yes,,<5,720,2,1.0:7200,Multilayer Perceptron,,,yes,>10,yes,"[continuous, discrete, nominal]",,,Image Data,1000.0:100000,<1,,Offline,Multiclass Classification,Image Recognition,,,,,,,1.00000,,,,,,,,,,,,,,,,,0.15811062997216002,,4.348042324234401,0.7246737207057334,0.7246737207057334,1.0870105810586002,0.28051885962802586,,,0.334464794171877,0.3478433859387521,0.3478433859387521,0.3780906368899479,,,0.164077068839034,0.1337859176687508,0.3780906368899479,,0.08051930230063704,0.1337859176687508,0.1552872258655143,
75,,,,,,yes,,5.0:50,720,2,7200.0:72000,Multilayer Perceptron,,,yes,>10,yes,"[continuous, discrete, nominal]",,,Image Data,1000.0:100000,<1,,Offline,Multiclass Classification,Image Recognition,,,,,,,0.50000,0.50000,,,,,,,,,,,,,,,,0.05688497718257738,,3.128673745041756,0.26072281208681297,0.26072281208681297,3.128673745041756,0.100924959517476,,,0.12033360557852908,0.12514694980167024,0.12514694980167024,0.13602929326268504,,,0.05903158009512747,0.04813344223141163,0.13602929326268504,,0.02896920134297922,0.04813344223141163,0.05586917401860278,
76,,,,,,yes,,50.0:500,720,2,72000.0:720000,Multilayer Perceptron,,,yes,>10,yes,"[continuous, discrete, nominal]",,,Image Data,1000.0:100000,<1,,Offline,Multiclass Classification,Image Recognition,,,,,,,1.00000,,,,,,,,,,,,,,,,,0.05688497718257738,,3.128673745041756,0.26072281208681297,0.26072281208681297,3.128673745041756,0.100924959517476,,,0.12033360557852908,0.12514694980167024,0.12514694980167024,0.13602929326268504,,,0.05903158009512747,0.04813344223141163,0.13602929326268504,,0.02896920134297922,0.04813344223141163,0.05586917401860278,
77,,,,,,,,<5,,,,Deep Neural Net,,,yes,>10,yes,"[continuous, discrete, nominal]",,,Image Data,1000.0:100000,<1,,Offline,Multiclass Classification,Image Recognition,,,,,,,,0.50000,0.50000,,,,,,,,,,,,,,,,,3.6985866610177234,,,,1.4794346644070895,,,0.2845066662321326,0.2958869328814179,0.2958869328814179,0.3216162313928455,,,0.13956930796293296,0.11380266649285303,0.3216162313928455,,0.06849234557440229,0.11380266649285303,0.13209238075063298,
78,,,,,,,,2.0:50,,,,Deep Neural Net,,,yes,>10,yes,"[continuous, discrete, nominal]",,,Image Data,1000.0:100000,<1,,Offline,Multiclass Classification,Image Recognition,,,,,,,0.50000,0.50000,,,,,,,,,,,,,,,,,,3.556978067562208,,,,2.1341868405373248,,,0.41042054625717783,0.4268373681074649,0.4268373681074649,0.4639536609863749,,,0.20133838118276648,0.16416821850287114,0.4639536609863749,,0.09880494632117243,0.16416821850287114,0.19055239647654684,
79,,,,,,,,50.0:200,,,,Deep Neural Net,,,yes,>10,yes,"[continuous, discrete, nominal]",,,Image Data,1000.0:100000,<1,,Offline,Multiclass Classification,Image Recognition,,,,,,,0.33333,0.33333,0.33333,,,,,,,,,,,,,,,,,3.6985866610177234,,,,1.4794346644070895,,,0.2845066662321326,0.2958869328814179,0.2958869328814179,0.3216162313928455,,,0.13956930796293296,0.11380266649285303,0.3216162313928455,,0.06849234557440229,0.11380266649285303,0.13209238075063298,
80,,,,,,,,<10,,,,Deep Neural Net,,,yes,>10,yes,"[continuous, discrete, nominal]",,,Image Data,1000.0:100000,<1,,Offline,Multiclass Classification,Image Recognition,,,,,,,0.33333,0.33333,0.33333,,,,,,,,,,,,,,,,,3.556978067562208,,,,2.1341868405373248,,,0.41042054625717783,0.4268373681074649,0.4268373681074649,0.4639536609863749,,,0.20133838118276648,0.16416821850287114,0.4639536609863749,,0.09880494632117243,0.16416821850287114,0.19055239647654684,
81,,,,,,,,10.0:200,,,,Deep Neural Net,,,yes,>10,yes,"[continuous, discrete, nominal]",,,Image Data,1000.0:100000,<1,,Offline,Multiclass Classification,Image Recognition,,,,,,,0.50000,0.50000,,,,,,,,,,,,,,,,,,3.7211323498050994,,,,0.7442264699610199,,,0.14312047499250383,0.14884529399220398,0.14884529399220398,0.16178836303500432,,,0.07021004433594527,0.057248189997001535,0.16178836303500432,,0.03445492916486203,0.057248189997001535,0.06644879196080535,
82,,,,,,,,,,1,1.0:10,Support Vector Machine,,,,1.0:3,no,[continuous],,,Image Data,,,,Offline,Multiclass Classification,Image Recognition,,,,,,,,,,,,,,0.33333,,0.33333,0.33333,,,,,,,,,,,0.062010960268969594,3.410602814793328,0.1705301407396664,,,,0.13642411259173312,0.03747915181091569,0.1065813379622915,,,0.06435099650553448,,,,0.031579655692530816,0.05247081253528197,0.060903621692738,
83,,,,,,,,,,1,10.0:40,Support Vector Machine,,,,1.0:3,no,[continuous],,,Image Data,,,,Offline,Multiclass Classification,Image Recognition,,,,,,,,,,,,,,,,1.00000,,,,,,,,,,,,0.062010960268969594,3.410602814793328,0.1705301407396664,,,,0.13642411259173312,0.03747915181091569,0.1065813379622915,,,0.06435099650553448,,,,0.031579655692530816,0.05247081253528197,0.060903621692738,
84,,,,,,,,,,1,40.0:100,Support Vector Machine,,,,1.0:3,no,[continuous],,,Image Data,,,,Offline,Multiclass Classification,Image Recognition,,,,,,,,,,,,,,0.50000,,0.50000,,,,,,,,,,,,0.062010960268969594,3.410602814793328,0.1705301407396664,,,,0.13642411259173312,0.03747915181091569,0.1065813379622915,,,0.06435099650553448,,,,0.031579655692530816,0.05247081253528197,0.060903621692738,
85,,,,,,,,,,1,100.0:400,Support Vector Machine,,,,1.0:3,no,[continuous],,,Image Data,,,,Offline,Multiclass Classification,Image Recognition,,,,,,,,,,,,,,0.33333,,0.33333,0.33333,,,,,,,,,,,0.062010960268969594,3.410602814793328,0.1705301407396664,,,,0.13642411259173312,0.03747915181091569,0.1065813379622915,,,0.06435099650553448,,,,0.031579655692530816,0.05247081253528197,0.060903621692738,
86,,,,,,,,,,1,400.0:50000,Support Vector Machine,,,,1.0:3,no,[continuous],,,Image Data,,,,Offline,Multiclass Classification,Image Recognition,,,,,,,,,,0.25000,,,,0.25000,,0.25000,0.25000,,,,,,,,,,,0.062010960268969594,3.410602814793328,0.1705301407396664,,,,0.13642411259173312,0.03747915181091569,0.1065813379622915,,,0.06435099650553448,,,,0.031579655692530816,0.05247081253528197,0.060903621692738,
87,,,,,,,,,,1,50000.0:500000,Support Vector Machine,,,,1.0:3,no,[continuous],,,Image Data,,,,Offline,Multiclass Classification,Image Recognition,,,,,,,,,0.20000,0.20000,,,,0.20000,,0.20000,0.20000,,,,,,,,,,,0.062010960268969594,3.410602814793328,0.1705301407396664,,,,0.13642411259173312,0.03747915181091569,0.1065813379622915,,,0.06435099650553448,,,,0.031579655692530816,0.05247081253528197,0.060903621692738,
88,,,,,,,,,,1,>500000,Support Vector Machine,,,,1.0:3,no,[continuous],,,Image Data,,,,Offline,Multiclass Classification,Image Recognition,,0.05882,0.05882,0.05882,0.05882,0.05882,0.05882,0.05882,0.05882,0.05882,0.05882,0.05882,0.05882,0.05882,0.05882,0.05882,0.05882,0.05882,,,,,,,,,,0.062010960268969594,3.410602814793328,0.1705301407396664,,,,0.13642411259173312,0.03747915181091569,0.1065813379622915,,,0.06435099650553448,,,,0.031579655692530816,0.05247081253528197,0.060903621692738,
89,,,,,,,,,,1,1.0:4000,Multilayer Perceptron,,,,4.0:10,no,"[continuous, discrete]",,,Tabular Data,,,,Offline,Binary Classification,,,,,,,,,,,,,,,0.33333,,,0.33333,0.33333,,,,,,,,,,0.12065927442288894,3.318130046629446,0.2140729062341578,,,,0.09480371561798417,0.07292593509075707,0.1580061926966403,,,0.1580061926966403,,,,0.06144685271536011,0.25524077281764973,,
90,,,,,,,,,,1,4000.0:100000,Multilayer Perceptron,,,,4.0:10,no,"[continuous, discrete]",,,Tabular Data,,,,Offline,Binary Classification,,,,,,,,,,,,,,,,,,1.00000,,,,,,,,,,,0.12065927442288894,3.318130046629446,0.2140729062341578,,,,0.09480371561798417,0.07292593509075707,0.1580061926966403,,,0.1580061926966403,,,,0.06144685271536011,0.25524077281764973,,
91,,,,,,,,,,1,1.0:10000,Multilayer Perceptron,,,,4.0:10,no,"[continuous, discrete]",,,Tabular Data,,,,Offline,Binary Classification,,,,,,,,,,,,,,,0.33333,,,0.33333,0.33333,,,,,,,,,,0.059092659397312126,3.250096266852167,0.10484181505974732,,,,0.04642994666931667,0.03571534359178206,0.07738324444886112,,,0.07738324444886112,,,,0.03009348395233488,0.1250037025712372,,
92,,,,,,,,,,1,10000.0:100000,Multilayer Perceptron,,,,4.0:10,no,"[continuous, discrete]",,,Tabular Data,,,,Offline,Binary Classification,,,,,,,,,,,,,,,,,,1.00000,,,,,,,,,,,0.059092659397312126,3.250096266852167,0.10484181505974732,,,,0.04642994666931667,0.03571534359178206,0.07738324444886112,,,0.07738324444886112,,,,0.03009348395233488,0.1250037025712372,,
93,,,,,,,,,,1,1.0:100,Multilayer Perceptron,,,,4.0:10,no,"[continuous, discrete]",,,Tabular Data,1000.0:100000,1.0:4,,Offline,Multiclass Classification,Image Recognition,,,,,,,,,,,,,,0.33333,,,0.33333,0.33333,,,,,,,,,,0.43956152699253814,4.0293139974316,0.7798672253093418,,,,0.3453697712084228,0.2656690547757099,0.5756162853473713,,,0.5756162853473713,0.37193667668599384,0.5896557069412097,,0.22385077763508884,0.37193667668599384,0.4317122140105285,
94,,,,,,,,,,1,100.0:2000,Multilayer Perceptron,,,,4.0:10,no,"[continuous, discrete]",,,Tabular Data,1000.0:100000,1.0:4,,Offline,Multiclass Classification,Image Recognition,,,,,,,,,,,,,,,,,1.00000,,,,,,,,,,,0.06701990085749861,3.686094547162423,0.11890627571491687,,,,0.052658493530891755,0.04050653348530136,0.08776415588481959,,,0.08776415588481959,0.0567091468794219,0.08990474505274203,,0.034130505066318734,0.0567091468794219,0.0658231169136147,
95,,,,,,,,,,1,2000.0:20000,Multilayer Perceptron,,,,4.0:10,no,"[continuous, discrete]",,,Tabular Data,1000.0:100000,1.0:4,,Offline,Multiclass Classification,Image Recognition,,,,,,,,,0.50000,,,,,,,,0.50000,,,,,,,,,,,0.06701990085749861,3.686094547162423,0.11890627571491687,,,,0.052658493530891755,0.04050653348530136,0.08776415588481959,,,0.08776415588481959,0.0567091468794219,0.08990474505274203,,0.034130505066318734,0.0567091468794219,0.0658231169136147,
96,,,,,,,,,,1,20000.0:40000,Multilayer Perceptron,,,,4.0:10,no,"[continuous, discrete]",,,Tabular Data,1000.0:100000,1.0:4,,Offline,Multiclass Classification,Image Recognition,,,,,,,,0.33333,0.33333,,,,,,,,0.33333,,,,,,,,,,,0.06701990085749861,3.686094547162423,0.11890627571491687,,,,0.052658493530891755,0.04050653348530136,0.08776415588481959,,,0.08776415588481959,0.0567091468794219,0.08990474505274203,,0.034130505066318734,0.0567091468794219,0.0658231169136147,
97,,,,,,,,,,1,1.0:4000,Multilayer Perceptron,,,,4.0:10,no,"[continuous, discrete]",,,Image Data,1000.0:100000,>4,,Offline,Multiclass Classification,Image Recognition,,,,,,,,,,,,,,0.50000,,,0.50000,,,,,,,,,,,0.1367946089650038,3.761851746537605,0.24270011267984548,,,,0.107481478472503,0.08267806036346385,0.17913579745417166,,,0.14195666968066434,0.11574928450884939,0.3959843943723795,,0.06966392123217786,0.11574928450884939,0.13435184809062875,
98,,,,,,,,,,1,4000.0:100000,Multilayer Perceptron,,,,4.0:10,no,"[continuous, discrete]",,,Image Data,1000.0:100000,>4,,Offline,Multiclass Classification,Image Recognition,,,,,,,,0.33333,0.33333,,,,,,,,0.33333,,,,,,,,,,,0.1367946089650038,3.761851746537605,0.24270011267984548,,,,0.107481478472503,0.08267806036346385,0.17913579745417166,,,0.14195666968066434,0.11574928450884939,0.3959843943723795,,0.06966392123217786,0.11574928450884939,0.13435184809062875,
99,,,,,,,,,,1,1.0:1000,Multilayer Perceptron,,,,4.0:10,no,"[continuous, discrete]",,,Image Data,1000.0:100000,1.0:4,,Offline,Multiclass Classification,Image Recognition,,,,,,,,,,,,,,0.33333,,,0.33333,0.33333,,,,,,,,,,0.20828615128370717,3.8185794402012982,0.3695399458259321,,,,0.16365340458005564,0.12588723429235052,0.27275567430009273,,,0.2161460060491301,0.1762421280092907,0.27940825172204625,,0.10607165111670273,0.1762421280092907,0.20456675572506955,
100,,,,,,,,,,1,1000.0:10000,Multilayer Perceptron,,,,4.0:10,no,"[continuous, discrete]",,,Image Data,1000.0:100000,1.0:4,,Offline,Multiclass Classification,Image Recognition,,,,,,,,,,,,,,,,,1.00000,,,,,,,,,,,0.13641251957323988,3.7513442882640966,0.24202221214607075,,,,0.10718126537897418,0.08244712721459553,0.17863544229829031,,,0.14156016182128667,0.11542597810043374,0.18299240430556568,,0.06946933867155734,0.11542597810043374,0.13397658172371774,
101,,,,,,,,,,1,1.0:1000,Multilayer Perceptron,,,,4.0:10,no,"[continuous, discrete]",,,Tabular Data,,,,Offline,Binary Classification,,,,,,,,,,,,,,,0.33000,,,0.33000,0.33000,,,,,,,,,,0.18467348063499897,3.3856804783083145,0.32764649790080463,,,,0.1451005919274992,0.11161583994423016,0.24183431987916532,,,0.24183431987916532,,,,0.09404667995300874,0.39065543980480555,,
102,,,,,,,,,,1,1000.0:100000,Multilayer Perceptron,,,,4.0:10,no,"[continuous, discrete]",,,Tabular Data,,,,Offline,Binary Classification,,,,,,,,,,,,,,,,,,1.00000,,,,,,,,,,,0.059092659397312126,3.250096266852167,0.10484181505974732,,,,0.04642994666931667,0.03571534359178206,0.07738324444886112,,,0.07738324444886112,,,,0.03009348395233488,0.1250037025712372,,
103,,,,,,,,<100,,,,Support Vector Machine,,,,1.0:3,no,[continuous],,,,,,no,Offline,Multiclass Classification,,,,,,,,,,1.00000,,,,,,,,,,,,,,,,,2.6758313917002217,,,,0.8027494175100666,,,,0.6421995340080533,0.17642844340880584,0.5017183859437916,,,,,,2.6758313917002217,0.1486572995389012,0.24699982077232818,,
104,,,,,,,,<40,,,,Support Vector Machine,,,,1.0:3,no,[continuous],,,,,,yes,Offline,Multiclass Classification,,,,,,,,,,1.00000,,,,,,,,,,,,,,,,,3.1196196542451515,,,,0.15598098271225758,,,,0.12478478616980607,0.03428153466203463,0.09748811419516099,,,,,,0.2228299753032251,0.028885367168936586,0.04799414852684849,,
105,,,,,,,,40.0:100,,,,Support Vector Machine,,,,1.0:3,no,[continuous],,,,,,yes,Offline,Multiclass Classification,,,,,,,,,,,,1.00000,,,,,,,,,,,,,,,3.1196196542451515,,,,0.15598098271225758,,,,0.12478478616980607,0.03428153466203463,0.09748811419516099,,,,,,0.2228299753032251,0.028885367168936586,0.04799414852684849,,
106,,,,,,,,<50,,,,Multilayer Perceptron,,,,4.0:10,no,"[continuous, discrete]",,,,,,no,Offline,Multiclass Classification,,,,,,,,,,,,1.00000,,,,,,,,,,,,,,,2.926360335683968,,,,0.3775948820237378,,,,0.16722059061051245,0.12863122354654805,0.27870098435085405,,,,,,1.9509068904559785,0.10838371613644325,0.18008371296516726,,
107,,,,,,,,50.0:100,,,,Multilayer Perceptron,,,,4.0:10,no,"[continuous, discrete]",,,,,,no,Offline,Multiclass Classification,,,,,,,,,,1.00000,,,,,,,,,,,,,,,,,3.1091439217165444,,,,0.10029496521666272,,,,0.04441634173880778,0.03416641672215983,0.07402723623134629,,,,,,0.5181906536194241,0.028788369645523556,0.04783298341102376,,
108,,,,,,,,<100,,,,Multilayer Perceptron,,,,4.0:10,no,"[continuous, discrete]",,,,,,yes,Offline,Multiclass Classification,,,,,,,,,,,,1.00000,,,,,,,,,,,,,,,3.305717717328655,,,,0.6398163323861914,,,,0.28334723291388475,0.2179594099337575,0.4722453881898079,,,,,,1.4167361645694236,0.1836509842960364,0.30514317390726053,,
109,,,,,,,,<30,,,,XGBoost,,,,4.0:10,no,"[continuous, discrete]",,,,,,no,Offline,Regression,,,,,,,,,,,,1.00000,,,,,,,,,,,,,,,3.204195206859217,,,,0.7120433793020483,,,,0.09154843448169192,0.07042187267822457,0.1525807241361532,,,,,,1.0680650689530724,0.05933694827517069,0.35602168965102415,,
110,,,,,,,,30.0:100,,,,XGBoost,,,,4.0:10,no,"[continuous, discrete]",,,,,,no,Offline,Regression,,,,,,,,,,1.00000,,,,,,,,,,,,,,,,,3.204195206859217,,,,0.7120433793020483,,,,0.09154843448169192,0.07042187267822457,0.1525807241361532,,,,,,1.0680650689530724,0.05933694827517069,0.35602168965102415,,
111,,,,,,,,<30,,,,XGBoost,,,,4.0:10,no,"[continuous, discrete]",,,,,,yes,Offline,Regression,,,,,,,,,,,,1.00000,,,,,,,,,,,,,,,3.225619563426285,,,,0.7168043474280633,,,,0.09216055895503672,0.07089273765772056,0.15360093159172786,,,,,,0.4608027947751836,0.05973369561900528,0.35840217371403166,,
112,,,,,,,,30.0:100,,,,XGBoost,,,,4.0:10,no,"[continuous, discrete]",,,,,,yes,Offline,Regression,,,,,,,,,,1.00000,,,,,,,,,,,,,,,,,3.225619563426285,,,,0.7168043474280633,,,,0.09216055895503672,0.07089273765772056,0.15360093159172786,,,,,,0.4608027947751836,0.05973369561900528,0.35840217371403166,,
113,,,,,,yes,,<200,1800,17,1.0:360000,Convolutional Neural Net,,,,>10,no,"[continuous, discrete]",,,Image Data,1000.0:100000,>4,,Offline,Multiclass Classification,Image Recognition,,,,,,,,1.00000,,,,,,,,,,,,,,,,0.06594086471317086,,0.4533434449030496,1.8133737796121985,1.8133737796121985,3.626747559224397,0.2014859755124665,,,,0.14506990236897588,0.03985436878268569,0.08635113236248564,,,0.068429199230649,0.05579611629575996,0.19088145048549457,,0.033580995918744416,0.05579611629575996,0.06476334927186422,
114,,,,,,yes,,200.0:1000,1800,17,360000.0:1800000,Convolutional Neural Net,,,,>10,no,"[continuous, discrete]",,,Image Data,1000.0:100000,>4,,Offline,Multiclass Classification,Image Recognition,,,,1.00000,,,,,,,,,,,,,,,,,,,,0.05258301114749478,,2.8920656131122127,1.4460328065561063,1.4460328065561063,2.8920656131122127,0.16067031183956737,,,,0.11568262452448852,0.03178094080343091,0.0688587050741003,,,0.054567275719098356,0.044493317124803276,0.15221397963748487,,0.02677838530659456,0.044493317124803276,0.051644028805575226,
115,,,,,,,,<200,,,,Synthetic Function,,,,1.0:3,no,[continuous],,,,,,,Offline,,Synthetic Function,,,,,,,,,0.33333,,0.33333,0.33333,,,,,,,,,,,,,,0.5968854924355982,,,,2.3875419697423927,,,,0.1910033575793914,0.052473449884448194,0.14922137310889955,,,,,,,0.04421374018041468,,2.3875419697423927,
116,,,,,,,,<200,,,,Synthetic Function,,,,4.0:10,no,[continuous],,,,,,,Offline,,Synthetic Function,,,,,,,,,0.33333,,0.33333,0.33333,,,,,,,,,,,,,,0.5897749810118067,,,,2.359099924047227,,,,0.06740285497277791,0.05184834997905994,0.14744374525295167,,,,,,,0.0436870356305042,,2.359099924047227,
117,,,,,,,,<100,,,,Logistic Regression,,,,4.0:10,no,[continuous],,,Image Data,1000.0:100000,>4,,Offline,Multiclass Classification,Image Recognition,,,,,,,,,0.50000,,,0.50000,,,,,,,,,,,,,,3.130584350355879,,,,2.683358014590753,,,,0.2683358014590753,0.2064121549685195,0.5869845656917273,,,0.3544057755119863,0.2889770169559273,0.9886055843229091,,0.17392135279754883,0.2889770169559273,0.33541975182384415,
118,,,,,,,,<50,,,,Latent Dirichlet Allocation (HPOlib),,,,1.0:3,no,[discrete],,,Text Data,,,,Offline,Text,,,,,,,,,,0.50000,,,0.50000,,,,,,,,,,,,,,2.2392872961724164,,,,2.2392872961724164,,,,0.3582859673875866,0.09843021082076556,2.2392872961724164,,,2.2392872961724164,,,,0.0829365665249043,2.2392872961724164,,
119,,,,,,,,<100,,,,Support Vector Machine,,,,1.0:3,no,[discrete],,,Tabular Data,,,,Offline,Multiclass Classification,,,,,,,,0.25000,,0.25000,,0.25000,0.25000,,,,,,,,,,,,,,2.004110182124237,,,,0.6012330546372712,,,,0.48098644370981686,0.13213913288731233,3.0061652731863555,,,0.28630145458917666,,,,0.1113394545624576,0.18499478604223726,,
120,,,,,,,,<50,,,,Support Vector Machine,,,,1.0:3,no,[discrete],,,Tabular Data,<1000,1.0:4,,Offline,Multiclass Classification,,,,,,,,,,,0.50000,0.50000,,,,,,,,,,,,,,,2.6674528676120035,,,,0.5334905735224007,,,,0.42679245881792055,0.11725067549942873,2.6674528676120035,,,0.25404313024876224,1.7783019117413355,0.26023930415726865,,0.09879455065229642,0.16415094569920022,,
121,,,,,,,,>50,,,,Support Vector Machine,,,,1.0:3,no,[discrete],,,Tabular Data,<1000,1.0:4,,Offline,Multiclass Classification,,,0.05882,0.05882,0.05882,0.05882,0.05882,0.05882,0.05882,0.05882,0.05882,0.05882,0.05882,0.05882,0.05882,0.05882,0.05882,0.05882,0.05882,,,,,,,,3.0209901674226187,,,,0.4531485251133929,,,,0.3625188200907143,0.09959308244250394,2.2657426255669644,,,0.2157850119587585,1.5104950837113094,0.22104806103092334,,0.08391639353951719,0.1394303154195055,,
122,,,,,,,,<50,,,,Random Forest,,,,4.0:10,no,"[discrete, nominal]",,,Tabular Data,<1000,1.0:4,,Offline,Binary Classification,Classification,,,,,,,,,,0.50000,0.50000,,,,,,,,,,,,,,,1.7143050512111155,,,,0.40336589440261544,,,,0.09796028864063518,0.07535406818510398,1.3714440409688926,,,0.16326714773439197,1.1428700341407436,0.16724927328888933,,0.06349277967448576,0.26373923864786397,3.428610102422231,
123,,,,,,,,>50,,,,Random Forest,,,,4.0:10,no,"[discrete, nominal]",,,Tabular Data,<1000,1.0:4,,Offline,Binary Classification,Classification,,0.05882,0.05882,0.05882,0.05882,0.05882,0.05882,0.05882,0.05882,0.05882,0.05882,0.05882,0.05882,0.05882,0.05882,0.05882,0.05882,0.05882,,,,,,,,2.158747365671629,,,,0.38095541747146394,,,,0.09251774424306981,0.07116749557159217,1.2952484194029774,,,0.15419624040511634,1.0793736828358145,0.15795712431743628,,0.05996520460198969,0.24908623450057257,3.2381210485074434,
124,,,,,,yes,,,,8,1.0:100000,Convolutional Neural Net,,yes,,4.0:10,no,"[continuous, discrete, nominal]",,,Image Data,1000.0:100000,>4,,Offline,Multiclass Classification,Image Recognition,,,,,,,,,,,0.50000,0.50000,,,,,,,,,,,,0.07252659312404727,,,,0.39889626218226004,3.9889626218226,0.2216090345457,,0.12867621360718065,,0.05698518031175143,0.04383475408596264,0.17343315747054783,,,0.07526344569476603,0.0613686557203477,0.2099454011485579,,0.03693483909095,0.0613686557203477,0.07123147538968928,
125,,,,,,yes,,,,8,100000.0:250000,Convolutional Neural Net,,yes,,4.0:10,no,"[continuous, discrete, nominal]",,,Image Data,1000.0:100000,>4,,Offline,Multiclass Classification,Image Recognition,,,,,,,,,,,1.00000,,,,,,,,,,,,,0.07252659312404727,,,,0.39889626218226004,3.9889626218226,0.2216090345457,,0.12867621360718065,,0.05698518031175143,0.04383475408596264,0.17343315747054783,,,0.07526344569476603,0.0613686557203477,0.2099454011485579,,0.03693483909095,0.0613686557203477,0.07123147538968928,
126,,,,,,yes,,,,8,>250000,Convolutional Neural Net,,yes,,4.0:10,no,"[continuous, discrete, nominal]",,,Image Data,1000.0:100000,>4,,Offline,Multiclass Classification,Image Recognition,,0.05882,0.05882,0.05882,0.05882,0.05882,0.05882,0.05882,0.05882,0.05882,0.05882,0.05882,0.05882,0.05882,0.05882,0.05882,0.05882,0.05882,,,,,,0.07252659312404727,,,,0.39889626218226004,3.9889626218226,0.2216090345457,,0.12867621360718065,,0.05698518031175143,0.04383475408596264,0.17343315747054783,,,0.07526344569476603,0.0613686557203477,0.2099454011485579,,0.03693483909095,0.0613686557203477,0.07123147538968928,
127,,,,,,no,,,,1,1.0:150000,Convolutional Neural Net,,yes,,4.0:10,no,"[continuous, discrete]",,,Image Data,1000.0:100000,>4,,Offline,Multiclass Classification,Image Recognition,,,,,,,,,,,,,0.25000,0.25000,0.25000,,0.25000,,,,,,,0.2190911421157403,,,,0.14738858651422526,4.053186129141195,0.4503540143490216,,0.2614958792994319,,0.11580531797546272,0.08908101382727902,0.19300886329243785,,,0.15295041996759226,0.12471341935819062,0.4266511714885468,,0.07505900239150361,0.12471341935819062,0.1447566474693284,
128,,,,,,no,,,,1,>150000,Convolutional Neural Net,,yes,,4.0:10,no,"[continuous, discrete]",,,Image Data,1000.0:100000,>4,,Offline,Multiclass Classification,Image Recognition,,,,,,,,,,,,,0.25000,0.25000,0.25000,,0.25000,,,,,,,0.2190911421157403,,,,0.14738858651422526,4.053186129141195,0.4503540143490216,,0.2614958792994319,,0.11580531797546272,0.08908101382727902,0.19300886329243785,,,0.15295041996759226,0.12471341935819062,0.4266511714885468,,0.07505900239150361,0.12471341935819062,0.1447566474693284,
129,,,,,,no,,,,1,1.0:30000,Convolutional Neural Net,,yes,,4.0:10,no,"[continuous, discrete]",,,Image Data,1000.0:100000,>4,,Offline,Multiclass Classification,Image Recognition,,,,,0.25000,,,,,,,,0.25000,0.25000,0.25000,,,,,,,,,0.1073606625587293,,,,0.07222444572132697,3.972344514672984,0.2206858063707213,,0.12814014563461237,,0.056747778781042625,0.04365213752387895,0.0945796313017377,,,0.07494989650326384,0.06111299253343052,0.20907076393015703,,0.03678096772845355,0.06111299253343052,0.07093472347630328,
130,,,,,,no,,,,1,30000.0:90000,Convolutional Neural Net,,yes,,4.0:10,no,"[continuous, discrete]",,,Image Data,1000.0:100000,>4,,Offline,Multiclass Classification,Image Recognition,,,,,0.20000,,,,,,,,0.20000,0.20000,0.20000,,0.20000,,,,,,,0.1073606625587293,,,,0.07222444572132697,3.972344514672984,0.2206858063707213,,0.12814014563461237,,0.056747778781042625,0.04365213752387895,0.0945796313017377,,,0.07494989650326384,0.06111299253343052,0.20907076393015703,,0.03678096772845355,0.06111299253343052,0.07093472347630328,
131,,,,,,no,,,,1,>90000,Convolutional Neural Net,,yes,,4.0:10,no,"[continuous, discrete]",,,Image Data,1000.0:100000,>4,,Offline,Multiclass Classification,Image Recognition,,,,,0.25000,,,,,,,,0.25000,,0.25000,,0.25000,,,,,,,0.2190911421157403,,,,0.14738858651422526,4.053186129141195,0.4503540143490216,,0.2614958792994319,,0.11580531797546272,0.08908101382727902,0.19300886329243785,,,0.15295041996759226,0.12471341935819062,0.4266511714885468,,0.07505900239150361,0.12471341935819062,0.1447566474693284,
132,,,,,,yes,,,,25,1.0:60000,Convolutional Neural Net,,yes,,4.0:10,no,"[continuous, discrete]",,,Image Data,1000.0:100000,>4,,Offline,Multiclass Classification,Image Recognition,,,,,1.00000,,,,,,,,,,,,,,,,,,,0.07203289563699758,,,,0.7923618520069735,3.961809260034867,0.22010051444638148,,0.12780029871080217,,0.05659727514335524,0.04353636549488865,0.09432879190559207,,,0.07475111811386541,0.06095091169284411,0.20851627684394036,,0.036683419074396914,0.06095091169284411,0.07074659392919405,
133,,,,,,yes,,,,25,60000.0:90000,Convolutional Neural Net,,yes,,4.0:10,no,"[continuous, discrete]",,,Image Data,1000.0:100000,>4,,Offline,Multiclass Classification,Image Recognition,,,,,,,,,,,,,,,1.00000,,,,,,,,,0.07203289563699758,,,,0.7923618520069735,3.961809260034867,0.22010051444638148,,0.12780029871080217,,0.05659727514335524,0.04353636549488865,0.09432879190559207,,,0.07475111811386541,0.06095091169284411,0.20851627684394036,,0.036683419074396914,0.06095091169284411,0.07074659392919405,
134,,,,,,yes,,,,25,>90000,Convolutional Neural Net,,yes,,4.0:10,no,"[continuous, discrete]",,,Image Data,1000.0:100000,>4,,Offline,Multiclass Classification,Image Recognition,,,,,,,,,,,,,0.33333,,0.33333,,0.33333,,,,,,,0.14181352511813955,,,,1.5599487762995352,3.899871940748838,0.43331910452764866,,0.2516046413386347,,0.11142491259282394,0.08571147122524919,0.18570818765470656,,,0.14716497889618255,0.11999605971534887,0.41051283586829873,,0.0722198507546081,0.11999605971534887,0.13928114074102993,
135,,,,,,yes,,,,25,1.0:150000,Convolutional Neural Net,,yes,,4.0:10,no,"[continuous, discrete]",,,Image Data,1000.0:100000,>4,,Offline,Multiclass Classification,Image Recognition,,,,,0.50000,,,,,,,,,,0.50000,,,,,,,,,0.14181352511813955,,,,1.5599487762995352,3.899871940748838,0.43331910452764866,,0.2516046413386347,,0.11142491259282394,0.08571147122524919,0.18570818765470656,,,0.14716497889618255,0.11999605971534887,0.41051283586829873,,0.0722198507546081,0.11999605971534887,0.13928114074102993,
136,,,,,,yes,,,,25,>150000,Convolutional Neural Net,,yes,,4.0:10,no,"[continuous, discrete]",,,Image Data,1000.0:100000,>4,,Offline,Multiclass Classification,Image Recognition,,,,,0.50000,,,,,,,,,,0.50000,,,,,,,,,0.14181352511813955,,,,1.5599487762995352,3.899871940748838,0.43331910452764866,,0.2516046413386347,,0.11142491259282394,0.08571147122524919,0.18570818765470656,,,0.14716497889618255,0.11999605971534887,0.41051283586829873,,0.0722198507546081,0.11999605971534887,0.13928114074102993,
137,,,,,,,,,,,,,yes,,,,,,,,,,,,,,,,,,,,,,,,,,,,,,,1.00000,,,,,,,,,,,,,,0.047619047619047616,,,,,,,,,,,,,,,
138,,,,,,,,,,,1.0:86400,,no,,,,no,[continuous],,,,,,,,,,,,,,,,,,1.00000,,,,,,,,,,,,,,,,,,,,2.9074690598879207,,2.725752243644926,,,,0.4792531417397672,1.362876121822463,,,,,,,,,,
139,,,,,,,,,,,,,no,,,>10,yes,,,,,,,,,,,,,,,,,0.50000,0.50000,,,,,,,,,,,,,,,,,,,,,,,5.892556509887896,,,3.771236166328254,3.771236166328254,,,,,,,,,,,
140,,,,,,,,,,,>86400,,yes,,,,,[continuous],,,,,,,,,,,,,1.00000,,,,,,,,,,,,,,,,,,,,,,,,,2.3018618587143567,,0.21922493892517683,,,,,0.1438663661696473,,,,,,,,,,
141,,,,,,,,,,,.0,,,,,,,,,,,,,,,,,1.00000,,,,,,,,,,,,,,,,,,,,,,,,,,,,0.14285714285714285,,,,,,,,,,,,,,,,,
142,,,,,,,,,,,.0,,,,,,,,,,,,,,,,,1.00000,,,,,,,,,,,,,,,,,,,,,,,,,,,,0.14285714285714285,,,,,,,,,,,,,,,,,
143,,,,,,,,,,,.0,,,,,,,,,,,,,,,,,1.00000,,,,,,,,,,,,,,,,,,,,,,,,,,,,0.14285714285714285,,,,,,,,,,,,,,,,,
144,,,,,,,,,,,.0,,,,,,,,,,,,,,,,,1.00000,,,,,,,,,,,,,,,,,,,,,,,,,,,,0.14285714285714285,,,,,,,,,,,,,,,,,
145,,,,,,,,,,,.0,,,,,,,,,,,,,,,,,1.00000,,,,,,,,,,,,,,,,,,,,,,,,,,,,0.14285714285714285,,,,,,,,,,,,,,,,,
146,,,,,,,,,,,.0,,,,,,,,,,,,,,,,,1.00000,,,,,,,,,,,,,,,,,,,,,,,,,,,,0.14285714285714285,,,,,,,,,,,,,,,,,
147,,,,,,,,,,,.0,,,,,,,,,,,,,,,,,1.00000,,,,,,,,,,,,,,,,,,,,,,,,,,,,0.14285714285714285,,,,,,,,,,,,,,,,,
148,,,,,,,,,,,1.0:7200,,,,,,,,,,,,,,,,,0.20000,,,,,,,,,,,,0.20000,0.20000,0.20000,,0.20000,,,,,,,,,,,,0.125,,,,,,,,,,,,,,,,,
149,,,,,,,,,,,1.0:7200,,,,,,,,,,,,,,,,,0.20000,,,,,,,,,,,,0.20000,0.20000,0.20000,,,,,,,,,,,,,,0.125,,,,,,,,,,,,,,,,,
150,,,,,,,,,,,1.0:7200,,,,,,,,,,,,,,,,,0.20000,,,,,,,,,,,,0.20000,0.20000,0.20000,,,,,,,,,,,,,,0.125,,,,,,,,,,,,,,,,,
151,,,,,,,,,,,1.0:7200,,,,,,,,,,,,,,,,,0.20000,,,,,,,,,,,,0.20000,0.20000,0.20000,,,,,,,,,,,,,,0.125,,,,,,,,,,,,,,,,,
152,,,,,,,,,,,1.0:7200,,,,,,,,,,,,,,,,,0.20000,,,,,,,,,,,,0.20000,0.20000,0.20000,,,,,,,,,,,,,,0.125,,,,,,,,,,,,,,,,,
153,,,,,,,,,,,1.0:7200,,,,,,,,,,,,,,,,,0.20000,,,,,,,,,,,,0.20000,0.20000,0.20000,,,,,,,,,,,,,,0.125,,,,,,,,,,,,,,,,,
154,,,,,,,,,,,1.0:7200,,,,,,,,,,,,,,,,,0.16667,,,,,,,,,,,,0.16667,0.16667,0.16667,0.16667,0.16667,,,,,,,,,,,,0.125,,,,,,,,,,,,,,,,,
155,,,,,,,,,,,7200.0:172800,,,,,,,,,,,,,,,,,0.08,,,,,0.08,0.08,0.08,,0.08,0.08,0.08,0.08,0.08,0.08,0.08,0.08,0.08,,,,,,,,,,,0.1,,,,,,,,,,,,,,,,,
156,,,,,,,,,,,7200.0:172800,,,,,,,,,,,,,,,,,0.07143,0.07143,,,,0.07143,0.07143,0.07143,,0.07143,0.07143,0.07143,0.07143,0.07143,0.07143,0.07143,0.07143,0.07143,,,,,,,,,,,0.1,,,,,,,,,,,,,,,,,
157,,,,,,,,,,,7200.0:172800,,,,,,,,,,,,,,,,,0.07143,0.07143,,,,0.07143,0.07143,0.07143,,0.07143,0.07143,0.07143,0.07143,0.07143,0.07143,0.07143,0.07143,0.07143,,,,,,,,,,,0.1,,,,,,,,,,,,,,,,,
158,,,,,,,,,,,7200.0:172800,,,,,,,,,,,,,,,,,0.07143,0.07143,,,,0.07143,0.07143,0.07143,,0.07143,0.07143,0.07143,0.07143,0.07143,0.07143,0.07143,0.07143,0.07143,,,,,,,,,,,0.1,,,,,,,,,,,,,,,,,
159,,,,,,,,,,,7200.0:172800,,,,,,,,,,,,,,,,,0.07143,0.07143,,,,0.07143,0.07143,0.07143,,0.07143,0.07143,0.07143,0.07143,0.07143,0.07143,0.07143,0.07143,0.07143,,,,,,,,,,,0.1,,,,,,,,,,,,,,,,,
160,,,,,,,,,,,7200.0:172800,,,,,,,,,,,,,,,,,0.07143,0.07143,,,,0.07143,0.07143,0.07143,,0.07143,0.07143,0.07143,0.07143,0.07143,0.07143,0.07143,0.07143,0.07143,,,,,,,,,,,0.1,,,,,,,,,,,,,,,,,
161,,,,,,,,,,,7200.0:172800,,,,,,,,,,,,,,,,,0.07143,0.07143,,,,0.07143,0.07143,0.07143,,0.07143,0.07143,0.07143,0.07143,0.07143,0.07143,0.07143,0.07143,0.07143,,,,,,,,,,,0.1,,,,,,,,,,,,,,,,,
162,,,,,,,,,,,1.0:172800,,yes,,,,,,,,,>100000,,,,,,,,,,,,,,,,,,0.16667,0.16667,0.16667,0.16667,0.16667,0.16667,,,,,,,,,,,2.6119277276895674,,2.114417684320126,,,,,,,,,4.440277137072265,,,,,,
163,,,,,,,,,,,1.0:172800,,yes,,,,,,,,,,,,,,,,,,,,,,,,,,,0.16667,0.16667,0.16667,0.16667,0.16667,0.16667,,,,,,,,,,,10.499999999999998,,8.499999999999998,,,,,,,,,,,,,,,
164,,,,,,,,,,,1.0:172801,,yes,,,,,,,,,,,,,,,,,,,,,,,,,,,0.16667,0.16667,0.16667,0.16667,0.16667,0.16667,,,,,,,,,,,2.1,,0.09999999999999999,,,,,,,,,,,,,,,
165,,,,,,,,,,,1.0:172802,,yes,,,,,,,,,,,,,,,,,,,,,,,,,,,0.16667,0.16667,0.16667,0.16667,0.16667,0.16667,,,,,,,,,,,2.1,,0.09999999999999999,,,,,,,,,,,,,,,
166,,,,,,,,,,,1.0:172803,,yes,,,,,,,,,,,,,,,,,,,,,,,,,,,0.16667,0.16667,0.16667,0.16667,0.16667,0.16667,,,,,,,,,,,2.1,,0.09999999999999999,,,,,,,,,,,,,,,
167,,,,,,,,,,,1.0:172804,,yes,,,,,,,,,,,,,,,,,,,,,,,,,,,0.16667,0.16667,0.16667,0.16667,0.16667,0.16667,,,,,,,,,,,2.1,,0.09999999999999999,,,,,,,,,,,,,,,
168,,,,,,,,,,,1.0:172805,,yes,,,,,,,,,,,,,,,,,,,,,,,,,,,0.16667,0.16667,0.16667,0.16667,0.16667,0.16667,,,,,,,,,,,2.1,,0.09999999999999999,,,,,,,,,,,,,,,
169,,,yes,,,,,,,,,,,,,,,,,,,,,,,,,0.33333,0.33333,0.33333,,,,,,,,,,,,,,,,,,0.14285714285714285,,,,,,,,,,,,,,,,,,,,,,,,,
170,,,yes,,,,,,,,,,,,,,,,,,,,,,,,,0.33333,0.33333,0.33333,,,,,,,,,,,,,,,,,,0.14285714285714285,,,,,,,,,,,,,,,,,,,,,,,,,
171,,,yes,,,,,,,,,,,,,,,,,,,,,,,,,0.33333,0.33333,0.33333,,,,,,,,,,,,,,,,,,0.14285714285714285,,,,,,,,,,,,,,,,,,,,,,,,,
172,,,yes,,,,,,,,,,,,,,,,,,,,,,,,,0.33333,0.33333,0.33333,,,,,,,,,,,,,,,,,,0.14285714285714285,,,,,,,,,,,,,,,,,,,,,,,,,
173,,,yes,,,,,,,,,,,,,,,,,,,,,,,,,0.33333,0.33333,0.33333,,,,,,,,,,,,,,,,,,0.14285714285714285,,,,,,,,,,,,,,,,,,,,,,,,,
174,,,yes,,,,,,,,,,,,,,,,,,,,,,,,,,0.50000,0.50000,,,,,,,,,,,,,,,,,,0.14285714285714285,,,,,,,,,,,,,,,,,,,,,,,,,
175,,,yes,,,,,,,,,,,,,,,,,,,,,,,,,0.25000,0.25000,0.25000,,0.25000,,,,,,,,,,,,,,,,0.14285714285714285,,,,,,,,,,,,,,,,,,,,,,,,,
176,,,,yes,,,,,,,,,,,,,,,,,,,,,,,,0.11111,0.11111,0.11111,0.11111,,,0.11111,0.11111,0.11111,,,,,0.11111,,,0.11111,,,,,0.08333333333333333,,,,,,,,,,,,,,,,,,,,,,,,
177,,,,yes,,,,,,,,,,,,,,,,,,,,,,,,0.11111,0.11111,0.11111,0.11111,,,0.11111,0.11111,0.11111,,,,,0.11111,,,0.11111,,,,,0.08333333333333333,,,,,,,,,,,,,,,,,,,,,,,,
178,,,,yes,,,,,,,,,,,,,,,,,,,,,,,,0.11111,0.11111,0.11111,0.11111,,,0.11111,0.11111,0.11111,,,,,0.11111,,,0.11111,,,,,0.08333333333333333,,,,,,,,,,,,,,,,,,,,,,,,
179,,,,yes,,,,,,,,,,,,,,,,,,,,,,,,0.11111,0.11111,0.11111,0.11111,,,0.11111,0.11111,0.11111,,,,,0.11111,,,0.11111,,,,,0.08333333333333333,,,,,,,,,,,,,,,,,,,,,,,,
180,,,,yes,,,,,,,,,,,,,,,,,,,,,,,,0.11111,0.11111,0.11111,0.11111,,,0.11111,0.11111,0.11111,,,,,0.11111,,,0.11111,,,,,0.08333333333333333,,,,,,,,,,,,,,,,,,,,,,,,
181,,,,yes,,,,,,,,,,,,,,,,,,,,,,,,0.11111,0.11111,0.11111,0.11111,,,0.11111,0.11111,0.11111,,,,,0.11111,,,0.11111,,,,,0.08333333333333333,,,,,,,,,,,,,,,,,,,,,,,,
182,,,,yes,,,,,,,,,,,,,,,,,,,,,,,,0.11111,0.11111,0.11111,0.11111,,,0.11111,0.11111,0.11111,,,,,0.11111,,,0.11111,,,,,0.08333333333333333,,,,,,,,,,,,,,,,,,,,,,,,
183,,,,,,no,,,,,1.0:172800,,,,,,,,,,,,,,,,,0.20000,,,,0.20000,,0.20000,,,,,,,0.20000,,,0.20000,,,,,,,1.7000000000000002,,,,,3.7,,,,,,,,,,,,,,,,,
184,,,,,,no,,,,,1.0:172800,,,,,,,,,,,,,,,,,0.25000,,,,,,0.25000,,,,,,,0.25000,,,0.25000,,,,,,,1.7000000000000002,,,,,3.7,,,,,,,,,,,,,,,,,
185,,,,,,no,,,,,1.0:172800,,,,,,,,,,,,,,,,,0.25000,,,,,,0.25000,,,,,,,0.25000,,,0.25000,,,,,,,1.7000000000000002,,,,,3.7,,,,,,,,,,,,,,,,,
186,,,,,,no,,,,,1.0:172800,,,,,,,,,,,,,,,,,0.25000,,,,,,0.25000,,,,,,,0.25000,,,0.25000,,,,,,,1.7000000000000002,,,,,3.7,,,,,,,,,,,,,,,,,
187,,,,,,no,,,,,1.0:172800,,,,,,,,,,,,,,,,,0.25000,,,,,,0.25000,,,,,,,0.25000,,,0.25000,,,,,,,1.7000000000000002,,,,,3.7,,,,,,,,,,,,,,,,,
188,,,,,,no,,,,,1.0:172800,,,,,,,,,,,,,,,,,0.25000,,,,,,0.25000,,,,,,,0.25000,,,0.25000,,,,,,,1.7000000000000002,,,,,3.7,,,,,,,,,,,,,,,,,
189,,,,,,no,,,,,1.0:172800,,,,,,,,,,,,,,,,,0.25000,,,,,,0.25000,,,,,,,0.25000,,,0.25000,,,,,,,1.7000000000000002,,,,,3.7,,,,,,,,,,,,,,,,,
190,,,,,,no,,,,,1.0:172800,,,,,,,,,,,,,,,,,,,,,0.25000,,0.25000,,,,,,,0.25000,,,0.25000,,,,,,,1.7000000000000002,,,,,3.7,,,,,,,,,,,,,,,,,
191,,,,,,yes,,,,,,,,,,,,,,,,,,,,,,,0.14286,0.14286,0.14286,0.14286,,,,,,,,0.14286,0.14286,0.14286,,,,,,,,,0.01818181818181818,,,,,,,,,,,,,,,,,,,,,,
192,,,,,,yes,,,,,,,,,,,,,,,,,,,,,,,0.14286,0.14286,0.14286,0.14286,,,,,,,,0.14286,0.14286,0.14286,,,,,,,,,0.01818181818181818,,,,,,,,,,,,,,,,,,,,,,
193,,,,,,yes,,,,,,,,,,,,,,,,,,,,,,,0.14286,0.14286,0.14286,0.14286,,,,,,,,0.14286,0.14286,0.14286,,,,,,,,,0.01818181818181818,,,,,,,,,,,,,,,,,,,,,,
194,,,,,,yes,,,,,,,,,,,,,,,,,,,,,,,0.14286,0.14286,0.14286,0.14286,,,,,,,,0.14286,0.14286,0.14286,,,,,,,,,0.01818181818181818,,,,,,,,,,,,,,,,,,,,,,
195,,,,,,yes,,,,,,,,,,,,,,,,,,,,,,,0.14286,0.14286,0.14286,0.14286,,,,,,,,0.14286,0.14286,0.14286,,,,,,,,,0.01818181818181818,,,,,,,,,,,,,,,,,,,,,,
196,,,,,,yes,,,,,,,,,,,,,,,,,,,,,,,0.14286,0.14286,0.14286,0.14286,,,,,,,,0.14286,0.14286,0.14286,,,,,,,,,0.01818181818181818,,,,,,,,,,,,,,,,,,,,,,
197,,,,,,yes,,,,,,,,,,,,,,,,,,,,,,,0.14286,0.14286,0.14286,0.14286,,,,,,,,0.14286,0.14286,0.14286,,,,,,,,,0.01818181818181818,,,,,,,,,,,,,,,,,,,,,,
198,,,,,,yes,,,,,>7200,,,,,,,,,,,,,,,,,,,,0.33333,0.33333,,,,,,,,,0.33333,,,,,,,,,,0.29166666666666663,,,,,2.2916666666666665,,,,,,,,,,,,,,,,,
199,,,,,,yes,,,,,>7200,,,,,,,,,,,,,,,,,,,,0.50000,0.50000,,,,,,,,,,,,,,,,,,,0.29166666666666663,,,,,2.2916666666666665,,,,,,,,,,,,,,,,,
200,,,,,,yes,,,,,>7200,,,,,,,,,,,,,,,,,,,,0.50000,0.50000,,,,,,,,,,,,,,,,,,,0.29166666666666663,,,,,2.2916666666666665,,,,,,,,,,,,,,,,,
201,,,,,,yes,,,,,>7200,,,,,,,,,,,,,,,,,,,,0.50000,0.50000,,,,,,,,,,,,,,,,,,,0.29166666666666663,,,,,2.2916666666666665,,,,,,,,,,,,,,,,,
202,,,,,,yes,,,,,>7200,,,,,,,,,,,,,,,,,,,,0.50000,0.50000,,,,,,,,,,,,,,,,,,,0.29166666666666663,,,,,2.2916666666666665,,,,,,,,,,,,,,,,,
203,,,,,,yes,,,,,>7200,,,,,,,,,,,,,,,,,,,,0.50000,0.50000,,,,,,,,,,,,,,,,,,,0.29166666666666663,,,,,2.2916666666666665,,,,,,,,,,,,,,,,,
204,,,,,,yes,,,,,>7200,,,,,,,,,,,,,,,,,,,,0.50000,0.50000,,,,,,,,,,,,,,,,,,,0.29166666666666663,,,,,2.2916666666666665,,,,,,,,,,,,,,,,,
205,,,,,,yes,,,,,1.0:172800,,,,,,,,,,,,,,,,,0.20000,0.20000,,,,,,,,,,,0.20000,0.20000,,,0.20000,,,,,,,0.8947368421052632,,,,,2.8947368421052633,,,,,,,,,,,,,,,,,
206,,,,,,yes,,,,,1.0:172800,,,,,,,,,,,,,,,,,,,,,,,,,,,,,0.33333,0.33333,,,0.33333,,,,,,,0.8947368421052632,,,,,2.8947368421052633,,,,,,,,,,,,,,,,,
207,,,,,,yes,,,,,1.0:172800,,,,,,,,,,,,,,,,,,,,,,,,,,,,,0.33333,0.33333,,,0.33333,,,,,,,0.8947368421052632,,,,,2.8947368421052633,,,,,,,,,,,,,,,,,
208,,,,,,yes,,,,,1.0:172800,,,,,,,,,,,,,,,,,,,,,,,,,,,,,0.33333,0.33333,,,0.33333,,,,,,,0.8947368421052632,,,,,2.8947368421052633,,,,,,,,,,,,,,,,,
209,,,,,,yes,,,,,1.0:172800,,,,,,,,,,,,,,,,,,,,,,,,,,,,,0.33333,0.33333,,,0.33333,,,,,,,0.8947368421052632,,,,,2.8947368421052633,,,,,,,,,,,,,,,,,
210,,,,,,yes,,,,,1.0:172800,,,,,,,,,,,,,,,,,,,,,,,,,,,,,0.33333,0.33333,,,0.33333,,,,,,,0.8947368421052632,,,,,2.8947368421052633,,,,,,,,,,,,,,,,,
211,,,,,,yes,,,,,1.0:172800,,,,,,,,,,,,,,,,,,0.25000,,,,,,,,,,,0.25000,0.25000,,,0.25000,,,,,,,0.8947368421052632,,,,,2.8947368421052633,,,,,,,,,,,,,,,,,
212,,,,,,,,,,,,,,,,1.0:3,,,,,,,,,,,,,0.50000,0.50000,,,,,,,,,,,,,,,,,,,,,,,,,,,,,,,0.04,,,,,,,,,,,,
213,,,,,,,,,,,,,,,,1.0:3,,,,,,,,,,,,,0.33333,0.33333,,,,,,0.33333,,,,,,,,,,,,,,,,,,,,,,,,,0.04,,,,,,,,,,,,
214,,,,,,,,,,,,,,,,1.0:3,,,,,,,,,,,,,0.11111,0.11111,0.11111,,,0.11111,0.11111,0.11111,,,,0.11111,0.11111,,,0.11111,,,,,,,,,,,,,,,,,0.04,,,,,,,,,,,,
215,,,,,,,,,,,,,,,,4.0:10,,,,,,,,,,,,,0.16667,,,,,0.16667,0.16667,,,,,0.16667,0.16667,,,0.16667,,,,,,,,,,,,,,,,,0.014285714285714285,,,,,,,,,,,,
216,,,,,,,,,,,,,,,,4.0:10,,,,,,,,,,,,,0.14286,0.14286,0.14286,0.14286,,0.14286,0.14286,0.14286,,,,,,,,,,,,,,,,,,,,,,,,,0.014285714285714285,,,,,,,,,,,,
217,,,,,,,,,,,,,,,,4.0:10,,,,,,,,,,,,,0.50000,,,,,,,,,,,,0.50000,,,,,,,,,,,,,,,,,,,,0.014285714285714285,,,,,,,,,,,,
218,,,,,,,,,,,,,,,,> 10,,,,,,,,,,,,,0.50000,,,,,,,,,,,,0.50000,,,,,,,,,,,,,,,,,,,,0.25,,,,,,,,,,,,
219,,,,,,,,,,,,,,,,> 10,,,,,,,,,,,,,,,,,,0.50000,0.50000,,,,,,,,,,,,,,,,,,,,,,,,,,0.25,,,,,,,,,,,,
220,,,,,,,,,,,,,,,,> 10,,,,,,,,,,,,,,,,0.33333,,0.33333,0.33333,,,,,,,,,,,,,,,,,,,,,,,,,,0.25,,,,,,,,,,,,
221,,,,,,,,,,,,,,,,> 10,,,,,,,,,,,,,,,0.16667,,,0.16667,0.16667,,,,,0.16667,0.16667,,,0.16667,,,,,,,,,,,,,,,,,0.25,,,,,,,,,,,,
222,,,,,,,,,,,,,,,,,,"[continuous, discrete, ordinal, nominal]",,,,,,,,,,,0.20000,,0.20000,,,0.20000,,,,,,,0.20000,,,0.20000,,,,,,,,,,,,,,,,,,,0.09090909090909091,,,,,,,,,,
223,,,,,,,,,,,,,,,,,,"[continuous, discrete, ordinal, nominal]",,,,,,,,,,,,,,,,,,,,,,,,,,1.00000,,,,,,,,,,,,,,,,,,,0.09090909090909091,,,,,,,,,,
224,,,,,,,,,,,,,,,,,,"[continuous, discrete, ordinal, nominal]",,,,,,,,,,,0.33333,0.33333,,,,,,,,,,,0.33333,,,,,,,,,,,,,,,,,,,,,,0.09090909090909091,,,,,,,,,,
225,,,,,,,,,,,,,,,,,,,,,,,,,Online,,,0.20000,,,,,,,,,,,,0.20000,0.20000,0.20000,,0.20000,,,,,,,,,,,,,,,,,,,,,,,,,,0.16666666666666666,,,
226,,,,,,,,,,,,,,,,,,,,,,,,,Online,,,0.20000,,,,,,,,,,,,0.20000,0.20000,0.20000,,0.20000,,,,,,,,,,,,,,,,,,,,,,,,,,0.16666666666666666,,,
227,,,,,,,,,,,,,,,,,,,,,,,,,Online,,,0.20000,,,,,,,,,,,,0.20000,0.20000,0.20000,,0.20000,,,,,,,,,,,,,,,,,,,,,,,,,,0.16666666666666666,,,
228,,,,,,,,,,,,,,,,,,,,,,,,,Online,,,0.20000,,,,,,,,,,,,0.20000,0.20000,0.20000,,0.20000,,,,,,,,,,,,,,,,,,,,,,,,,,0.16666666666666666,,,
229,,,,,,,,,,,,,,,,,,,,,,,,,Online,,,0.20000,,,,,,,,,,,,0.20000,0.20000,0.20000,,0.20000,,,,,,,,,,,,,,,,,,,,,,,,,,0.16666666666666666,,,
230,,,,,,,,,,,,,,,,,,,,,,,,,Online,,,0.20000,,,,,,,,,,,,0.20000,0.20000,0.20000,,0.20000,,,,,,,,,,,,,,,,,,,,,,,,,,0.16666666666666666,,,
231,medium,medium,,,,no,,,,,1.0:86400,Convolutional Neural Net,no,,,,,,,,Image Data,>50000,,yes,,Multiclass Classification,Image Recognition,0.50000,0.25000,0.25000,,,,,,,,,,,,,,,,1.1948434979043678,0.3258664085193731,,,,0.09687920253278659,,,,,0.23896869958087358,0.19914058298406132,0.22403315585706898,,,,,,,,0.06763265082477554,3.5845304937131037,,0.25603789240807884,,0.0551466229802016,0.06400947310201971,
232,high,high,,,Linux,yes,,,,,>1296000,Convolutional Neural Net,no,,,,,,,,Image Data,>100000,,yes,,Object Detection,Object Detection,0.20000,,0.40000,0.40000,,,,,,,,,,,,,,,0.14030393535816255,0.3117865230181389,,,1.4030393535816252,0.05101961285751364,,,,,1.4030393535816252,0.15589326150906946,0.17537991919770315,,,,,,,,0.05294488126723114,0.2806078707163251,,0.2004341933688036,,2.8060787071632505,2.8060787071632505,
233,high,low,,,,yes,,,,,>1296000,Convolutional Neural Net,no,,,,,,,,Image Data,,,yes,,Multiclass Classification,Image Recognition,0.20000,,,0.10000,0.10000,,,,,,,,,,0.40000,,0.20000,,0.2694700822526014,2.694700822526014,,,,0.09798912081912778,,,,,2.694700822526014,0.29941120250289044,0.33683760281575176,,,,,,,,0.10168682349154769,,,0.3849572603608591,,0.08291387146233889,0.09623931509021477,
234,high,medium,no,yes,Windows,no,Process Parameter Prediction,,>200,,>172800,LSTM,no,,no,,,"[continuous, discrete, ordinal, nominal]",,,Tabular Data ,>1000000,1.0:4,yes,offline,Regression,Time Series Prediction,0.12500,0.12500,,,,,0.12500,0.12500,0.12500,,,,0.12500,0.12500,,,0.12500,,0.23847068964954782,0.4335830720900869,0.794902298831826,0.397451149415913,1.192353448247739,0.12890307548624205,0.529934865887884,,1.589804597663652,,1.589804597663652,4.769413792990956,0.29808836206193473,,1.192353448247739,,,0.4335830720900869,,,0.794902298831826,1.192353448247739,0.11632716568270625,0.34067241378506824,0.6813448275701365,0.264967432943942,0.4335830720900869,
235,medium,medium,no,yes,Windows,no,Predictive Quality,,,,7200.0:172800,Random Forest,yes,yes,no,,,"[continuous, discrete, ordinal, nominal]",,,Tabular Data ,1000.0:10000,1.0:4,no,offline,Binary Classification,Time Series Prediction,0.20000,,,,,,0.20000,,0.20000,,,,,0.20000,,,0.20000,,2.825600339653941,0.7706182744510749,1.4128001698269705,0.7064000849134853,2.119200254740456,0.22910273024221148,0.32603080842160864,,,,0.8476801018961825,0.4986353540565779,0.4036571913791345,0.2734451941600588,2.119200254740456,,,0.7706182744510749,,,1.4128001698269705,4.238400509480912,0.20675124436492254,1.4128001698269705,1.2109715741374034,0.32603080842160864,0.7706182744510749,
236,medium,medium,no,yes,Windows,no,Predictive Maintenance,,,,>172800,Random Forest,no,yes,no,,,"[continuous, discrete, ordinal, nominal]",,,Tabular Data ,>1000000,1.0:4,yes,offline,Multi-class Classification,,0.14286,,,,,,0.14286,0.14286,0.14286,,,,0.14286,0.14286,,,0.14286,,2.6170995473169296,0.7137544219955263,1.3085497736584648,0.6542748868292324,1.9628246604876973,0.21219726059326458,0.37387136390241854,,,,2.6170995473169296,0.46184109658534056,0.49070616512192433,0.2532676981274448,1.9628246604876973,,,0.7137544219955263,,,1.3085497736584648,1.9628246604876973,0.19149508882806804,0.5608070458536277,1.1216140917072555,3.9256493209753947,,
237,high,medium,no,yes,linux,yes,Predictive Quality,,,,7200.0:172800,XGBoost,no,,no,,,"[continuous, discrete, ordinal, nominal]",,,Tabular Data ,>1000000,>4,yes,offline,Multi-class Classification,,0.25000,,,,,,,,0.25000,,,,,0.25000,,,0.25000,,0.2202511558627219,0.4004566470231307,0.7341705195424063,0.36708525977120315,4.405023117254438,0.08009132940462614,0.1694239660482476,,,,0.4405023117254438,0.48944701302827087,0.2753139448284024,,1.1012557793136095,,,0.4004566470231307,,,0.7341705195424063,1.1012557793136095,0.23184332196075988,0.314644508375317,0.629289016750634,2.202511558627219,,
238,high,medium,no,no,Windows,no,Process Design,,>200,,7200.0:172800,Random Forest,yes,yes,,,,"[continuous, discrete, ordinal, nominal]",,,Tabular Data ,1000.0:10000,1.0:4,yes,offline,Binary Classification,,0.33333,0.33333,,,,,,,0.33333,,,,,,,,,,0.17130363224010933,0.3114611495274715,0.571012107467031,3.4260726448021863,0.8565181612005466,0.09259655796762666,3.4260726448021863,,1.142024214934062,,0.34260726448021867,0.20153368498836388,0.16314631641915173,0.11051847241297375,,,,0.3114611495274715,,,0.571012107467031,1.7130363224010932,0.08356274743419967,0.24471947462872756,0.4894389492574551,0.1317720248000841,,
239,high,high,no,yes,Linux,yes,Process Parameter Prediction,,>200,,>172800,Gradient Boosting Machine,no,,,,yes,"[continuous, discrete, ordinal, nominal]",,,Tabular Data ,>1000000,1.0:4,yes,offline,Regression,Time Series Prediction,0.14286,,,,,,0.14286,0.14286,0.14286,,,,0.14286,0.14286,,,0.14286,,0.22466245452194938,0.49924989893766525,0.7488748484064979,0.37443742420324894,2.2466245452194937,0.08169543800798158,0.49924989893766525,,1.4977496968129957,,1.4977496968129957,4.4932490904389875,0.2808280681524367,,,,0.1797299636175595,0.40847719003990796,,,0.7488748484064979,1.1233122726097469,0.10959144123021922,0.32094636360278483,0.6418927272055697,0.24962494946883262,0.40847719003990796,
240,,,,,,,,,,,,,yes,,,,,,,,,>100000,1.0:4,yes,offline,Regression,Time Series Prediction,0.12500,0.12500,,,,,0.12500,0.12500,0.12500,,,,0.12500,0.12500,,,0.12500,,,,,,,,,,,,,,1.3152343625490193,,,,,,,,,2.761992161352941,0.6736566247202295,1.972851543823529,3.945703087647058,1.5344400896405226,2.51090196486631,
241,,,,,,,,,,,,,,,,,,,yes,,,,,,,,,,,,0.14286,,,0.14286,0.14286,0.14286,,0.14286,,,0.14286,,,0.14286,,,,,,,,,,,,,,,,,,,,1.0,,,,,,,,,
