,A_UR: quality demands,A_User's programming ability,A_UR: need for model transparency,A_UR: Availability of a well documented library,A_UR: Computer operating system,A_Hardware: access to parallel computing?,A_Production application area,A_Number of maximum function evaluations/ trials budget,A_Running time per trial [s],A_Number of kernels used,A_Total Computing Time [s],A_Machine Learning Algorithm,A_Obtainability of good approximate,A_Supports parallel evaluations,A_Usage of one-hot encoding for cat. features,A_Dimensionality of HPs,A_Conditional HP space,A_HP datatypes,A_Availability of a warm-start HP configuration,A_Obtainability of gradients,A_Input Data,A_#Instances training dataset,A_Ratio training to test dataset,A_Noise in dataset,A_Training Technique,A_ML task,A_Detailed ML task,D_Default Values,D_Random Search,D_Grid Search,D_CMA-ES,D_PBT,D_HOAG (Gradient based),D_SMAC,D_TPE,D_GPBO,D_MTBO,D_BOHAMIANN,D_DNGO,D_SHA,D_HB,D_ASHA,D_Fabolas,D_BOHB,D_HB-LCNet,del_UR: quality demands,del_User's programming ability,del_UR: need for model transparency,del_UR: Availability of a well documented library,del_UR: Computer operating system,del_Hardware: access to parallel computing?,del_Production application area,del_Number of maximum function evaluations/ trials budget,del_Running time per trial [s],del_Number of kernels used,del_Total Computing Time [s],del_Machine Learning Algorithm,del_Obtainability of good approximate,del_Supports parallel evaluations,del_Usage of one-hot encoding for cat. features,del_Dimensionality of HPs,del_Conditional HP space,del_HP datatypes,del_Availability of a warm-start HP configuration,del_Obtainability of gradients,del_Input Data,del_#Instances training dataset,del_Ratio training to test dataset,del_Noise in dataset,del_Training Technique,del_ML task,del_Detailed ML task,Antecedent_Importance
1,low,,,,,,Predictive Quality,,,,,,,yes,,,,,,,,,,,,,,1.00000,,,,,,,,,,,,,,,,,,2.8018539976825028,,,,,,0.10776361529548088,,,,,,,0.09038238702201622,,,,,,,,,,,,,,UR: quality demands_AI:_1
2,high,,,,,,Predictive Quality,,,,>86400,,,,,,,,,,,,,,,,,,1.00000,,,,,,,,,,,,,,,,,0.25490196078431376,,,,,,0.19607843137254902,,,,2.549019607843137,,,,,,,,,,,,,,,,,User's programming ability_AI:_1
3,high,high,,,,,Predictive Quality,,,,1.0:86400,,,,,,,,,,,,,,,,,,,,,,1.00000,,,,,,,,,,,,,0.7512038523274479,1.6693418940609952,,,,,0.5778491171749599,,,,1.0016051364365972,,,,,,,,,,,,,,,,,UR: need for model transparency_AI:_1
4,high,high,,,,,Predictive Quality,,,,1.0:86400,,yes,,,,,,,,,,,,,,,,,,,,,,,,,,,,,,0.33333,0.33333,0.33333,0.7965376385917137,1.7700836413149195,,,,,0.6127212604551644,,,,1.0620501847889514,,0.7586072748492511,,,,,,,,,,,,,,,UR: Availability of a well documented library_AI:_1
5,high,medium,,,,,Predictive Quality,>100,,,1.0:86400,,,no,,,,[continuous],,,,,,,,,,,,,0.50000,0.50000,,,,,,,,,,,,,,0.5435171149973983,0.988212936358906,,,,,0.4180900884595372,2.174068459989593,,,0.7246894866631978,,,1.811723716657994,,,,0.33969819687337394,,,,,,,,,,UR: Computer operating system_AI:_1
6,high,medium,,,,,Predictive Quality,>100,,,1.0:86400,,,no,,,,"[discrete, ordinal, nominal]",,,,,,,,,,,,,,,,0.50000,0.50000,,,,,,,,,,,0.4057011618481492,0.737638476087544,,,,,0.3120778168062686,1.6228046473925968,,,0.5409348824641989,,,1.352337206160497,,,,2.028505809240746,,,,,,,,,,Hardware: access to parallel computing?_AI:_1
7,high,medium,,,,,Predictive Quality,<100,,,1.0:86400,,,no,,,,,,,,,,,,,,,,,,,,0.50000,0.50000,,,,,,,,,,,0.5178032589016296,0.9414604707302353,,,,,0.39831019915509963,1.7260108630054316,,,0.6904043452021726,,,1.7260108630054316,,,,,,,,,,,,,,Production application area_AI:_1
8,high,medium,,,,,Predictive Quality,,,,1.0:86400,,,yes,,>10,,"[discrete, ordinal, nominal]",,,,,,,,,,,,,,,,0.50000,0.50000,,,,,,,,,,,0.6158769264967398,1.1197762299940721,,,,,0.4737514819205691,,,,0.8211692353289863,,,0.39733995257854177,,0.49270154119739185,,3.079384632483699,,,,,,,,,,Number of maximum function evaluations/ trials budget_AI:_1
9,high,medium,,,,,Predictive Quality,,,,1.0:86400,,,yes,,1.0:10,,[continuous],,,,,,,,,,,,,,,,,,1.00000,,,,,,,,,,0.6868868350010285,1.2488851545473243,,,,,0.5283744884623296,,,,0.9158491133347045,,,0.443152796774857,,2.747547340004114,,0.4293042718756428,,,,,,,,,,Running time per trial [s]_AI:_1
10,high,high,,,,,Predictive Quality,>100,,,1.0:86400,,no,no,,,,[continuous],,no,,,,,,,,,,,0.50000,0.50000,,,,,,,,,,,,,,0.4856171095866721,1.0791491324148268,,,,,0.3735516227589785,1.9424684383466884,,,0.6474894794488961,,0.6070213869833401,1.6187236986222402,,,,0.30351069349167004,,1.9424684383466884,,,,,,,,Number of kernels used_AI:_1
11,high,high,,,,,Predictive Quality,>100,,,1.0:86400,,no,no,,,,"[discrete, ordinal, nominal]",,no,,,,,,,,,,,,,,0.50000,0.50000,,,,,,,,,,,0.3928737990859062,0.8730528868575693,,,,,0.3022106146814663,1.5714951963436248,,,0.5238317321145416,,0.49109224885738273,1.3095793302863539,,,,1.964368995429531,,1.5714951963436248,,,,,,,,Total Computing Time [s]_AI:_1
12,high,high,,,,,Predictive Quality,<100,,,1.0:86400,,no,no,,,,,,no,,,,,,,,,,,,,,0.50000,0.50000,,,,,,,,,,,0.463998017102491,1.0311067046722022,,,,,0.35692155161730077,1.5466600570083031,,,0.6186640228033213,,0.5799975213781138,1.5466600570083031,,,,,,1.855992068409964,,,,,,,,Machine Learning Algorithm_AI:_1
13,high,high,,,,,Predictive Quality,,,,1.0:86400,,no,yes,,>10,,"[discrete, ordinal, nominal]",,no,,,,,,,,,,,,,,0.50000,0.50000,,,,,,,,,,,0.5287912867611028,1.1750917483580063,,,,,0.4067625282777714,,,,0.7050550490148038,,0.6609891084513785,0.3411556688781308,,0.4230330294088822,,2.643956433805514,,2.115165147044411,,,,,,,,Obtainability of good approximate_AI:_1
14,high,high,,,,,Predictive Quality,,,,1.0:86400,,no,yes,,1.0:10,,[continuous],,no,,,,,,,,,,,,,,,,1.00000,,,,,,,,,,0.5680044023255764,1.2622320051679474,,,,,0.4369264633273664,,,,0.7573392031007684,,0.7100055029069704,0.366454453113275,,2.2720176093023055,,0.3550027514534852,,2.2720176093023055,,,,,,,,Supports parallel evaluations_AI:_1
15,,,,,,yes,Predictive Quality,<150,,8,1.0:100,Random Forest,yes,yes,,4.0:10,no,[continuous],,,Tabular Data,1000.0:100000,1.0:4,,Offline,Binary Classification,Prediction of Part Failure,1.00000,,,,,,,,,,,,,,,,,,,,,,,0.3781666053013911,0.799967818906789,2.599895411447064,,2.0799163291576517,3.4665272152627518,1.2234801936221478,0.9904363472179293,0.6709407513411778,,0.29713090416537874,0.22856223397336828,0.649973852861766,,,0.49521817360896464,0.31998712756271563,0.5072966656482077,,0.1925848452923751,0.799967818906789,1.299947705723532,Usage of one-hot encoding for cat. features_AI:_1
16,,,,,,yes,Predictive Quality,<150,,8,100.0:4000,Random Forest,yes,yes,,4.0:10,no,[continuous],,,Tabular Data,1000.0:100000,1.0:4,,Offline,Binary Classification,Prediction of Part Failure,,0.05882,0.05882,0.05882,0.05882,0.05882,0.05882,0.05882,0.05882,0.05882,0.05882,0.05882,0.05882,0.05882,0.05882,0.05882,0.05882,0.05882,,,,,,0.26861729282343383,0.5682288886649561,1.8467438881611076,,1.477395110528886,7.38697555264443,0.869055947369933,0.7035214812042314,0.47657906791254384,,0.2110564443612694,0.16235111104713032,0.4616859720402769,,,0.3517607406021157,0.22729155546598248,0.3603402708607039,,0.13679584356748942,0.5682288886649561,0.9233719440805538,Dimensionality of HPs_AI:_1
17,,,,,,no,Predictive Quality,<150,,1,1.0:100,Random Forest,yes,yes,,4.0:10,no,[continuous],,,Tabular Data,1000.0:100000,1.0:4,,Offline,Binary Classification,Prediction of Part Failure,1.00000,,,,,,,,,,,,,,,,,,,,,,,0.6172480649462875,0.8783914770389476,2.8547723003765797,,0.4152396073275025,3.8063630671687725,1.3434222590007434,1.0875323049053638,0.7367154323552463,,0.3262596914716091,0.2509689934396993,0.7136930750941449,,,0.5437661524526819,0.3513565908155791,0.5570287415368936,,0.21146461484270956,0.8783914770389476,1.4273861501882898,Conditional HP space_AI:_1
18,,,,,,no,Predictive Quality,<150,,1,100.0:4000,Random Forest,yes,yes,,4.0:10,no,[continuous],,,Tabular Data,1000.0:100000,1.0:4,,Offline,Binary Classification,Prediction of Part Failure,,0.05882,0.05882,0.05882,0.05882,0.05882,0.05882,0.05882,0.05882,0.05882,0.05882,0.05882,0.05882,0.05882,0.05882,0.05882,0.05882,0.05882,,,,,,0.4263329891542432,0.6067046384118077,1.9717900748383748,,0.2868058290674,7.887160299353499,0.9279012116886469,0.7511581237479523,0.5088490515711934,,0.22534743712438568,0.1733441824033736,0.4929475187095937,,,0.37557906187397616,0.24268185536472306,0.3847395267977317,,0.14605852406210182,0.6067046384118077,0.9858950374191874,HP datatypes_AI:_1
19,,,,,,yes,Predictive Quality,<150,,8,1.0:100,Decision Tree,yes,yes,,1.0:3,no,[continuous],,,Tabular Data,1000.0:100000,1.0:4,,Offline,Binary Classification,Prediction of Part Failure,,,,1.00000,,,,,,,,,,,,,,,,,,,,0.24068164553531152,0.5091342501708513,1.6546863130552667,,1.3237490504442135,2.2062484174070223,6.618745252221067,0.6303566906877207,0.4270158227239398,,0.5294996201776854,0.14546692862024324,0.4136715782638167,,,0.31517834534386036,0.20365370006834055,0.32286562205956426,,0.12256935652261233,0.5091342501708513,0.8273431565276333,Availability of a warm-start HP configuration_AI:_1
20,,,,,,no,Predictive Quality,<150,,1,1.0:100,Decision Tree,yes,yes,,1.0:3,no,[continuous],,,Tabular Data,1000.0:100000,1.0:4,,Offline,Binary Classification,Prediction of Part Failure,,,,1.00000,,,,,,,,,,,,,,,,,,,,0.3793240788280041,0.5398073429475443,1.7543738645795188,,0.2551816530297482,2.3391651527726918,7.017495458318075,0.6683329007921976,0.4527416424721339,,0.5613996366654461,0.15423066941358407,0.4385934661448797,,,0.3341664503960988,0.21592293717901773,0.34231685162527203,,0.12995361959848287,0.5398073429475443,0.8771869322897594,Obtainability of gradients_AI:_1
21,,,,,,yes,Predictive Quality,<150,,8,1.0:500,Support Vector Machine,no,yes,,4.0:10,yes,"[continuous, nominal]",,,Tabular Data,1000.0:100000,1.0:4,,Offline,Binary Classification,Prediction of Part Failure,,,,,,,,,,,,,,0.50000,,,0.50000,,,,,,,0.1750624768273575,0.3703244702117178,1.2035545281880828,,0.9628436225504664,9.628436225504663,0.4814218112752332,0.6017772640940414,0.31059471695176327,,0.13754908893578088,0.38513744902018654,1.0698262472782958,,,0.22924848155963481,0.14812978808468713,0.23483990793913814,,0.08915218727319131,0.3703244702117178,0.6017772640940414,Input Data_AI:_1
22,,,,,,yes,Predictive Quality,<150,,8,>500,Support Vector Machine,no,yes,,4.0:10,yes,"[continuous, nominal]",,,Tabular Data,1000.0:100000,1.0:4,,Offline,Binary Classification,Prediction of Part Failure,,0.05882,0.05882,0.05882,0.05882,0.05882,0.05882,0.05882,0.05882,0.05882,0.05882,0.05882,0.05882,0.05882,0.05882,0.05882,0.05882,0.05882,,,,,,0.1750624768273575,0.3703244702117178,1.2035545281880828,,0.9628436225504664,9.628436225504663,0.4814218112752332,0.6017772640940414,0.31059471695176327,,0.13754908893578088,0.38513744902018654,1.0698262472782958,,,0.22924848155963481,0.14812978808468713,0.23483990793913814,,0.08915218727319131,0.3703244702117178,0.6017772640940414,#Instances training dataset_AI:_1
23,,,,,,yes,Predictive Quality,<600,,8,1.0:6000,XGBoost,yes,yes,,4.0:10,yes,"[continuous, discrete, nominal]",,,Tabular Data,<1000,,,Offline,Binary Classification,Prediction of Part Failure,,,,,,,,,,,,,,0.50000,,,0.50000,,,,,,,0.129517856147283,0.27398008031156024,3.5617410440502826,,0.7123482088100566,7.123482088100565,0.7914980097889517,0.3392134327666936,0.22978974477743758,,0.10176402983000807,0.2849392835240226,0.3097166125261115,,,0.1696067163833468,1.1872470146834275,,,0.06595816748241264,0.27398008031156024,0.4452176305062853,Ratio training to test dataset_AI:_1
24,,,,,,yes,Predictive Quality,<600,,8,1.0:7000,Random Forest,yes,yes,,4.0:10,no,[continuous],,,Tabular Data,<1000,,,Offline,Binary Classification,Prediction of Part Failure,,,,,,,,,,,,,,0.50000,,,0.50000,,,,,,,0.135145277718132,0.2858842413268177,3.7164951372486303,,0.7432990274497261,7.432990274497261,0.4372347220292506,0.35395191783320284,0.23977387982249226,,0.10618557534996086,0.0816812118076622,0.2322809460780394,,,0.17697595891660142,1.23883171241621,,,0.06882398402312277,0.2858842413268177,0.4645618921560788,Noise in dataset_AI:_1
25,,low,,,,,Predictive Maintenance,,,,,,,,,,,,,,,,,,,,,,1.00000,,,,,,,,,,,,,,,,,,1.826086956521739,,,,,0.17391304347826084,,,,,,,,,,,,,,,,,,,,,Training Technique_AI:_1
26,,"[medium, high]",,,,,Predictive Maintenance,,<10,,,,,,,,,,,,,,,,,,,,0.50000,,0.25000,0.25000,,,,,,,,,,,,,,,0.28767123287671237,,,,,0.12328767123287672,,2.589041095890411,,,,,,,,,,,,,,,,,,,ML task_AI:_1
27,,"[medium, high]",,,,,Predictive Maintenance,,>100,,,,,,,,,,,,,,,,,,,,,,,,,,,,,,,,,,,1.00000,,,0.28767123287671237,,,,,0.12328767123287672,,2.589041095890411,,,,,,,,,,,,,,,,,,,Detailed ML task_AI:_1
28,,"[medium, high]",,,,yes,Predictive Maintenance,,10.0:100,,,,,,,,,,,,,,,,,,,,,,0.50000,0.50000,,,,,,,,,,,,,,,1.3898916967509025,,,,0.22743682310469313,0.5956678700361011,,1.787003610108303,,,,,,,,,,,,,,,,,,,
29,,"[medium, high]",,,,no,Predictive Maintenance,>200,10.0:100,,,,,,,,,,,,,,,,,,,,0.50000,,0.25000,0.25000,,,,,,,,,,,,,,,0.41814659347755895,,,,0.10171133354859542,0.1792056829189538,3.7633193412980304,0.5376170487568614,,,,,,,,,,,,,,,,,,,
30,,"[medium, high]",,,,no,Predictive Maintenance,<200,10.0:100,,,,,,,>10,yes,,,,,,,,,,,,,,,,,,1.00000,,,,,,,,,,,,1.457565391464439,,,,0.3545429330589177,0.6246708820561883,1.6397610653974943,1.8740126461685649,,,,,,,0.5247235409271982,0.5247235409271982,,,,,,,,,,,
31,,"[medium, high]",,,,no,Predictive Maintenance,<200,10.0:100,,,,,,,>10,no,,,,,,,,,,,,,,,,,1.00000,,,,,,,,,,,,,1.541364705174516,,,,0.3749265499073148,0.6605848736462212,1.7340352933213308,1.9817546209386636,,,,,,,0.5548912938628259,0.152442663149128,,,,,,,,,,,
32,,"[medium, high]",,,,no,Predictive Maintenance,<200,10.0:100,,,,,,,1.0:10,,[continuous],,,,,,,,,,,,,,,,,,1.00000,,,,,,,,,,,1.135666942022574,,,,0.27624331022170723,0.4867144037239603,1.2776253097753958,1.4601432111718808,,,,,,,2.0442004956406334,,0.31940632744384895,,,,,,,,,,
33,,"[medium, high]",,,,no,Predictive Maintenance,<200,10.0:100,,,,,,,1.0:10,no,"[continuous, discrete, ordinal, nominal]",,,,,,,,,,,,,,,,1.00000,,,,,,,,,,,,,1.176537741789364,,,,0.2861848561109265,0.5042304607668704,1.3236049595130348,1.5126913823006112,,,,,,,2.1177679352208556,0.11636087556158549,0.9626217887367526,,,,,,,,,,
34,,"[medium, high]",,,,no,Predictive Maintenance,<200,10.0:100,,,,,,,1.0:10,yes,,,,,,,,,,,,,,,,,,1.00000,,,,,,,,,,,,1.121340413096118,,,,0.2727584788612179,0.4805744627554791,1.2615079647331329,1.4417233882664375,,,,,,,2.0184127435730126,0.4036825487146025,,,,,,,,,,,
35,,,,,,no,Predictive Maintenance,,,1,1.0:40,Random Forest,,,,4.0:10,no,"[discrete, nominal]",,,Tabular Data,1000.0:100000,1.0:4,,Offline,Binary Classification,Prediction of Part Failure,1.00000,,,,,,,,,,,,,,,,,,,,,,,0.24399995761059992,0.42990468721867603,,,0.16414542602894902,9.027998431592197,0.5310587312701291,,,,0.1289714061656028,0.09920877397354062,1.8055996863184396,,,0.21495234360933801,0.13889228356295688,0.22019508369737067,,0.08359257807029812,0.3472307089073922,0.5642499019745123,
36,,,,,,no,Predictive Maintenance,,,1,40.0:700,Random Forest,,,,4.0:10,no,"[discrete, nominal]",,,Tabular Data,1000.0:100000,1.0:4,,Offline,Binary Classification,Prediction of Part Failure,,0.25000,,,,,0.25000,0.25000,0.25000,,,,,,,,,,,,,,,0.24399995761059992,0.42990468721867603,,,0.16414542602894902,9.027998431592197,0.5310587312701291,,,,0.1289714061656028,0.09920877397354062,1.8055996863184396,,,0.21495234360933801,0.13889228356295688,0.22019508369737067,,0.08359257807029812,0.3472307089073922,0.5642499019745123,
37,,,,,,no,Predictive Maintenance,,,1,700.0:2000,Random Forest,,,,4.0:10,no,"[discrete, nominal]",,,Tabular Data,1000.0:100000,1.0:4,,Offline,Binary Classification,Prediction of Part Failure,,,,,,,1.00000,,,,,,,,,,,,,,,,,0.24399995761059992,0.42990468721867603,,,0.16414542602894902,9.027998431592197,0.5310587312701291,,,,0.1289714061656028,0.09920877397354062,1.8055996863184396,,,0.21495234360933801,0.13889228356295688,0.22019508369737067,,0.08359257807029812,0.3472307089073922,0.5642499019745123,
38,,,,,,no,Predictive Maintenance,,,1,1.0:1000,Support Vector Machine,,,,4.0:10,no,"[continuous, nominal]",,,Tabular Data,1000.0:100000,1.0:4,,Offline,Binary Classification,Prediction of Part Failure,1.00000,,,,,,,,,,,,,,,,,,,,,,,0.4811817878963145,0.8477964834363635,,,0.3237041118575206,5.934575384054544,0.8901863076081818,,,,0.25433894503090904,0.19564534233146852,1.9781917946848482,,,0.42389824171818175,0.27390347926405595,0.43423722322350333,,0.16484931622373736,0.6847586981601399,1.1127328845102271,
39,,,,,,no,Predictive Maintenance,,,1,1000.0:10000,Support Vector Machine,,,,4.0:10,no,"[continuous, nominal]",,,Tabular Data,1000.0:100000,1.0:4,,Offline,Binary Classification,Prediction of Part Failure,,,,,,,,,,,,,,,,,,,,,,,,0.39703134365511034,0.6995314150113848,,,0.2670938130043469,7.345079857619541,0.7345079857619542,,,,0.20985942450341544,0.16143032654108883,1.6322399683598978,,,0.3497657075056924,0.22600245715752434,0.3582965784204654,,0.13601999736332482,0.5650061428938109,0.9181349822024426,
40,,,,,,no,Predictive Maintenance,,,1,10000.0:70000,Support Vector Machine,,,,4.0:10,no,"[continuous, nominal]",,,Tabular Data,1000.0:100000,1.0:4,,Offline,Binary Classification,Prediction of Part Failure,,,,,,,,0.50000,0.50000,,,,,,,,,,,,,,,0.2604084336178931,0.4588148592315259,,,0.17518385534294623,9.635112043862044,0.48175560219310226,,,,0.13764445776945775,0.10588035213035214,1.0705680048735604,,,0.22940742961576294,0.148232492982493,0.23500273277712305,,0.08921400040613003,0.37058123245623253,0.6021945027413778,
41,,,,,,no,Predictive Maintenance,,,1,1.0:50,Multilayer Perceptron,,,,4.0:10,no,"[continuous, discrete, nominal]",,,Tabular Data,1000.0:100000,1.0:4,,Offline,Regression,Prediction of Remaining Useful Lifetime,1.00000,,,,,,,,,,,,,,,,,,,,,,,0.24066225619073342,0.42402397519319696,,,0.1619000632555843,8.904503479057137,0.2872420477115205,,,,0.1272071925579591,0.09785168658304547,0.38715232517639725,,,0.21201198759659848,0.13699236121626365,0.21718301168432042,,0.08244910628756608,0.4946946377253964,2.2261258697642843,
42,,,,,,no,Predictive Maintenance,,,1,50.0:2000,Multilayer Perceptron,,,,4.0:10,no,"[continuous, discrete, nominal]",,,Tabular Data,1000.0:100000,1.0:4,,Offline,Regression,Prediction of Remaining Useful Lifetime,,0.25000,,,,,0.25000,0.25000,0.25000,,,,,,,,,,,,,,,0.24066225619073342,0.42402397519319696,,,0.1619000632555843,8.904503479057137,0.2872420477115205,,,,0.1272071925579591,0.09785168658304547,0.38715232517639725,,,0.21201198759659848,0.13699236121626365,0.21718301168432042,,0.08244910628756608,0.4946946377253964,2.2261258697642843,
43,,,,,,no,Predictive Maintenance,,,1,1.0:100,Support Vector Machine,,,,1.0:3,no,[continuous],,,Tabular Data,1000.0:100000,1.0:4,,Offline,Regression,Prediction of Remaining Useful Lifetime,1.00000,,,,,,,,,,,,,,,,,,,,,,,0.49131577554732303,0.8656516045357595,,,0.33052152173183547,3.029780615875158,0.9089341847625477,,,,0.7271473478100381,0.1997657548928676,0.5680838654765923,,,0.43282580226787976,0.27967205685001467,0.4433825291524623,,0.1683211453263977,1.009926871958386,4.544670923812738,
44,,,,,,no,Predictive Maintenance,,,1,100.0:10000,Support Vector Machine,,,,1.0:3,no,[continuous],,,Tabular Data,1000.0:100000,1.0:4,,Offline,Regression,Prediction of Remaining Useful Lifetime,,,,,,,,1.00000,,,,,,,,,,,,,,,,0.23597529001114714,0.4157659871624973,,,0.15874701328022625,8.731085730412444,0.4365542865206222,,,,0.3492434292164978,0.09594599703749938,0.27284642907538886,,,0.20788299358124865,0.13432439585249914,0.2129533104978645,,0.08084338639270781,0.48506031835624686,2.182771432603111,
45,high,,,,,,,,,,,,,,,,,,,,,,,,,,,,,,,,,0.25000,0.25000,0.25000,,,,,,,,0.25000,,1.0,,,,,,,,,,,,,,,,,,,,,,,,,,,
46,,,,,,,,,,,,,,,,>10,,,,,,,,,,,,,,,,,,0.25000,0.25000,,,,,,0.25000,,,0.25000,,,,,,,,,,,,,,,,,1.0,,,,,,,,,,,,
47,,,,,,,,,,,,,,,,,yes,"[continuous, discrete, ordinal, nominal]",,,,,,,,,,,0.16667,0.16667,,,,0.16667,0.16667,,,,,,0.16667,,,0.16667,,,,,,,,,,,,,,,,,,0.611111111111111,1.3888888888888888,,,,,,,,,,
48,,,,,,,,,,,1.0:86400,,,,,,,,,,,,,,,,,,0.33333,,,,,,,,,,,,0.33333,,,0.33333,,,,,,,,,,,,1.0,,,,,,,,,,,,,,,,,
49,,,,,,,Process Parameter Prediction,,,1,1.0:200,XGBoost,,,no categorical features,4.0:10,no,"[continuous, discrete]",,,Tabular Data,>100000,1.0:4,,Offline,Regression,Time Series Prediction,1.00000,,,,,,,,,,,,,,,,,,,,,,,,0.8959184670025985,,,0.14660484005497065,8.063266203023387,0.8959184670025985,,,1.151895171860484,0.11518951718604838,0.08860732091234493,0.19198252864341397,,,0.19198252864341397,0.8063266203023388,0.19666502934203384,,0.07465987225021654,0.44795923350129924,0.7330242002748534,
50,,,,,,,Process Parameter Prediction,,,1,200.0:2000,XGBoost,,,no categorical features,4.0:10,no,"[continuous, discrete]",,,Tabular Data,>100000,1.0:4,,Offline,Regression,Time Series Prediction,,0.33333,,,,,0.33333,0.33333,,,,,,,,,,,,,,,,,0.8959184670025985,,,0.14660484005497065,8.063266203023387,0.8959184670025985,,,1.151895171860484,0.11518951718604838,0.08860732091234493,0.19198252864341397,,,0.19198252864341397,0.8063266203023388,0.19666502934203384,,0.07465987225021654,0.44795923350129924,0.7330242002748534,
51,,,,,,,Process Parameter Prediction,,,1,>2000,XGBoost,,,no categorical features,4.0:10,no,"[continuous, discrete]",,,Tabular Data,>100000,1.0:4,,Offline,Regression,Time Series Prediction,,0.05882,0.05882,0.05882,0.05882,0.05882,0.05882,0.05882,0.05882,0.05882,0.05882,0.05882,0.05882,0.05882,0.05882,0.05882,0.05882,0.05882,,,,,,,0.8959184670025985,,,0.14660484005497065,8.063266203023387,0.8959184670025985,,,1.151895171860484,0.11518951718604838,0.08860732091234493,0.19198252864341397,,,0.19198252864341397,0.8063266203023388,0.19666502934203384,,0.07465987225021654,0.44795923350129924,0.7330242002748534,
52,,,,,,,Process Parameter Prediction,,,1,1.0:2000,Random Forest,,,no categorical features,4.0:10,no,"[continuous, nominal]",,,Tabular Data,>100000,1.0:4,,Offline,Regression,Time Series Prediction,,,,,,,1.00000,,,,,,,,,,,,,,,,,,0.8782083143899665,,,0.1437068150819945,7.903874829509699,0.4649338135005705,,,1.1291249756442427,0.11291249756442427,0.08685576735724945,0.8782083143899665,,,0.1881874959407071,0.79038748295097,0.19277743486609025,,0.07318402619916388,0.43910415719498325,0.7185340754099726,
53,,,,,,,Process Parameter Prediction,,,1,2000.0:5000,Random Forest,,,no categorical features,4.0:10,no,"[continuous, nominal]",,,Tabular Data,>100000,1.0:4,,Offline,Regression,Time Series Prediction,,,,,,,0.33333,0.33333,0.33333,,,,,,,,,,,,,,,,0.8782083143899665,,,0.1437068150819945,7.903874829509699,0.4649338135005705,,,1.1291249756442427,0.11291249756442427,0.08685576735724945,0.8782083143899665,,,0.1881874959407071,0.79038748295097,0.19277743486609025,,0.07318402619916388,0.43910415719498325,0.7185340754099726,
54,,,,,,,Process Parameter Prediction,,,1,5000.0:10000,Random Forest,,,no categorical features,4.0:10,no,"[continuous, nominal]",,,Tabular Data,>100000,1.0:4,,Offline,Regression,Time Series Prediction,,,,,,,1.00000,,,,,,,,,,,,,,,,,,0.8782083143899665,,,0.1437068150819945,7.903874829509699,0.4649338135005705,,,1.1291249756442427,0.11291249756442427,0.08685576735724945,0.8782083143899665,,,0.1881874959407071,0.79038748295097,0.19277743486609025,,0.07318402619916388,0.43910415719498325,0.7185340754099726,
55,,,,,,,Process Parameter Prediction,,,1,>10000,Random Forest,,,no categorical features,4.0:10,no,"[continuous, nominal]",,,Tabular Data,>100000,1.0:4,,Offline,Regression,Time Series Prediction,,0.05882,0.05882,0.05882,0.05882,0.05882,0.05882,0.05882,0.05882,0.05882,0.05882,0.05882,0.05882,0.05882,0.05882,0.05882,0.05882,0.05882,,,,,,,0.8782083143899665,,,0.1437068150819945,7.903874829509699,0.4649338135005705,,,1.1291249756442427,0.11291249756442427,0.08685576735724945,0.8782083143899665,,,0.1881874959407071,0.79038748295097,0.19277743486609025,,0.07318402619916388,0.43910415719498325,0.7185340754099726,
56,,,,,,,,<2,36000,1,1.0:72000,Latent Dirichlet Allocation (HPOlib),,,yes,1.0:3,no,[continuous],,,Text Data,,,,Offline,Text,Text,,,,,,,,,1.00000,,,,,,,,,,,,,,,,,1.1546079381099046,1.539477250813206,0.08397148640799305,4.618431752439618,1.1546079381099046,,,0.17763199047844686,0.18473727009758473,0.050751997279556246,0.14432599226373807,,,1.1546079381099046,,,,0.0427632569670335,1.1546079381099046,1.539477250813206,
57,,,,,,,,2.0:10,36000,1,72000.0:360000,Latent Dirichlet Allocation (HPOlib),,,yes,1.0:3,no,[continuous],,,Text Data,,,,Offline,Text,Text,,,,,,,0.50000,,0.50000,,,,,,,,,,,,,,,,,3.6467599179151815,1.2155866393050603,0.06630472578027602,3.6467599179151815,0.9116899794787954,,,0.1402599968428916,0.14587039671660726,0.040074284812254744,0.11396124743484942,,,0.9116899794787954,,,,0.03376629553625168,0.9116899794787954,1.2155866393050603,
58,,,,,,,,>10,36000,1,>360000,Latent Dirichlet Allocation (HPOlib),,,yes,1.0:3,no,[continuous],,,Text Data,,,,Offline,Text,Text,,0.05882,0.05882,0.05882,0.05882,0.05882,0.05882,0.05882,0.05882,0.05882,0.05882,0.05882,0.05882,0.05882,0.05882,0.05882,0.05882,0.05882,,,,,,,,3.6467599179151815,1.2155866393050603,0.06630472578027602,3.6467599179151815,0.9116899794787954,,,0.1402599968428916,0.14587039671660726,0.040074284812254744,0.11396124743484942,,,0.9116899794787954,,,,0.03376629553625168,0.9116899794787954,1.2155866393050603,
59,,,,,,,,<2,60,1,1.0:120,Logistic Regression,,,yes,4.0:10,no,"[continuous, discrete]",,,Image Data,1000.0:100000,<1,,Offline,Multiclass Classification,Image Recognition,,,,,,,0.33333,0.33333,0.33333,,,,,,,,,,,,,,,,,2.1002717525247876,1.4001811683498582,0.15274703654725724,8.40108701009915,1.2001552871570214,,,0.32311873115765966,0.12001552871570213,0.09231963747361704,0.20002588119283687,,,0.1585110756622481,0.12924749246306386,0.3652646526130065,,0.07778784268610324,0.12924749246306386,0.15001941089462767,
60,,,,,,,,2.0:50,60,1,120.0:3000,Logistic Regression,,,yes,4.0:10,no,"[continuous, discrete]",,,Image Data,1000.0:100000,<1,,Offline,Multiclass Classification,Image Recognition,,,,,,,,,1.00000,,,,,,,,,,,,,,,,,2.675489980474098,1.337744990237049,0.14593581711676898,8.026469941422294,1.1466385630603277,,,0.30871038236239595,0.11466385630603276,0.088202966389256,0.19110642717672124,,,0.1514428290834395,0.12348415294495838,0.3489769539748823,,0.07431916612428051,0.12348415294495838,0.14332982038254097,
61,,,,,,,,>50,60,1,>3000,Logistic Regression,,,yes,4.0:10,no,"[continuous, discrete]",,,Image Data,1000.0:100000,<1,,Offline,Multiclass Classification,Image Recognition,,0.05882,0.05882,0.05882,0.05882,0.05882,0.05882,0.05882,0.05882,0.05882,0.05882,0.05882,0.05882,0.05882,0.05882,0.05882,0.05882,0.05882,,,,,,,,2.675489980474098,1.337744990237049,0.14593581711676898,8.026469941422294,1.1466385630603277,,,0.30871038236239595,0.11466385630603276,0.088202966389256,0.19110642717672124,,,0.1514428290834395,0.12348415294495838,0.3489769539748823,,0.07431916612428051,0.12348415294495838,0.14332982038254097,
62,,,,,,,,<10,60,1,1.0:600,Logistic Regression,,,yes,4.0:10,no,"[continuous, discrete]",,,Image Data,1000.0:100000,<1,,Offline,Multiclass Classification,Image Recognition,,,,,,,0.33333,0.33333,0.33333,,,,,,,,,,,,,,,,,2.675489980474098,1.337744990237049,0.14593581711676898,8.026469941422294,1.1466385630603277,,,0.30871038236239595,0.11466385630603276,0.088202966389256,0.19110642717672124,,,0.1514428290834395,0.12348415294495838,0.3489769539748823,,0.07431916612428051,0.12348415294495838,0.14332982038254097,
63,,,,,,,,10.0:100,60,1,600.0:6000,Logistic Regression,,,yes,4.0:10,no,"[continuous, discrete]",,,Image Data,1000.0:100000,<1,,Offline,Multiclass Classification,Image Recognition,,,,,,,,,1.00000,,,,,,,,,,,,,,,,,3.6846287291569344,1.2282095763856449,0.13398649924207032,7.369257458313869,1.0527510654734098,,,0.28343297916591803,0.10527510654734097,0.0809808511902623,0.17545851091223494,,,0.13904259355309187,0.11337319166636721,0.3204024981875595,,0.06823386535475805,0.11337319166636721,0.13159388318417622,
64,,,,,,,,>100,60,1,>6000,Logistic Regression,,,yes,4.0:10,no,"[continuous, discrete]",,,Image Data,1000.0:100000,<1,,Offline,Multiclass Classification,Image Recognition,,0.05882,0.05882,0.05882,0.05882,0.05882,0.05882,0.05882,0.05882,0.05882,0.05882,0.05882,0.05882,0.05882,0.05882,0.05882,0.05882,0.05882,,,,,,,,1.7286251702296525,1.440520975191377,0.15714774274815022,8.643125851148262,1.2347322644497518,,,0.3324279173518563,0.12347322644497517,0.09497940495767324,0.20578871074162527,,,0.16307784624808042,0.1329711669407425,0.3757880804847071,,0.08002894306618762,0.1329711669407425,0.15434153305621898,
65,,,,,,yes,,<2,720,2,1.0:2880,Multilayer Perceptron,,,yes,>10,yes,"[continuous, discrete, nominal]",,,Image Data,1000.0:100000,<1,,Offline,Multiclass Classification,Image Recognition,,,,,,,1.00000,,,,,,,,,,,,,,,,,0.23286174256332004,,3.201848960245651,1.0672829867485503,1.0672829867485503,6.403697920491302,0.41314180132201944,,,0.4925921477301002,0.5122958336393042,0.5122958336393042,0.5568432974340263,,,0.24164897813174724,0.19703685909204005,0.5568432974340263,,0.11858699852761669,0.19703685909204005,0.2287034971604036,
66,,,,,,yes,,2.0:20,720,2,2880.0:28800,Multilayer Perceptron,,,yes,>10,yes,"[continuous, discrete, nominal]",,,Image Data,1000.0:100000,<1,,Offline,Multiclass Classification,Image Recognition,,,,,,,0.50000,0.50000,,,,,,,,,,,,,,,,0.116397244113368,,6.40184842623524,0.5334873688529367,0.5334873688529367,6.40184842623524,0.2065112395559755,,,0.24622493947058618,0.2560739370494096,0.2560739370494096,0.2783412359232713,,,0.12078959294783473,0.09848997578823447,0.2783412359232713,,0.059276374316992966,0.09848997578823447,0.11431872189705786,
67,,,,,,yes,,20.0:200,720,2,28800.0:288000,Multilayer Perceptron,,,yes,>10,yes,"[continuous, discrete, nominal]",,,Image Data,1000.0:100000,<1,,Offline,Multiclass Classification,Image Recognition,,,,,,,0.33333,0.33333,0.33333,,,,,,,,,,,,,,,0.116397244113368,,6.40184842623524,0.5334873688529367,0.5334873688529367,6.40184842623524,0.2065112395559755,,,0.24622493947058618,0.2560739370494096,0.2560739370494096,0.2783412359232713,,,0.12078959294783473,0.09848997578823447,0.2783412359232713,,0.059276374316992966,0.09848997578823447,0.11431872189705786,
68,,,,,,yes,,<10,720,2,1.0:14400,Multilayer Perceptron,,,yes,>10,yes,"[continuous, discrete, nominal]",,,Image Data,1000.0:100000,<1,,Offline,Multiclass Classification,Image Recognition,,,,,,,1.00000,,,,,,,,,,,,,,,,,0.15874018626396078,,2.910236748172614,0.7275591870431535,0.7275591870431535,8.730710244517843,0.28163581433928525,,,0.3357965478660709,0.34922840978071373,0.34922840978071373,0.3795960975877323,,,0.16473038197203477,0.13431861914642834,0.3795960975877323,,0.0808399096714615,0.13431861914642834,0.15590554008067575,
69,,,,,,yes,,10.0:100,720,2,14400.0:144000,Multilayer Perceptron,,,yes,>10,yes,"[continuous, discrete, nominal]",,,Image Data,1000.0:100000,<1,,Offline,Multiclass Classification,Image Recognition,,,,,,,0.50000,0.50000,,,,,,,,,,,,,,,,0.1455070613553671,,4.001444187272595,0.6669073645454325,0.6669073645454325,8.00288837454519,0.2581576895014578,,,0.30780339902096887,0.3201155349818076,0.3201155349818076,0.3479516684584866,,,0.15099789385934323,0.12312135960838756,0.3479516684584866,,0.07410081828282583,0.12312135960838756,0.14290872097402127,
70,,,,,,yes,,100.0:500,720,2,14400.0:720000,Multilayer Perceptron,,,yes,>10,yes,"[continuous, discrete, nominal]",,,Image Data,1000.0:100000,<1,,Offline,Multiclass Classification,Image Recognition,,,,,,,1.00000,,,,,,,,,,,,,,,,,0.116397244113368,,6.40184842623524,0.5334873688529367,0.5334873688529367,6.40184842623524,0.2065112395559755,,,0.24622493947058618,0.2560739370494096,0.2560739370494096,0.2783412359232713,,,0.12078959294783473,0.09848997578823447,0.2783412359232713,,0.059276374316992966,0.09848997578823447,0.11431872189705786,
71,,,,,,yes,,<2,720,2,1.0:2880,Multilayer Perceptron,,,yes,>10,yes,"[continuous, discrete, nominal]",,,Image Data,1000.0:100000,<1,,Offline,Multiclass Classification,Image Recognition,,,,,,,1.00000,,,,,,,,,,,,,,,,,0.23286174256332004,,3.201848960245651,1.0672829867485503,1.0672829867485503,6.403697920491302,0.41314180132201944,,,0.4925921477301002,0.5122958336393042,0.5122958336393042,0.5568432974340263,,,0.24164897813174724,0.19703685909204005,0.5568432974340263,,0.11858699852761669,0.19703685909204005,0.2287034971604036,
72,,,,,,yes,,2.0:50,720,2,2880.0:72000,Multilayer Perceptron,,,yes,>10,yes,"[continuous, discrete, nominal]",,,Image Data,1000.0:100000,<1,,Offline,Multiclass Classification,Image Recognition,,,,,,,0.50000,0.50000,,,,,,,,,,,,,,,,0.15874018626396078,,2.910236748172614,0.7275591870431535,0.7275591870431535,8.730710244517843,0.28163581433928525,,,0.3357965478660709,0.34922840978071373,0.34922840978071373,0.3795960975877323,,,0.16473038197203477,0.13431861914642834,0.3795960975877323,,0.0808399096714615,0.13431861914642834,0.15590554008067575,
73,,,,,,yes,,50.0:200,720,2,72000.0:288000,Multilayer Perceptron,,,yes,>10,yes,"[continuous, discrete, nominal]",,,Image Data,1000.0:100000,<1,,Offline,Multiclass Classification,Image Recognition,,,,,,,0.33333,0.33333,0.33333,,,,,,,,,,,,,,,0.1455070613553671,,4.001444187272595,0.6669073645454325,0.6669073645454325,8.00288837454519,0.2581576895014578,,,0.30780339902096887,0.3201155349818076,0.3201155349818076,0.3479516684584866,,,0.15099789385934323,0.12312135960838756,0.3479516684584866,,0.07410081828282583,0.12312135960838756,0.14290872097402127,
74,,,,,,yes,,<5,720,2,1.0:7200,Multilayer Perceptron,,,yes,>10,yes,"[continuous, discrete, nominal]",,,Image Data,1000.0:100000,<1,,Offline,Multiclass Classification,Image Recognition,,,,,,,1.00000,,,,,,,,,,,,,,,,,0.2587518813877922,,7.115676738164286,1.185946123027381,1.185946123027381,1.7789191845410715,0.4590759185912442,,,0.5473597490895604,0.5692541390531428,0.5692541390531428,0.6187544989708075,,,0.26851610332695414,0.2189438996358242,0.6187544989708075,,0.13177179144748677,0.2189438996358242,0.2541313120772959,
75,,,,,,yes,,5.0:50,720,2,7200.0:72000,Multilayer Perceptron,,,yes,>10,yes,"[continuous, discrete, nominal]",,,Image Data,1000.0:100000,<1,,Offline,Multiclass Classification,Image Recognition,,,,,,,0.50000,0.50000,,,,,,,,,,,,,,,,0.116397244113368,,6.40184842623524,0.5334873688529367,0.5334873688529367,6.40184842623524,0.2065112395559755,,,0.24622493947058618,0.2560739370494096,0.2560739370494096,0.2783412359232713,,,0.12078959294783473,0.09848997578823447,0.2783412359232713,,0.059276374316992966,0.09848997578823447,0.11431872189705786,
76,,,,,,yes,,50.0:500,720,2,72000.0:720000,Multilayer Perceptron,,,yes,>10,yes,"[continuous, discrete, nominal]",,,Image Data,1000.0:100000,<1,,Offline,Multiclass Classification,Image Recognition,,,,,,,1.00000,,,,,,,,,,,,,,,,,0.116397244113368,,6.40184842623524,0.5334873688529367,0.5334873688529367,6.40184842623524,0.2065112395559755,,,0.24622493947058618,0.2560739370494096,0.2560739370494096,0.2783412359232713,,,0.12078959294783473,0.09848997578823447,0.2783412359232713,,0.059276374316992966,0.09848997578823447,0.11431872189705786,
77,,,,,,,,<5,,,,Deep Neural Net,,,yes,>10,yes,"[continuous, discrete, nominal]",,,Image Data,1000.0:100000,<1,,Offline,Multiclass Classification,Image Recognition,,,,,,,,0.50000,0.50000,,,,,,,,,,,,,,,,,6.108912019441344,,,,2.443564807776538,,,0.4699163091877957,0.48871296155530747,0.48871296155530747,0.5312097408209864,,,0.2305249818657111,0.1879665236751183,0.5312097408209864,,0.11312800036002488,0.1879665236751183,0.21817542926576228,
78,,,,,,,,2.0:50,,,,Deep Neural Net,,,yes,>10,yes,"[continuous, discrete, nominal]",,,Image Data,1000.0:100000,<1,,Offline,Multiclass Classification,Image Recognition,,,,,,,0.50000,0.50000,,,,,,,,,,,,,,,,,,4.9049365002020275,,,,2.942961900121217,,,0.5659542115617724,0.5885923800242433,0.5885923800242433,0.6397743261133079,,,0.2776379151057751,0.22638168462470898,0.6397743261133079,,0.136248236116723,0.22638168462470898,0.2627644553679657,
79,,,,,,,,50.0:200,,,,Deep Neural Net,,,yes,>10,yes,"[continuous, discrete, nominal]",,,Image Data,1000.0:100000,<1,,Offline,Multiclass Classification,Image Recognition,,,,,,,0.33333,0.33333,0.33333,,,,,,,,,,,,,,,,,6.108912019441344,,,,2.443564807776538,,,0.4699163091877957,0.48871296155530747,0.48871296155530747,0.5312097408209864,,,0.2305249818657111,0.1879665236751183,0.5312097408209864,,0.11312800036002488,0.1879665236751183,0.21817542926576228,
80,,,,,,,,<10,,,,Deep Neural Net,,,yes,>10,yes,"[continuous, discrete, nominal]",,,Image Data,1000.0:100000,<1,,Offline,Multiclass Classification,Image Recognition,,,,,,,0.33333,0.33333,0.33333,,,,,,,,,,,,,,,,,4.9049365002020275,,,,2.942961900121217,,,0.5659542115617724,0.5885923800242433,0.5885923800242433,0.6397743261133079,,,0.2776379151057751,0.22638168462470898,0.6397743261133079,,0.136248236116723,0.22638168462470898,0.2627644553679657,
81,,,,,,,,10.0:200,,,,Deep Neural Net,,,yes,>10,yes,"[continuous, discrete, nominal]",,,Image Data,1000.0:100000,<1,,Offline,Multiclass Classification,Image Recognition,,,,,,,0.50000,0.50000,,,,,,,,,,,,,,,,,,8.09622843764389,,,,1.6192456875287784,,,0.31139340144784194,0.3238491375057556,0.3238491375057556,0.3520099320714735,,,0.15275902712535644,0.12455736057913679,0.3520099320714735,,0.07496507812633231,0.12455736057913679,0.14457550781506948,
82,,,,,,,,,,1,1.0:10,Support Vector Machine,,,,1.0:3,no,[continuous],,,Image Data,,,,Offline,Multiclass Classification,Image Recognition,,,,,,,,,,,,,,0.33333,,0.33333,0.33333,,,,,,,,,,,0.1500410270323625,8.252256486779936,0.4126128243389968,,,,0.33009025947119747,0.09068413721736195,0.257883015211873,,,0.1557029525807535,,,,0.07640978228499941,0.12695779210430672,0.14736172297821312,
83,,,,,,,,,,1,10.0:40,Support Vector Machine,,,,1.0:3,no,[continuous],,,Image Data,,,,Offline,Multiclass Classification,Image Recognition,,,,,,,,,,,,,,,,1.00000,,,,,,,,,,,,0.1500410270323625,8.252256486779936,0.4126128243389968,,,,0.33009025947119747,0.09068413721736195,0.257883015211873,,,0.1557029525807535,,,,0.07640978228499941,0.12695779210430672,0.14736172297821312,
84,,,,,,,,,,1,40.0:100,Support Vector Machine,,,,1.0:3,no,[continuous],,,Image Data,,,,Offline,Multiclass Classification,Image Recognition,,,,,,,,,,,,,,0.50000,,0.50000,,,,,,,,,,,,0.1500410270323625,8.252256486779936,0.4126128243389968,,,,0.33009025947119747,0.09068413721736195,0.257883015211873,,,0.1557029525807535,,,,0.07640978228499941,0.12695779210430672,0.14736172297821312,
85,,,,,,,,,,1,100.0:400,Support Vector Machine,,,,1.0:3,no,[continuous],,,Image Data,,,,Offline,Multiclass Classification,Image Recognition,,,,,,,,,,,,,,0.33333,,0.33333,0.33333,,,,,,,,,,,0.1500410270323625,8.252256486779936,0.4126128243389968,,,,0.33009025947119747,0.09068413721736195,0.257883015211873,,,0.1557029525807535,,,,0.07640978228499941,0.12695779210430672,0.14736172297821312,
86,,,,,,,,,,1,400.0:50000,Support Vector Machine,,,,1.0:3,no,[continuous],,,Image Data,,,,Offline,Multiclass Classification,Image Recognition,,,,,,,,,,0.25000,,,,0.25000,,0.25000,0.25000,,,,,,,,,,,0.1500410270323625,8.252256486779936,0.4126128243389968,,,,0.33009025947119747,0.09068413721736195,0.257883015211873,,,0.1557029525807535,,,,0.07640978228499941,0.12695779210430672,0.14736172297821312,
87,,,,,,,,,,1,50000.0:500000,Support Vector Machine,,,,1.0:3,no,[continuous],,,Image Data,,,,Offline,Multiclass Classification,Image Recognition,,,,,,,,,0.20000,0.20000,,,,0.20000,,0.20000,0.20000,,,,,,,,,,,0.1500410270323625,8.252256486779936,0.4126128243389968,,,,0.33009025947119747,0.09068413721736195,0.257883015211873,,,0.1557029525807535,,,,0.07640978228499941,0.12695779210430672,0.14736172297821312,
88,,,,,,,,,,1,>500000,Support Vector Machine,,,,1.0:3,no,[continuous],,,Image Data,,,,Offline,Multiclass Classification,Image Recognition,,0.05882,0.05882,0.05882,0.05882,0.05882,0.05882,0.05882,0.05882,0.05882,0.05882,0.05882,0.05882,0.05882,0.05882,0.05882,0.05882,0.05882,,,,,,,,,,0.1500410270323625,8.252256486779936,0.4126128243389968,,,,0.33009025947119747,0.09068413721736195,0.257883015211873,,,0.1557029525807535,,,,0.07640978228499941,0.12695779210430672,0.14736172297821312,
89,,,,,,,,,,1,1.0:4000,Multilayer Perceptron,,,,4.0:10,no,"[continuous, discrete]",,,Tabular Data,,,,Offline,Binary Classification,,,,,,,,,,,,,,,0.33333,,,0.33333,0.33333,,,,,,,,,,0.24384960539134712,6.705864148262046,0.43263639666206744,,,,0.19159611852177272,0.1473816296321329,0.31932686420295453,,,0.31932686420295453,,,,0.12418266941226011,0.5158357037124651,,
90,,,,,,,,,,1,4000.0:100000,Multilayer Perceptron,,,,4.0:10,no,"[continuous, discrete]",,,Tabular Data,,,,Offline,Binary Classification,,,,,,,,,,,,,,,,,,1.00000,,,,,,,,,,,0.24384960539134712,6.705864148262046,0.43263639666206744,,,,0.19159611852177272,0.1473816296321329,0.31932686420295453,,,0.31932686420295453,,,,0.12418266941226011,0.5158357037124651,,
91,,,,,,,,,,1,1.0:10000,Multilayer Perceptron,,,,4.0:10,no,"[continuous, discrete]",,,Tabular Data,,,,Offline,Binary Classification,,,,,,,,,,,,,,,0.33333,,,0.33333,0.33333,,,,,,,,,,0.13973420550469845,7.685381302758415,0.24791552589543273,,,,0.10979116146797735,0.08445473959075182,0.1829852691132956,,,0.1829852691132956,,,,0.07116093798850384,0.29559158856763135,,
92,,,,,,,,,,1,10000.0:100000,Multilayer Perceptron,,,,4.0:10,no,"[continuous, discrete]",,,Tabular Data,,,,Offline,Binary Classification,,,,,,,,,,,,,,,,,,1.00000,,,,,,,,,,,0.13973420550469845,7.685381302758415,0.24791552589543273,,,,0.10979116146797735,0.08445473959075182,0.1829852691132956,,,0.1829852691132956,,,,0.07116093798850384,0.29559158856763135,,
93,,,,,,,,,,1,1.0:100,Multilayer Perceptron,,,,4.0:10,no,"[continuous, discrete]",,,Tabular Data,1000.0:100000,1.0:4,,Offline,Multiclass Classification,Image Recognition,,,,,,,,,,,,,,0.33333,,,0.33333,0.33333,,,,,,,,,,0.5860751204096986,5.372355270422236,1.039810697501078,,,,0.4604875946076203,0.3542212266212464,0.7674793243460337,,,0.7674793243460337,0.4959097172697449,0.7861983322569128,,0.29846418169012423,0.4959097172697449,0.5756094932595253,
94,,,,,,,,,,1,100.0:2000,Multilayer Perceptron,,,,4.0:10,no,"[continuous, discrete]",,,Tabular Data,1000.0:100000,1.0:4,,Offline,Multiclass Classification,Image Recognition,,,,,,,,,,,,,,,,,1.00000,,,,,,,,,,,0.18097220727107394,9.953471399909068,0.32107972257771183,,,,0.14219244857012955,0.10937880659240734,0.23698741428354922,,,0.23698741428354922,0.15313032922937028,0.2427675951197334,,0.09216177222138025,0.15313032922937028,0.17774056071266192,
95,,,,,,,,,,1,2000.0:20000,Multilayer Perceptron,,,,4.0:10,no,"[continuous, discrete]",,,Tabular Data,1000.0:100000,1.0:4,,Offline,Multiclass Classification,Image Recognition,,,,,,,,,0.50000,,,,,,,,0.50000,,,,,,,,,,,0.18097220727107394,9.953471399909068,0.32107972257771183,,,,0.14219244857012955,0.10937880659240734,0.23698741428354922,,,0.23698741428354922,0.15313032922937028,0.2427675951197334,,0.09216177222138025,0.15313032922937028,0.17774056071266192,
96,,,,,,,,,,1,20000.0:40000,Multilayer Perceptron,,,,4.0:10,no,"[continuous, discrete]",,,Tabular Data,1000.0:100000,1.0:4,,Offline,Multiclass Classification,Image Recognition,,,,,,,,0.33333,0.33333,,,,,,,,0.33333,,,,,,,,,,,0.18097220727107394,9.953471399909068,0.32107972257771183,,,,0.14219244857012955,0.10937880659240734,0.23698741428354922,,,0.23698741428354922,0.15313032922937028,0.2427675951197334,,0.09216177222138025,0.15313032922937028,0.17774056071266192,
97,,,,,,,,,,1,1.0:4000,Multilayer Perceptron,,,,4.0:10,no,"[continuous, discrete]",,,Image Data,1000.0:100000,>4,,Offline,Multiclass Classification,Image Recognition,,,,,,,,,,,,,,0.50000,,,0.50000,,,,,,,,,,,0.2993264425591925,8.231477170377794,0.5310630432501802,,,,0.2351850620107941,0.1809115861621493,0.39197510335132346,,,0.31062178001425633,0.25327622062700905,0.8664712810923992,,0.15243476241440357,0.25327622062700905,0.2939813275134926,
98,,,,,,,,,,1,4000.0:100000,Multilayer Perceptron,,,,4.0:10,no,"[continuous, discrete]",,,Image Data,1000.0:100000,>4,,Offline,Multiclass Classification,Image Recognition,,,,,,,,0.33333,0.33333,,,,,,,,0.33333,,,,,,,,,,,0.2993264425591925,8.231477170377794,0.5310630432501802,,,,0.2351850620107941,0.1809115861621493,0.39197510335132346,,,0.31062178001425633,0.25327622062700905,0.8664712810923992,,0.15243476241440357,0.25327622062700905,0.2939813275134926,
99,,,,,,,,,,1,1.0:1000,Multilayer Perceptron,,,,4.0:10,no,"[continuous, discrete]",,,Image Data,1000.0:100000,1.0:4,,Offline,Multiclass Classification,Image Recognition,,,,,,,,,,,,,,0.33333,,,0.33333,0.33333,,,,,,,,,,0.4085792148765269,7.490618939402993,0.7248986070389993,,,,0.321026525974414,0.24694348151877998,0.5350442099573566,,,0.4239972984567732,0.345720874126292,0.5480940687368044,,0.2080727483167498,0.345720874126292,0.40128315746801746,
100,,,,,,,,,,1,1000.0:10000,Multilayer Perceptron,,,,4.0:10,no,"[continuous, discrete]",,,Image Data,1000.0:100000,1.0:4,,Offline,Multiclass Classification,Image Recognition,,,,,,,,,,,,,,,,,1.00000,,,,,,,,,,,0.3113911852893721,8.563257595457733,0.5524682319650149,,,,0.2446645027273638,0.1882034636364337,0.40777417121227294,,,0.32314179605500876,0.26348484909100717,0.4177198827052553,,0.15857884436032837,0.26348484909100717,0.3058306284092047,
101,,,,,,,,,,1,1.0:1000,Multilayer Perceptron,,,,4.0:10,no,"[continuous, discrete]",,,Tabular Data,,,,Offline,Binary Classification,,,,,,,,,,,,,,,0.33000,,,0.33000,0.33000,,,,,,,,,,0.32442570571451723,5.947804604766149,0.5755939940096272,,,,0.25490591163283494,0.19608147048679614,0.4248431860547249,,,0.4248431860547249,,,,0.16521679457683747,0.6862851467037864,,
102,,,,,,,,,,1,1000.0:100000,Multilayer Perceptron,,,,4.0:10,no,"[continuous, discrete]",,,Tabular Data,,,,Offline,Binary Classification,,,,,,,,,,,,,,,,,,1.00000,,,,,,,,,,,0.13973420550469845,7.685381302758415,0.24791552589543273,,,,0.10979116146797735,0.08445473959075182,0.1829852691132956,,,0.1829852691132956,,,,0.07116093798850384,0.29559158856763135,,
103,,,,,,,,<100,,,,Support Vector Machine,,,,1.0:3,no,[continuous],,,,,,no,Offline,Multiclass Classification,,,,,,,,,,1.00000,,,,,,,,,,,,,,,,,2.7198882487917317,,,,0.8159664746375196,,,,0.6527731797100157,0.1793332911291252,0.5099790466484497,,,,,,2.7198882487917317,0.15110490271065177,0.25106660758077526,,
104,,,,,,,,<40,,,,Support Vector Machine,,,,1.0:3,no,[continuous],,,,,,yes,Offline,Multiclass Classification,,,,,,,,,,1.00000,,,,,,,,,,,,,,,,,6.51300608978992,,,,0.32565030448949606,,,,0.2605202435915968,0.07157149549219693,0.203531440305935,,,,,,0.46521472069928,0.06030561194249926,0.1002000936890757,,
105,,,,,,,,40.0:100,,,,Support Vector Machine,,,,1.0:3,no,[continuous],,,,,,yes,Offline,Multiclass Classification,,,,,,,,,,,,1.00000,,,,,,,,,,,,,,,6.51300608978992,,,,0.32565030448949606,,,,0.2605202435915968,0.07157149549219693,0.203531440305935,,,,,,0.46521472069928,0.06030561194249926,0.1002000936890757,,
106,,,,,,,,<50,,,,Multilayer Perceptron,,,,4.0:10,no,"[continuous, discrete]",,,,,,no,Offline,Multiclass Classification,,,,,,,,,,,,1.00000,,,,,,,,,,,,,,,3.8266317331049082,,,,0.4937589333038591,,,,0.2186646704631376,0.16820359266395202,0.36444111743856267,,,,,,2.5510878220699387,0.1417271012261077,0.2354850297295328,,
107,,,,,,,,50.0:100,,,,Multilayer Perceptron,,,,4.0:10,no,"[continuous, discrete]",,,,,,no,Offline,Multiclass Classification,,,,,,,,,,1.00000,,,,,,,,,,,,,,,,,6.286081840094539,,,,0.20277683355143675,,,,0.0898011691442077,0.06907782241862132,0.14966861524034616,,,,,,1.0476803066824232,0.05820446148235684,0.09670895138606984,,
108,,,,,,,,<100,,,,Multilayer Perceptron,,,,4.0:10,no,"[continuous, discrete]",,,,,,yes,Offline,Multiclass Classification,,,,,,,,,,,,1.00000,,,,,,,,,,,,,,,3.87505175015692,,,,0.750010016159404,,,,0.3321472928705932,0.255497917592764,0.5535788214509886,,,,,,1.6607364643529658,0.21528065278649558,0.3576970846298696,,
109,,,,,,,,<30,,,,XGBoost,,,,4.0:10,no,"[continuous, discrete]",,,,,,no,Offline,Regression,,,,,,,,,,,,1.00000,,,,,,,,,,,,,,,4.485930118447178,,,,0.9968733596549284,,,,0.12816943195563366,0.09859187073510282,0.21361571992605607,,,,,,1.4953100394823926,0.08307277997124403,0.4984366798274642,,
110,,,,,,,,30.0:100,,,,XGBoost,,,,4.0:10,no,"[continuous, discrete]",,,,,,no,Offline,Regression,,,,,,,,,,1.00000,,,,,,,,,,,,,,,,,4.485930118447178,,,,0.9968733596549284,,,,0.12816943195563366,0.09859187073510282,0.21361571992605607,,,,,,1.4953100394823926,0.08307277997124403,0.4984366798274642,,
111,,,,,,,,<30,,,,XGBoost,,,,4.0:10,no,"[continuous, discrete]",,,,,,yes,Offline,Regression,,,,,,,,,,,,1.00000,,,,,,,,,,,,,,,5.022357360042926,,,,1.1160794133428724,,,,0.14349592457265503,0.11038148044050387,0.23915987428775837,,,,,,0.7174796228632752,0.09300661777857269,0.5580397066714362,,
112,,,,,,,,30.0:100,,,,XGBoost,,,,4.0:10,no,"[continuous, discrete]",,,,,,yes,Offline,Regression,,,,,,,,,,1.00000,,,,,,,,,,,,,,,,,5.022357360042926,,,,1.1160794133428724,,,,0.14349592457265503,0.11038148044050387,0.23915987428775837,,,,,,0.7174796228632752,0.09300661777857269,0.5580397066714362,,
113,,,,,,yes,,<200,1800,17,1.0:360000,Convolutional Neural Net,,,,>10,no,"[continuous, discrete]",,,Image Data,1000.0:100000,>4,,Offline,Multiclass Classification,Image Recognition,,,,,,,,1.00000,,,,,,,,,,,,,,,,0.11349822471546876,,0.7803002949188478,3.121201179675391,3.121201179675391,6.242402359350782,0.3468001310750434,,,,0.24969609437403129,0.06859782812473389,0.14862862760359005,,,0.11778117659152419,0.09603695937462743,0.3285474925974096,,0.057800021845840585,0.09603695937462743,0.11147147070269255,
114,,,,,,yes,,200.0:1000,1800,17,360000.0:1800000,Convolutional Neural Net,,,,>10,no,"[continuous, discrete]",,,Image Data,1000.0:100000,>4,,Offline,Multiclass Classification,Image Recognition,,,,1.00000,,,,,,,,,,,,,,,,,,,,0.08320129404941932,,4.576071172718063,2.2880355863590314,2.2880355863590314,4.576071172718063,0.2542261762621146,,,,0.1830428469087225,0.0502864964034952,0.10895407554090625,,,0.08634096552298232,0.07040109496489327,0.24084585119568752,,0.0423710293770191,0.07040109496489327,0.08171555665567969,
115,,,,,,,,<200,,,,Synthetic Function,,,,1.0:3,no,[continuous],,,,,,,Offline,,Synthetic Function,,,,,,,,,0.33333,,0.33333,0.33333,,,,,,,,,,,,,,0.7192776359816975,,,,2.87711054392679,,,,0.2301688435141432,0.06323319876762176,0.17981940899542437,,,,,,,0.05327982488753314,,2.87711054392679,
116,,,,,,,,<200,,,,Synthetic Function,,,,4.0:10,no,[continuous],,,,,,,Offline,,Synthetic Function,,,,,,,,,0.33333,,0.33333,0.33333,,,,,,,,,,,,,,0.7348100170682367,,,,2.9392400682729467,,,,0.08397828766494132,0.06459868281918564,0.18370250426705917,,,,,,,0.05443037163468419,,2.9392400682729467,
117,,,,,,,,<100,,,,Logistic Regression,,,,4.0:10,no,[continuous],,,Image Data,1000.0:100000,>4,,Offline,Multiclass Classification,Image Recognition,,,,,,,,,0.50000,,,0.50000,,,,,,,,,,,,,,3.70046171678521,,,,3.171824328673037,,,,0.3171824328673037,0.24398648682100288,0.6938365718972269,,,0.4189201943530426,0.34158108154940403,1.1685668579321717,,0.20558120648806721,0.34158108154940403,0.39647804108412965,
118,,,,,,,,<50,,,,Latent Dirichlet Allocation (HPOlib),,,,1.0:3,no,[discrete],,,Text Data,,,,Offline,Text,,,,,,,,,,0.50000,,,0.50000,,,,,,,,,,,,,,1.5264282696752067,,,,1.5264282696752067,,,,0.2442285231480331,0.06709574811759152,1.5264282696752067,,,1.5264282696752067,,,,0.05653438035834099,1.5264282696752067,,
119,,,,,,,,<100,,,,Support Vector Machine,,,,1.0:3,no,[discrete],,,Tabular Data,,,,Offline,Multiclass Classification,,,,,,,,0.25000,,0.25000,,0.25000,0.25000,,,,,,,,,,,,,,2.3552587117971426,,,,0.706577613539143,,,,0.5652620908313143,0.15529178319541603,3.532888067695714,,,0.3364655302567347,,,,0.13084770621095237,0.21740849647358243,,
120,,,,,,,,<50,,,,Support Vector Machine,,,,1.0:3,no,[discrete],,,Tabular Data,<1000,1.0:4,,Offline,Multiclass Classification,,,,,,,,,,,0.50000,0.50000,,,,,,,,,,,,,,,2.9744223944949164,,,,0.5948844788989833,,,,0.4759075831191867,0.1307438415162601,2.9744223944949164,,,0.2832783232852301,1.9829482629966109,0.29018755068243085,,0.11016379238870061,0.1830413781227641,,
121,,,,,,,,>50,,,,Support Vector Machine,,,,1.0:3,no,[discrete],,,Tabular Data,<1000,1.0:4,,Offline,Multiclass Classification,,,0.05882,0.05882,0.05882,0.05882,0.05882,0.05882,0.05882,0.05882,0.05882,0.05882,0.05882,0.05882,0.05882,0.05882,0.05882,0.05882,0.05882,,,,,,,,3.6081570847973325,,,,0.5412235627195999,,,,0.43297885017568,0.11895023356474725,2.7061178135979995,,,0.2577255060569523,1.8040785423986663,0.2640114940095609,,0.1002265856888148,0.16653032699064615,,
122,,,,,,,,<50,,,,Random Forest,,,,4.0:10,no,"[discrete, nominal]",,,Tabular Data,<1000,1.0:4,,Offline,Binary Classification,Classification,,,,,,,,,,0.50000,0.50000,,,,,,,,,,,,,,,2.120791840445751,,,,0.4990098448107649,,,,0.1211881051683286,0.09322161936025279,1.6966334723566008,,,0.20198017528054765,1.4138612269638338,0.20690652101909765,,0.0785478459424352,0.32627566776088474,4.241583680891502,
123,,,,,,,,>50,,,,Random Forest,,,,4.0:10,no,"[discrete, nominal]",,,Tabular Data,<1000,1.0:4,,Offline,Binary Classification,Classification,,0.05882,0.05882,0.05882,0.05882,0.05882,0.05882,0.05882,0.05882,0.05882,0.05882,0.05882,0.05882,0.05882,0.05882,0.05882,0.05882,0.05882,,,,,,,,2.6569685957977165,,,,0.4688768110231265,,,,0.113870082677045,0.08759237129003462,1.5941811574786302,,,0.1897834711284083,1.3284842978988582,0.1944123362778817,,0.07380468321660323,0.3065732995151212,3.985452893696575,
124,,,,,,yes,,,,8,1.0:100000,Convolutional Neural Net,,yes,,4.0:10,no,"[continuous, discrete, nominal]",,,Image Data,1000.0:100000,>4,,Offline,Multiclass Classification,Image Recognition,,,,,,,,,,,0.50000,0.50000,,,,,,,,,,,,0.1812829360818378,,,,0.997056148450108,9.97056148450108,0.5539200824722821,,0.32163101562906704,,0.1424365926357297,0.10956660971979208,0.4335026732391774,,,0.18812380159435999,0.15339325360770892,0.5247663939211095,,0.09232001374538036,0.15339325360770892,0.17804574079466212,
125,,,,,,yes,,,,8,100000.0:250000,Convolutional Neural Net,,yes,,4.0:10,no,"[continuous, discrete, nominal]",,,Image Data,1000.0:100000,>4,,Offline,Multiclass Classification,Image Recognition,,,,,,,,,,,1.00000,,,,,,,,,,,,,0.1812829360818378,,,,0.997056148450108,9.97056148450108,0.5539200824722821,,0.32163101562906704,,0.1424365926357297,0.10956660971979208,0.4335026732391774,,,0.18812380159435999,0.15339325360770892,0.5247663939211095,,0.09232001374538036,0.15339325360770892,0.17804574079466212,
126,,,,,,yes,,,,8,>250000,Convolutional Neural Net,,yes,,4.0:10,no,"[continuous, discrete, nominal]",,,Image Data,1000.0:100000,>4,,Offline,Multiclass Classification,Image Recognition,,0.05882,0.05882,0.05882,0.05882,0.05882,0.05882,0.05882,0.05882,0.05882,0.05882,0.05882,0.05882,0.05882,0.05882,0.05882,0.05882,0.05882,,,,,,0.1812829360818378,,,,0.997056148450108,9.97056148450108,0.5539200824722821,,0.32163101562906704,,0.1424365926357297,0.10956660971979208,0.4335026732391774,,,0.18812380159435999,0.15339325360770892,0.5247663939211095,,0.09232001374538036,0.15339325360770892,0.17804574079466212,
127,,,,,,no,,,,1,1.0:150000,Convolutional Neural Net,,yes,,4.0:10,no,"[continuous, discrete]",,,Image Data,1000.0:100000,>4,,Offline,Multiclass Classification,Image Recognition,,,,,,,,,,,,,0.25000,0.25000,0.25000,,0.25000,,,,,,,0.466275019323761,,,,0.3136759220905301,8.626087857489578,0.9584542063877307,,0.5565217972573921,,0.24645965307113077,0.18958434851625447,0.4107660884518846,,,0.32551274933922936,0.2654180879227563,0.9080092481567976,,0.15974236773128847,0.2654180879227563,0.3080745663389135,
128,,,,,,no,,,,1,>150000,Convolutional Neural Net,,yes,,4.0:10,no,"[continuous, discrete]",,,Image Data,1000.0:100000,>4,,Offline,Multiclass Classification,Image Recognition,,,,,,,,,,,,,0.25000,0.25000,0.25000,,0.25000,,,,,,,0.466275019323761,,,,0.3136759220905301,8.626087857489578,0.9584542063877307,,0.5565217972573921,,0.24645965307113077,0.18958434851625447,0.4107660884518846,,,0.32551274933922936,0.2654180879227563,0.9080092481567976,,0.15974236773128847,0.2654180879227563,0.3080745663389135,
129,,,,,,no,,,,1,1.0:30000,Convolutional Neural Net,,yes,,4.0:10,no,"[continuous, discrete]",,,Image Data,1000.0:100000,>4,,Offline,Multiclass Classification,Image Recognition,,,,,0.25000,,,,,,,,0.25000,0.25000,0.25000,,,,,,,,,0.28850989670190985,,,,0.19408847596310294,10.674866177970664,0.5930481209983701,,0.3443505218700214,,0.15249808825672376,0.11730622173594137,0.2541634804278729,,,0.2014125693956729,0.1642287104303179,0.5618350619984559,,0.09884135349972836,0.1642287104303179,0.1906226103209047,
130,,,,,,no,,,,1,30000.0:90000,Convolutional Neural Net,,yes,,4.0:10,no,"[continuous, discrete]",,,Image Data,1000.0:100000,>4,,Offline,Multiclass Classification,Image Recognition,,,,,0.20000,,,,,,,,0.20000,0.20000,0.20000,,0.20000,,,,,,,0.28850989670190985,,,,0.19408847596310294,10.674866177970664,0.5930481209983701,,0.3443505218700214,,0.15249808825672376,0.11730622173594137,0.2541634804278729,,,0.2014125693956729,0.1642287104303179,0.5618350619984559,,0.09884135349972836,0.1642287104303179,0.1906226103209047,
131,,,,,,no,,,,1,>90000,Convolutional Neural Net,,yes,,4.0:10,no,"[continuous, discrete]",,,Image Data,1000.0:100000,>4,,Offline,Multiclass Classification,Image Recognition,,,,,0.25000,,,,,,,,0.25000,,0.25000,,0.25000,,,,,,,0.466275019323761,,,,0.3136759220905301,8.626087857489578,0.9584542063877307,,0.5565217972573921,,0.24645965307113077,0.18958434851625447,0.4107660884518846,,,0.32551274933922936,0.2654180879227563,0.9080092481567976,,0.15974236773128847,0.2654180879227563,0.3080745663389135,
132,,,,,,yes,,,,25,1.0:60000,Convolutional Neural Net,,yes,,4.0:10,no,"[continuous, discrete]",,,Image Data,1000.0:100000,>4,,Offline,Multiclass Classification,Image Recognition,,,,,1.00000,,,,,,,,,,,,,,,,,,,0.17147287728325347,,,,1.8862016501157886,9.431008250578943,0.5239449028099412,,0.3042260725993207,,0.13472868929398488,0.1036374533030653,0.2245478154899748,,,0.17794355189771588,0.14509243462429142,0.4963688552936285,,0.08732415046832354,0.14509243462429142,0.16841086161748112,
133,,,,,,yes,,,,25,60000.0:90000,Convolutional Neural Net,,yes,,4.0:10,no,"[continuous, discrete]",,,Image Data,1000.0:100000,>4,,Offline,Multiclass Classification,Image Recognition,,,,,,,,,,,,,,,1.00000,,,,,,,,,0.17147287728325347,,,,1.8862016501157886,9.431008250578943,0.5239449028099412,,0.3042260725993207,,0.13472868929398488,0.1036374533030653,0.2245478154899748,,,0.17794355189771588,0.14509243462429142,0.4963688552936285,,0.08732415046832354,0.14509243462429142,0.16841086161748112,
134,,,,,,yes,,,,25,>90000,Convolutional Neural Net,,yes,,4.0:10,no,"[continuous, discrete]",,,Image Data,1000.0:100000,>4,,Offline,Multiclass Classification,Image Recognition,,,,,,,,,,,,,0.33333,,0.33333,,0.33333,,,,,,,0.2585622649156914,,,,2.844184914072606,7.110462285181515,0.7900513650201682,,0.4587395022697751,,0.2031560652909004,0.1562738963776157,0.33859344215150067,,,0.26831933151628357,0.218783454928662,0.748469714229633,,0.1316752275033614,0.218783454928662,0.2539450816136255,
135,,,,,,yes,,,,25,1.0:150000,Convolutional Neural Net,,yes,,4.0:10,no,"[continuous, discrete]",,,Image Data,1000.0:100000,>4,,Offline,Multiclass Classification,Image Recognition,,,,,0.50000,,,,,,,,,,0.50000,,,,,,,,,0.2585622649156914,,,,2.844184914072606,7.110462285181515,0.7900513650201682,,0.4587395022697751,,0.2031560652909004,0.1562738963776157,0.33859344215150067,,,0.26831933151628357,0.218783454928662,0.748469714229633,,0.1316752275033614,0.218783454928662,0.2539450816136255,
136,,,,,,yes,,,,25,>150000,Convolutional Neural Net,,yes,,4.0:10,no,"[continuous, discrete]",,,Image Data,1000.0:100000,>4,,Offline,Multiclass Classification,Image Recognition,,,,,0.50000,,,,,,,,,,0.50000,,,,,,,,,0.2585622649156914,,,,2.844184914072606,7.110462285181515,0.7900513650201682,,0.4587395022697751,,0.2031560652909004,0.1562738963776157,0.33859344215150067,,,0.26831933151628357,0.218783454928662,0.748469714229633,,0.1316752275033614,0.218783454928662,0.2539450816136255,
137,,,,,,,,,,,,,yes,,,,,,,,,,,,,,,,,,,,,,,,,,,,,,,1.00000,,,,,,,,,,,,,,1.0,,,,,,,,,,,,,,,
138,,,,,,,,,,,1.0:86400,,no,,,,no,[continuous],,,,,,,,,,,,,,,,,,1.00000,,,,,,,,,,,,,,,,,,,,1.555763323093362,,1.458528115400027,,,,0.25644450380659817,0.7292640577000135,,,,,,,,,,
139,,,,,,,,,,,,,no,,,>10,yes,,,,,,,,,,,,,,,,,0.50000,0.50000,,,,,,,,,,,,,,,,,,,,,,,1.3157894736842104,,,0.8421052631578946,0.8421052631578946,,,,,,,,,,,
140,,,,,,,,,,,>86400,,yes,,,,,[continuous],,,,,,,,,,,,,1.00000,,,,,,,,,,,,,,,,,,,,,,,,,2.5912596401028276,,0.24678663239074547,,,,,0.16195372750642673,,,,,,,,,,
141,,,,,,,,,,,.0,,,,,,,,,,,,,,,,,1.00000,,,,,,,,,,,,,,,,,,,,,,,,,,,,1.0,,,,,,,,,,,,,,,,,
142,,,,,,,,,,,.0,,,,,,,,,,,,,,,,,1.00000,,,,,,,,,,,,,,,,,,,,,,,,,,,,1.0,,,,,,,,,,,,,,,,,
143,,,,,,,,,,,.0,,,,,,,,,,,,,,,,,1.00000,,,,,,,,,,,,,,,,,,,,,,,,,,,,1.0,,,,,,,,,,,,,,,,,
144,,,,,,,,,,,.0,,,,,,,,,,,,,,,,,1.00000,,,,,,,,,,,,,,,,,,,,,,,,,,,,1.0,,,,,,,,,,,,,,,,,
145,,,,,,,,,,,.0,,,,,,,,,,,,,,,,,1.00000,,,,,,,,,,,,,,,,,,,,,,,,,,,,1.0,,,,,,,,,,,,,,,,,
146,,,,,,,,,,,.0,,,,,,,,,,,,,,,,,1.00000,,,,,,,,,,,,,,,,,,,,,,,,,,,,1.0,,,,,,,,,,,,,,,,,
147,,,,,,,,,,,.0,,,,,,,,,,,,,,,,,1.00000,,,,,,,,,,,,,,,,,,,,,,,,,,,,1.0,,,,,,,,,,,,,,,,,
148,,,,,,,,,,,1.0:7200,,,,,,,,,,,,,,,,,0.20000,,,,,,,,,,,,0.20000,0.20000,0.20000,,0.20000,,,,,,,,,,,,1.0,,,,,,,,,,,,,,,,,
149,,,,,,,,,,,1.0:7200,,,,,,,,,,,,,,,,,0.20000,,,,,,,,,,,,0.20000,0.20000,0.20000,,,,,,,,,,,,,,1.0,,,,,,,,,,,,,,,,,
150,,,,,,,,,,,1.0:7200,,,,,,,,,,,,,,,,,0.20000,,,,,,,,,,,,0.20000,0.20000,0.20000,,,,,,,,,,,,,,1.0,,,,,,,,,,,,,,,,,
151,,,,,,,,,,,1.0:7200,,,,,,,,,,,,,,,,,0.20000,,,,,,,,,,,,0.20000,0.20000,0.20000,,,,,,,,,,,,,,1.0,,,,,,,,,,,,,,,,,
152,,,,,,,,,,,1.0:7200,,,,,,,,,,,,,,,,,0.20000,,,,,,,,,,,,0.20000,0.20000,0.20000,,,,,,,,,,,,,,1.0,,,,,,,,,,,,,,,,,
153,,,,,,,,,,,1.0:7200,,,,,,,,,,,,,,,,,0.20000,,,,,,,,,,,,0.20000,0.20000,0.20000,,,,,,,,,,,,,,1.0,,,,,,,,,,,,,,,,,
154,,,,,,,,,,,1.0:7200,,,,,,,,,,,,,,,,,0.16667,,,,,,,,,,,,0.16667,0.16667,0.16667,0.16667,0.16667,,,,,,,,,,,,1.0,,,,,,,,,,,,,,,,,
155,,,,,,,,,,,7200.0:172800,,,,,,,,,,,,,,,,,0.08,,,,,0.08,0.08,0.08,,0.08,0.08,0.08,0.08,0.08,0.08,0.08,0.08,0.08,,,,,,,,,,,1.0,,,,,,,,,,,,,,,,,
156,,,,,,,,,,,7200.0:172800,,,,,,,,,,,,,,,,,0.07143,0.07143,,,,0.07143,0.07143,0.07143,,0.07143,0.07143,0.07143,0.07143,0.07143,0.07143,0.07143,0.07143,0.07143,,,,,,,,,,,1.0,,,,,,,,,,,,,,,,,
157,,,,,,,,,,,7200.0:172800,,,,,,,,,,,,,,,,,0.07143,0.07143,,,,0.07143,0.07143,0.07143,,0.07143,0.07143,0.07143,0.07143,0.07143,0.07143,0.07143,0.07143,0.07143,,,,,,,,,,,1.0,,,,,,,,,,,,,,,,,
158,,,,,,,,,,,7200.0:172800,,,,,,,,,,,,,,,,,0.07143,0.07143,,,,0.07143,0.07143,0.07143,,0.07143,0.07143,0.07143,0.07143,0.07143,0.07143,0.07143,0.07143,0.07143,,,,,,,,,,,1.0,,,,,,,,,,,,,,,,,
159,,,,,,,,,,,7200.0:172800,,,,,,,,,,,,,,,,,0.07143,0.07143,,,,0.07143,0.07143,0.07143,,0.07143,0.07143,0.07143,0.07143,0.07143,0.07143,0.07143,0.07143,0.07143,,,,,,,,,,,1.0,,,,,,,,,,,,,,,,,
160,,,,,,,,,,,7200.0:172800,,,,,,,,,,,,,,,,,0.07143,0.07143,,,,0.07143,0.07143,0.07143,,0.07143,0.07143,0.07143,0.07143,0.07143,0.07143,0.07143,0.07143,0.07143,,,,,,,,,,,1.0,,,,,,,,,,,,,,,,,
161,,,,,,,,,,,7200.0:172800,,,,,,,,,,,,,,,,,0.07143,0.07143,,,,0.07143,0.07143,0.07143,,0.07143,0.07143,0.07143,0.07143,0.07143,0.07143,0.07143,0.07143,0.07143,,,,,,,,,,,1.0,,,,,,,,,,,,,,,,,
162,,,,,,,,,,,1.0:172800,,yes,,,,,,,,,>100000,,,,,,,,,,,,,,,,,,0.16667,0.16667,0.16667,0.16667,0.16667,0.16667,,,,,,,,,,,0.8548168249660787,,0.6919945725915875,,,,,,,,,1.4531886024423342,,,,,,
163,,,,,,,,,,,1.0:172800,,yes,,,,,,,,,,,,,,,,,,,,,,,,,,,0.16667,0.16667,0.16667,0.16667,0.16667,0.16667,,,,,,,,,,,1.105263157894737,,0.8947368421052632,,,,,,,,,,,,,,,
164,,,,,,,,,,,1.0:172801,,yes,,,,,,,,,,,,,,,,,,,,,,,,,,,0.16667,0.16667,0.16667,0.16667,0.16667,0.16667,,,,,,,,,,,1.909090909090909,,0.0909090909090909,,,,,,,,,,,,,,,
165,,,,,,,,,,,1.0:172802,,yes,,,,,,,,,,,,,,,,,,,,,,,,,,,0.16667,0.16667,0.16667,0.16667,0.16667,0.16667,,,,,,,,,,,1.909090909090909,,0.0909090909090909,,,,,,,,,,,,,,,
166,,,,,,,,,,,1.0:172803,,yes,,,,,,,,,,,,,,,,,,,,,,,,,,,0.16667,0.16667,0.16667,0.16667,0.16667,0.16667,,,,,,,,,,,1.909090909090909,,0.0909090909090909,,,,,,,,,,,,,,,
167,,,,,,,,,,,1.0:172804,,yes,,,,,,,,,,,,,,,,,,,,,,,,,,,0.16667,0.16667,0.16667,0.16667,0.16667,0.16667,,,,,,,,,,,1.909090909090909,,0.0909090909090909,,,,,,,,,,,,,,,
168,,,,,,,,,,,1.0:172805,,yes,,,,,,,,,,,,,,,,,,,,,,,,,,,0.16667,0.16667,0.16667,0.16667,0.16667,0.16667,,,,,,,,,,,1.909090909090909,,0.0909090909090909,,,,,,,,,,,,,,,
169,,,yes,,,,,,,,,,,,,,,,,,,,,,,,,0.33333,0.33333,0.33333,,,,,,,,,,,,,,,,,,1.0,,,,,,,,,,,,,,,,,,,,,,,,,
170,,,yes,,,,,,,,,,,,,,,,,,,,,,,,,0.33333,0.33333,0.33333,,,,,,,,,,,,,,,,,,1.0,,,,,,,,,,,,,,,,,,,,,,,,,
171,,,yes,,,,,,,,,,,,,,,,,,,,,,,,,0.33333,0.33333,0.33333,,,,,,,,,,,,,,,,,,1.0,,,,,,,,,,,,,,,,,,,,,,,,,
172,,,yes,,,,,,,,,,,,,,,,,,,,,,,,,0.33333,0.33333,0.33333,,,,,,,,,,,,,,,,,,1.0,,,,,,,,,,,,,,,,,,,,,,,,,
173,,,yes,,,,,,,,,,,,,,,,,,,,,,,,,0.33333,0.33333,0.33333,,,,,,,,,,,,,,,,,,1.0,,,,,,,,,,,,,,,,,,,,,,,,,
174,,,yes,,,,,,,,,,,,,,,,,,,,,,,,,,0.50000,0.50000,,,,,,,,,,,,,,,,,,1.0,,,,,,,,,,,,,,,,,,,,,,,,,
175,,,yes,,,,,,,,,,,,,,,,,,,,,,,,,0.25000,0.25000,0.25000,,0.25000,,,,,,,,,,,,,,,,1.0,,,,,,,,,,,,,,,,,,,,,,,,,
176,,,,yes,,,,,,,,,,,,,,,,,,,,,,,,0.11111,0.11111,0.11111,0.11111,,,0.11111,0.11111,0.11111,,,,,0.11111,,,0.11111,,,,,1.0,,,,,,,,,,,,,,,,,,,,,,,,
177,,,,yes,,,,,,,,,,,,,,,,,,,,,,,,0.11111,0.11111,0.11111,0.11111,,,0.11111,0.11111,0.11111,,,,,0.11111,,,0.11111,,,,,1.0,,,,,,,,,,,,,,,,,,,,,,,,
178,,,,yes,,,,,,,,,,,,,,,,,,,,,,,,0.11111,0.11111,0.11111,0.11111,,,0.11111,0.11111,0.11111,,,,,0.11111,,,0.11111,,,,,1.0,,,,,,,,,,,,,,,,,,,,,,,,
179,,,,yes,,,,,,,,,,,,,,,,,,,,,,,,0.11111,0.11111,0.11111,0.11111,,,0.11111,0.11111,0.11111,,,,,0.11111,,,0.11111,,,,,1.0,,,,,,,,,,,,,,,,,,,,,,,,
180,,,,yes,,,,,,,,,,,,,,,,,,,,,,,,0.11111,0.11111,0.11111,0.11111,,,0.11111,0.11111,0.11111,,,,,0.11111,,,0.11111,,,,,1.0,,,,,,,,,,,,,,,,,,,,,,,,
181,,,,yes,,,,,,,,,,,,,,,,,,,,,,,,0.11111,0.11111,0.11111,0.11111,,,0.11111,0.11111,0.11111,,,,,0.11111,,,0.11111,,,,,1.0,,,,,,,,,,,,,,,,,,,,,,,,
182,,,,yes,,,,,,,,,,,,,,,,,,,,,,,,0.11111,0.11111,0.11111,0.11111,,,0.11111,0.11111,0.11111,,,,,0.11111,,,0.11111,,,,,1.0,,,,,,,,,,,,,,,,,,,,,,,,
183,,,,,,no,,,,,1.0:172800,,,,,,,,,,,,,,,,,0.20000,,,,0.20000,,0.20000,,,,,,,0.20000,,,0.20000,,,,,,,0.6296296296296297,,,,,1.3703703703703702,,,,,,,,,,,,,,,,,
184,,,,,,no,,,,,1.0:172800,,,,,,,,,,,,,,,,,0.25000,,,,,,0.25000,,,,,,,0.25000,,,0.25000,,,,,,,0.6296296296296297,,,,,1.3703703703703702,,,,,,,,,,,,,,,,,
185,,,,,,no,,,,,1.0:172800,,,,,,,,,,,,,,,,,0.25000,,,,,,0.25000,,,,,,,0.25000,,,0.25000,,,,,,,0.6296296296296297,,,,,1.3703703703703702,,,,,,,,,,,,,,,,,
186,,,,,,no,,,,,1.0:172800,,,,,,,,,,,,,,,,,0.25000,,,,,,0.25000,,,,,,,0.25000,,,0.25000,,,,,,,0.6296296296296297,,,,,1.3703703703703702,,,,,,,,,,,,,,,,,
187,,,,,,no,,,,,1.0:172800,,,,,,,,,,,,,,,,,0.25000,,,,,,0.25000,,,,,,,0.25000,,,0.25000,,,,,,,0.6296296296296297,,,,,1.3703703703703702,,,,,,,,,,,,,,,,,
188,,,,,,no,,,,,1.0:172800,,,,,,,,,,,,,,,,,0.25000,,,,,,0.25000,,,,,,,0.25000,,,0.25000,,,,,,,0.6296296296296297,,,,,1.3703703703703702,,,,,,,,,,,,,,,,,
189,,,,,,no,,,,,1.0:172800,,,,,,,,,,,,,,,,,0.25000,,,,,,0.25000,,,,,,,0.25000,,,0.25000,,,,,,,0.6296296296296297,,,,,1.3703703703703702,,,,,,,,,,,,,,,,,
190,,,,,,no,,,,,1.0:172800,,,,,,,,,,,,,,,,,,,,,0.25000,,0.25000,,,,,,,0.25000,,,0.25000,,,,,,,0.6296296296296297,,,,,1.3703703703703702,,,,,,,,,,,,,,,,,
191,,,,,,yes,,,,,,,,,,,,,,,,,,,,,,,0.14286,0.14286,0.14286,0.14286,,,,,,,,0.14286,0.14286,0.14286,,,,,,,,,1.0,,,,,,,,,,,,,,,,,,,,,,
192,,,,,,yes,,,,,,,,,,,,,,,,,,,,,,,0.14286,0.14286,0.14286,0.14286,,,,,,,,0.14286,0.14286,0.14286,,,,,,,,,1.0,,,,,,,,,,,,,,,,,,,,,,
193,,,,,,yes,,,,,,,,,,,,,,,,,,,,,,,0.14286,0.14286,0.14286,0.14286,,,,,,,,0.14286,0.14286,0.14286,,,,,,,,,1.0,,,,,,,,,,,,,,,,,,,,,,
194,,,,,,yes,,,,,,,,,,,,,,,,,,,,,,,0.14286,0.14286,0.14286,0.14286,,,,,,,,0.14286,0.14286,0.14286,,,,,,,,,1.0,,,,,,,,,,,,,,,,,,,,,,
195,,,,,,yes,,,,,,,,,,,,,,,,,,,,,,,0.14286,0.14286,0.14286,0.14286,,,,,,,,0.14286,0.14286,0.14286,,,,,,,,,1.0,,,,,,,,,,,,,,,,,,,,,,
196,,,,,,yes,,,,,,,,,,,,,,,,,,,,,,,0.14286,0.14286,0.14286,0.14286,,,,,,,,0.14286,0.14286,0.14286,,,,,,,,,1.0,,,,,,,,,,,,,,,,,,,,,,
197,,,,,,yes,,,,,,,,,,,,,,,,,,,,,,,0.14286,0.14286,0.14286,0.14286,,,,,,,,0.14286,0.14286,0.14286,,,,,,,,,1.0,,,,,,,,,,,,,,,,,,,,,,
198,,,,,,yes,,,,,>7200,,,,,,,,,,,,,,,,,,,,0.33333,0.33333,,,,,,,,,0.33333,,,,,,,,,,0.22580645161290322,,,,,1.7741935483870968,,,,,,,,,,,,,,,,,
199,,,,,,yes,,,,,>7200,,,,,,,,,,,,,,,,,,,,0.50000,0.50000,,,,,,,,,,,,,,,,,,,0.22580645161290322,,,,,1.7741935483870968,,,,,,,,,,,,,,,,,
200,,,,,,yes,,,,,>7200,,,,,,,,,,,,,,,,,,,,0.50000,0.50000,,,,,,,,,,,,,,,,,,,0.22580645161290322,,,,,1.7741935483870968,,,,,,,,,,,,,,,,,
201,,,,,,yes,,,,,>7200,,,,,,,,,,,,,,,,,,,,0.50000,0.50000,,,,,,,,,,,,,,,,,,,0.22580645161290322,,,,,1.7741935483870968,,,,,,,,,,,,,,,,,
202,,,,,,yes,,,,,>7200,,,,,,,,,,,,,,,,,,,,0.50000,0.50000,,,,,,,,,,,,,,,,,,,0.22580645161290322,,,,,1.7741935483870968,,,,,,,,,,,,,,,,,
203,,,,,,yes,,,,,>7200,,,,,,,,,,,,,,,,,,,,0.50000,0.50000,,,,,,,,,,,,,,,,,,,0.22580645161290322,,,,,1.7741935483870968,,,,,,,,,,,,,,,,,
204,,,,,,yes,,,,,>7200,,,,,,,,,,,,,,,,,,,,0.50000,0.50000,,,,,,,,,,,,,,,,,,,0.22580645161290322,,,,,1.7741935483870968,,,,,,,,,,,,,,,,,
205,,,,,,yes,,,,,1.0:172800,,,,,,,,,,,,,,,,,0.20000,0.20000,,,,,,,,,,,0.20000,0.20000,,,0.20000,,,,,,,0.47222222222222227,,,,,1.527777777777778,,,,,,,,,,,,,,,,,
206,,,,,,yes,,,,,1.0:172800,,,,,,,,,,,,,,,,,,,,,,,,,,,,,0.33333,0.33333,,,0.33333,,,,,,,0.47222222222222227,,,,,1.527777777777778,,,,,,,,,,,,,,,,,
207,,,,,,yes,,,,,1.0:172800,,,,,,,,,,,,,,,,,,,,,,,,,,,,,0.33333,0.33333,,,0.33333,,,,,,,0.47222222222222227,,,,,1.527777777777778,,,,,,,,,,,,,,,,,
208,,,,,,yes,,,,,1.0:172800,,,,,,,,,,,,,,,,,,,,,,,,,,,,,0.33333,0.33333,,,0.33333,,,,,,,0.47222222222222227,,,,,1.527777777777778,,,,,,,,,,,,,,,,,
209,,,,,,yes,,,,,1.0:172800,,,,,,,,,,,,,,,,,,,,,,,,,,,,,0.33333,0.33333,,,0.33333,,,,,,,0.47222222222222227,,,,,1.527777777777778,,,,,,,,,,,,,,,,,
210,,,,,,yes,,,,,1.0:172800,,,,,,,,,,,,,,,,,,,,,,,,,,,,,0.33333,0.33333,,,0.33333,,,,,,,0.47222222222222227,,,,,1.527777777777778,,,,,,,,,,,,,,,,,
211,,,,,,yes,,,,,1.0:172800,,,,,,,,,,,,,,,,,,0.25000,,,,,,,,,,,0.25000,0.25000,,,0.25000,,,,,,,0.47222222222222227,,,,,1.527777777777778,,,,,,,,,,,,,,,,,
212,,,,,,,,,,,,,,,,1.0:3,,,,,,,,,,,,,0.50000,0.50000,,,,,,,,,,,,,,,,,,,,,,,,,,,,,,,1.0,,,,,,,,,,,,
213,,,,,,,,,,,,,,,,1.0:3,,,,,,,,,,,,,0.33333,0.33333,,,,,,0.33333,,,,,,,,,,,,,,,,,,,,,,,,,1.0,,,,,,,,,,,,
214,,,,,,,,,,,,,,,,1.0:3,,,,,,,,,,,,,0.11111,0.11111,0.11111,,,0.11111,0.11111,0.11111,,,,0.11111,0.11111,,,0.11111,,,,,,,,,,,,,,,,,1.0,,,,,,,,,,,,
215,,,,,,,,,,,,,,,,4.0:10,,,,,,,,,,,,,0.16667,,,,,0.16667,0.16667,,,,,0.16667,0.16667,,,0.16667,,,,,,,,,,,,,,,,,1.0,,,,,,,,,,,,
216,,,,,,,,,,,,,,,,4.0:10,,,,,,,,,,,,,0.14286,0.14286,0.14286,0.14286,,0.14286,0.14286,0.14286,,,,,,,,,,,,,,,,,,,,,,,,,1.0,,,,,,,,,,,,
217,,,,,,,,,,,,,,,,4.0:10,,,,,,,,,,,,,0.50000,,,,,,,,,,,,0.50000,,,,,,,,,,,,,,,,,,,,1.0,,,,,,,,,,,,
218,,,,,,,,,,,,,,,,> 10,,,,,,,,,,,,,0.50000,,,,,,,,,,,,0.50000,,,,,,,,,,,,,,,,,,,,1.0,,,,,,,,,,,,
219,,,,,,,,,,,,,,,,> 10,,,,,,,,,,,,,,,,,,0.50000,0.50000,,,,,,,,,,,,,,,,,,,,,,,,,,1.0,,,,,,,,,,,,
220,,,,,,,,,,,,,,,,> 10,,,,,,,,,,,,,,,,0.33333,,0.33333,0.33333,,,,,,,,,,,,,,,,,,,,,,,,,,1.0,,,,,,,,,,,,
221,,,,,,,,,,,,,,,,> 10,,,,,,,,,,,,,,,0.16667,,,0.16667,0.16667,,,,,0.16667,0.16667,,,0.16667,,,,,,,,,,,,,,,,,1.0,,,,,,,,,,,,
222,,,,,,,,,,,,,,,,,,"[continuous, discrete, ordinal, nominal]",,,,,,,,,,,0.20000,,0.20000,,,0.20000,,,,,,,0.20000,,,0.20000,,,,,,,,,,,,,,,,,,,1.0,,,,,,,,,,
223,,,,,,,,,,,,,,,,,,"[continuous, discrete, ordinal, nominal]",,,,,,,,,,,,,,,,,,,,,,,,,,1.00000,,,,,,,,,,,,,,,,,,,1.0,,,,,,,,,,
224,,,,,,,,,,,,,,,,,,"[continuous, discrete, ordinal, nominal]",,,,,,,,,,,0.33333,0.33333,,,,,,,,,,,0.33333,,,,,,,,,,,,,,,,,,,,,,1.0,,,,,,,,,,
225,,,,,,,,,,,,,,,,,,,,,,,,,Online,,,0.20000,,,,,,,,,,,,0.20000,0.20000,0.20000,,0.20000,,,,,,,,,,,,,,,,,,,,,,,,,,1.0,,,
226,,,,,,,,,,,,,,,,,,,,,,,,,Online,,,0.20000,,,,,,,,,,,,0.20000,0.20000,0.20000,,0.20000,,,,,,,,,,,,,,,,,,,,,,,,,,1.0,,,
227,,,,,,,,,,,,,,,,,,,,,,,,,Online,,,0.20000,,,,,,,,,,,,0.20000,0.20000,0.20000,,0.20000,,,,,,,,,,,,,,,,,,,,,,,,,,1.0,,,
228,,,,,,,,,,,,,,,,,,,,,,,,,Online,,,0.20000,,,,,,,,,,,,0.20000,0.20000,0.20000,,0.20000,,,,,,,,,,,,,,,,,,,,,,,,,,1.0,,,
229,,,,,,,,,,,,,,,,,,,,,,,,,Online,,,0.20000,,,,,,,,,,,,0.20000,0.20000,0.20000,,0.20000,,,,,,,,,,,,,,,,,,,,,,,,,,1.0,,,
230,,,,,,,,,,,,,,,,,,,,,,,,,Online,,,0.20000,,,,,,,,,,,,0.20000,0.20000,0.20000,,0.20000,,,,,,,,,,,,,,,,,,,,,,,,,,1.0,,,
231,medium,medium,,,,no,,,,,1.0:86400,Convolutional Neural Net,no,,,,,,,,Image Data,>50000,,yes,,Multiclass Classification,Image Recognition,0.50000,0.25000,0.25000,,,,,,,,,,,,,,,,2.0838899122789103,0.5683336124397028,,,,0.16896404694153327,,,,,0.416777982455782,0.3473149853798183,0.3907293585522957,,,,,,,,0.11795603277050434,6.251669736836731,,0.44654783834548073,,0.09617953441287279,0.11163695958637018,
232,high,high,,,Linux,yes,,,,,>1296000,Convolutional Neural Net,no,,,,,,,,Image Data,>100000,,yes,,Object Detection,Object Detection,0.20000,,0.40000,0.40000,,,,,,,,,,,,,,,0.17203585895415582,0.38230190878701287,,,1.7203585895415578,0.06255849416514755,,,,,1.7203585895415578,0.19115095439350643,0.21504482369269473,,,,,,,,0.064919192058172,0.34407171790831165,,0.24576551279165113,,3.4407171790831157,3.4407171790831157,
233,high,low,,,,yes,,,,,>1296000,Convolutional Neural Net,no,,,,,,,,Image Data,,,yes,,Multiclass Classification,Image Recognition,0.20000,,,0.10000,0.10000,,,,,,,,,,0.40000,,0.20000,,0.38174477317761607,3.8174477317761606,,,,0.13881628115549674,,,,,3.8174477317761606,0.42416085908624007,0.4771809664720201,,,,,,,,0.14405463138777963,,,0.5453496759680229,,0.11745993020849725,0.13633741899200572,
234,high,medium,no,yes,Windows,no,Process Parameter Prediction,,>200,,>172800,LSTM,no,,no,,,"[continuous, discrete, ordinal, nominal]",,,Tabular Data ,>1000000,1.0:4,yes,offline,Regression,Time Series Prediction,0.12500,0.12500,,,,,0.12500,0.12500,0.12500,,,,0.12500,0.12500,,,0.12500,,0.27390279445205507,0.49800508082191836,0.9130093148401836,0.4565046574200918,1.3695139722602754,0.14805556456867844,0.6086728765601225,,1.826018629680367,,1.826018629680367,5.4780558890411015,0.34237849306506885,,1.3695139722602754,,,0.49800508082191836,,,0.9130093148401836,1.3695139722602754,0.1336111192449049,0.39128970636007865,0.7825794127201573,0.30433643828006124,0.49800508082191836,
235,medium,medium,no,yes,Windows,no,Predictive Quality,,,,7200.0:172800,Random Forest,yes,yes,no,,,"[continuous, discrete, ordinal, nominal]",,,Tabular Data ,1000.0:10000,1.0:4,no,offline,Binary Classification,Time Series Prediction,0.20000,,,,,,0.20000,,0.20000,,,,,0.20000,,,0.20000,,2.4697833690113145,0.6735772824576314,1.2348916845056572,0.6174458422528286,1.852337526758486,0.20025270559551203,0.2849750041166902,,,,0.7409350107033944,0.43584412394317323,0.35282619557304495,0.2390112937752885,1.852337526758486,,,0.6735772824576314,,,1.2348916845056572,3.704675053516972,0.1807158562691206,1.2348916845056572,1.0584785867191349,0.2849750041166902,0.6735772824576314,
236,medium,medium,no,yes,Windows,no,Predictive Maintenance,,,,>172800,Random Forest,no,yes,no,,,"[continuous, discrete, ordinal, nominal]",,,Tabular Data ,>1000000,1.0:4,yes,offline,Multi-class Classification,,0.14286,,,,,,0.14286,0.14286,0.14286,,,,0.14286,0.14286,,,0.14286,,2.1238149638202604,0.5792222628600711,1.0619074819101302,0.5309537409550651,1.5928612228651955,0.17220121328272386,0.30340213768860863,,,,2.1238149638202604,0.3747908759682813,0.3982153057162989,0.20553048036970265,1.5928612228651955,,,0.5792222628600711,,,1.0619074819101302,1.5928612228651955,0.15540109491367762,0.4551032065329129,0.9102064130658258,3.185722445730391,,
237,high,medium,no,yes,linux,yes,Predictive Quality,,,,7200.0:172800,XGBoost,no,,no,,,"[continuous, discrete, ordinal, nominal]",,,Tabular Data ,>1000000,>4,yes,offline,Multi-class Classification,,0.25000,,,,,,,,0.25000,,,,,0.25000,,,0.25000,,0.2772936598940762,0.5041702907165022,0.9243121996469207,0.46215609982346034,5.545873197881525,0.10083405814330045,0.21330281530313555,,,,0.5545873197881525,0.6162081330979472,0.3466170748675953,,1.3864682994703812,,,0.5041702907165022,,,0.9243121996469207,1.3864682994703812,0.29188806304639603,0.3961337998486803,0.7922675996973606,2.7729365989407624,,
238,high,medium,no,no,Windows,no,Process Design,,>200,,7200.0:172800,Random Forest,yes,yes,,,,"[continuous, discrete, ordinal, nominal]",,,Tabular Data ,1000.0:10000,1.0:4,yes,offline,Binary Classification,,0.33333,0.33333,,,,,,,0.33333,,,,,,,,,,0.22665728151857198,0.4121041482155854,0.7555242717285732,4.53314563037144,1.13328640759286,0.12251744946949839,4.53314563037144,,1.5110485434571463,,0.45331456303714396,0.26665562531596704,0.21586407763673518,0.1462305042055303,,,,0.4121041482155854,,,0.7555242717285732,2.26657281518572,0.11056452757003511,0.32379611645510276,0.6475922329102055,0.17435175501428615,,
239,high,high,no,yes,Linux,yes,Process Parameter Prediction,,>200,,>172800,Gradient Boosting Machine,no,,,,yes,"[continuous, discrete, ordinal, nominal]",,,Tabular Data ,>1000000,1.0:4,yes,offline,Regression,Time Series Prediction,0.14286,,,,,,0.14286,0.14286,0.14286,,,,0.14286,0.14286,,,0.14286,,0.2701033121640865,0.6002295825868589,0.9003443738802883,0.45017218694014416,2.701033121640865,0.098219386241486,0.6002295825868589,,1.8006887477605766,,1.8006887477605766,5.40206624328173,0.33762914020510815,,,,0.21608264973126923,0.49109693120743003,,,0.9003443738802883,1.3505165608204326,0.1317577132507739,0.38586187452012355,0.7717237490402471,0.30011479129342944,0.49109693120743003,
240,,,,,,,,,,,,,yes,,,,,,,,,>100000,1.0:4,yes,offline,Regression,Time Series Prediction,0.12500,0.12500,,,,,0.12500,0.12500,0.12500,,,,0.12500,0.12500,,,0.12500,,,,,,,,,,,,,,0.6256730064146181,,,,,,,,,1.3139133134706984,0.3204666618221215,0.9385095096219273,1.8770190192438545,0.7299518408170544,1.1944666486097255,
241,,,,,,,,,,,,,,,,,,,yes,,,,,,,,,,,,0.14286,,,0.14286,0.14286,0.14286,,0.14286,,,0.14286,,,0.14286,,,,,,,,,,,,,,,,,,,,1.0,,,,,,,,,
