,thetas,A_UR: quality demands,A_User's programming ability,A_UR: need for model transparency,A_UR: Availability of a well documented library,A_UR: Computer operating system,A_Hardware: Number of workers/kernels for parallel computing,A_Production application area,A_Number of maximum function evaluations/ trials budget,A_Running time per trial [s],A_Total Computing Time [s],A_Machine Learning Algorithm,A_Obtainability of good approximate,A_Supports parallel evaluations,A_Dimensionality of HPs,A_Conditional HP space,A_HP datatypes,A_Availability of a warm-start HP configuration,A_Obtainability of gradients,A_Input Data,A_#Instances training dataset,A_Ratio training to test dataset,A_Noise in dataset,A_Training Technique,A_ML task,A_Detailed ML task,D_Default Values,D_Random Search,D_Grid Search,D_CMA-ES,D_PBT,D_HOAG,D_SMAC,D_TPE,D_GPBO,D_MTBO,D_BOHAMIANN,D_DNGO,D_SHA,D_HB,D_ASHA,D_FABOLAS,D_BOHB,D_HB-LCNet,del_UR: quality demands,del_User's programming ability,del_UR: need for model transparency,del_UR: Availability of a well documented library,del_UR: Computer operating system,del_Hardware: Number of workers/kernels for parallel computing,del_Production application area,del_Number of maximum function evaluations/ trials budget,del_Running time per trial [s],del_Total Computing Time [s],del_Machine Learning Algorithm,del_Obtainability of good approximate,del_Supports parallel evaluations,del_Dimensionality of HPs,del_Conditional HP space,del_HP datatypes,del_Availability of a warm-start HP configuration,del_Obtainability of gradients,del_Input Data,del_#Instances training dataset,del_Ratio training to test dataset,del_Noise in dataset,del_Training Technique,del_ML task,del_Detailed ML task,Antecedent_Importance
1,1,low,,,,,,Predictive Quality,,,,,,yes,,,,,,,,,,,,,1.00000,0.00000,0.00000,0.00000,0.00000,0.00000,0.00000,0.00000,0.00000,0.00000,0.00000,0.00000,0.00000,0.00000,0.00000,0.00000,0.00000,0.00000,8.412621359223301,,,,,,0.323562359970127,,,,,,0.27137488255559034,,,,,,,,,,,,,UR: quality demands_AI:_1
2,1,high,,,,,,Predictive Quality,,,>86400,,,,,,,,,,,,,,,,0.00000,1.00000,0.00000,0.00000,0.00000,0.00000,0.00000,0.00000,0.00000,0.00000,0.00000,0.00000,0.00000,0.00000,0.00000,0.00000,0.00000,0.00000,0.42063106796116506,,,,,,0.323562359970127,,,0.33333,,,,,,,,,,,,,,,,User's programming ability_AI:_1
3,1,high,high,,,,,Predictive Quality,,,1.0:86400,,,,,,,,yes,,,,,,,,0.00000,0.00000,0.00000,0.00000,0.00000,1.00000,0.00000,0.00000,0.00000,0.00000,0.00000,0.00000,0.00000,0.00000,0.00000,0.00000,0.00000,0.00000,0.42063106796116506,0.9347357065803668,,,,,0.323562359970127,,,0.33333,,,,,,,,8.412621359223301,,,,,,,,UR: need for model transparency_AI:_1
4,1,high,high,,,,,Predictive Quality,,,1.0:86400,,yes,,,,,,,,,,,,,,0.00000,0.00000,0.00000,0.00000,0.00000,0.00000,0.00000,0.00000,0.00000,0.00000,0.00000,0.00000,0.00000,0.00000,0.00000,0.33333,0.33333,0.33333,0.42063106796116506,0.9347357065803668,,,,,0.323562359970127,,,0.33333,,0.4006010171058714,,,,,,,,,,,,,,UR: Availability of a well documented library_AI:_1
5,1,high,medium,,,,,Predictive Quality,>100,,1.0:86400,,,no,,,[continuous],,,,,,,,,,0.00000,0.00000,0.00000,0.50000,0.50000,0.00000,0.00000,0.00000,0.00000,0.00000,0.00000,0.00000,0.00000,0.00000,0.00000,0.00000,0.00000,0.00000,0.42063106796116506,0.701051779935275,,,,,0.323562359970127,0.33333,,0.33333,,,1.40210355987055,,,0.26289441747572817,,,,,,,,,,UR: Computer operating system_AI:_1
6,1,high,medium,,,,,Predictive Quality,>100,,1.0:86400,,,no,,,"[discrete, ordinal, nominal]",,,,,,,,,,0.00000,0.00000,0.00000,0.00000,0.00000,0.00000,0.50000,0.50000,0.00000,0.00000,0.00000,0.00000,0.00000,0.00000,0.00000,0.00000,0.00000,0.00000,0.42063106796116506,0.701051779935275,,,,,0.323562359970127,0.33333,,0.33333,,,1.40210355987055,,,2.1031553398058254,,,,,,,,,,Hardware: Number of workers/kernels for parallel computing_AI:_1
7,1,high,medium,,,,,Predictive Quality,<100,,1.0:86400,,,no,,,,,,,,,,,,,0.00000,0.00000,0.00000,0.00000,0.00000,0.00000,0.50000,0.50000,0.00000,0.00000,0.00000,0.00000,0.00000,0.00000,0.00000,0.00000,0.00000,0.00000,0.42063106796116506,0.701051779935275,,,,,0.323562359970127,0.33333,,0.33333,,,1.40210355987055,,,,,,,,,,,,,Production application area_AI:_1
8,1,high,medium,,,,,Predictive Quality,,,1.0:86400,,,yes,>10,,"[discrete, ordinal, nominal]",,,,,,,,,,0.00000,0.00000,0.00000,0.00000,0.00000,0.00000,0.50000,0.50000,0.00000,0.00000,0.00000,0.00000,0.00000,0.00000,0.00000,0.00000,0.00000,0.00000,0.42063106796116506,0.701051779935275,,,,,0.323562359970127,,,0.33333,,,0.27137488255559034,0.33650485436893207,,2.1031553398058254,,,,,,,,,,Number of maximum function evaluations/ trials budget_AI:_1
9,1,high,medium,,,,,Predictive Quality,,,1.0:86400,,,yes,1.0:10,,[continuous],,,,,,,,,,0.00000,0.00000,0.00000,0.00000,0.00000,0.00000,0.00000,0.00000,1.00000,0.00000,0.00000,0.00000,0.00000,0.00000,0.00000,0.00000,0.00000,0.00000,0.42063106796116506,0.701051779935275,,,,,0.323562359970127,,,0.33333,,,0.27137488255559034,1.6825242718446602,,0.26289441747572817,,,,,,,,,,Running time per trial [s]_AI:_1
10,1,high,high,,,,,Predictive Quality,>100,,1.0:86400,,no,no,,,[continuous],,no,,,,,,,,0.00000,0.00000,0.00000,0.50000,0.50000,0.00000,0.00000,0.00000,0.00000,0.00000,0.00000,0.00000,0.00000,0.00000,0.00000,0.00000,0.00000,0.00000,0.42063106796116506,0.9347357065803668,,,,,0.323562359970127,0.33333,,0.33333,,0.5257888349514563,1.40210355987055,,,0.26289441747572817,,1.6825242718446602,,,,,,,,Total Computing Time [s]_AI:_1
11,1,high,high,,,,,Predictive Quality,>100,,1.0:86400,,no,no,,,"[discrete, ordinal, nominal]",,no,,,,,,,,0.00000,0.00000,0.00000,0.00000,0.00000,0.00000,0.50000,0.50000,0.00000,0.00000,0.00000,0.00000,0.00000,0.00000,0.00000,0.00000,0.00000,0.00000,0.42063106796116506,0.9347357065803668,,,,,0.323562359970127,0.33333,,0.33333,,0.5257888349514563,1.40210355987055,,,2.1031553398058254,,1.6825242718446602,,,,,,,,Machine Learning Algorithm_AI:_1
12,1,high,high,,,,,Predictive Quality,<100,,1.0:86400,,no,no,,,,,no,,,,,,,,0.00000,0.00000,0.00000,0.00000,0.00000,0.00000,0.50000,0.50000,0.00000,0.00000,0.00000,0.00000,0.00000,0.00000,0.00000,0.00000,0.00000,0.00000,0.42063106796116506,0.9347357065803668,,,,,0.323562359970127,0.33333,,0.33333,,0.5257888349514563,1.40210355987055,,,,,1.6825242718446602,,,,,,,,Obtainability of good approximate_AI:_1
13,1,high,high,,,,,Predictive Quality,,,1.0:86400,,no,yes,>10,,"[discrete, ordinal, nominal]",,no,,,,,,,,0.00000,0.00000,0.00000,0.00000,0.00000,0.00000,0.50000,0.50000,0.00000,0.00000,0.00000,0.00000,0.00000,0.00000,0.00000,0.00000,0.00000,0.00000,0.42063106796116506,0.9347357065803668,,,,,0.323562359970127,,,0.33333,,0.5257888349514563,0.27137488255559034,0.33650485436893207,,2.1031553398058254,,1.6825242718446602,,,,,,,,Supports parallel evaluations_AI:_1
14,1,high,high,,,,,Predictive Quality,,,1.0:86400,,no,yes,1.0:10,,[continuous],,no,,,,,,,,0.00000,0.00000,0.00000,0.00000,0.00000,0.00000,0.00000,0.00000,1.00000,0.00000,0.00000,0.00000,0.00000,0.00000,0.00000,0.00000,0.00000,0.00000,0.42063106796116506,0.9347357065803668,,,,,0.323562359970127,,,0.33333,,0.5257888349514563,0.27137488255559034,1.6825242718446602,,0.26289441747572817,,1.6825242718446602,,,,,,,,Dimensionality of HPs_AI:_1
15,1,,,,,,8,Predictive Quality,<150,,1.0:100,Random Forest,yes,yes,4.0:10,no,[continuous],,,Tabular Data,1000.0:100000,1.0:4,,Offline,Binary Classification,Part Failure,1.00000,0.00000,0.00000,0.00000,0.00000,0.00000,0.00000,0.00000,0.00000,0.00000,0.00000,0.00000,0.00000,0.00000,0.00000,0.00000,0.00000,0.00000,,,,,,0.8412621359223301,0.323562359970127,0.33333,,0.33333,0.4948600799543118,0.4006010171058714,0.27137488255559034,0.12018030513176144,0.09244638856289342,0.26289441747572817,,,0.2003005085529357,0.1294249439880508,0.20518588681032443,,0.0731532292106374,0.323562359970127,0.5257888349514563,Conditional HP space_AI:_1
16,1,,,,,,8,Predictive Quality,<150,,100.0:4000,Random Forest,yes,yes,4.0:10,no,[continuous],,,Tabular Data,1000.0:100000,1.0:4,,Offline,Binary Classification,Part Failure,0.00000,0.05882,0.05882,0.05882,0.05882,0.05882,0.05882,0.05882,0.05882,0.05882,0.05882,0.05882,0.05882,0.05882,0.05882,0.05882,0.05882,0.05882,,,,,,0.8412621359223301,0.323562359970127,0.33333,,0.33333,0.4948600799543118,0.4006010171058714,0.27137488255559034,0.12018030513176144,0.09244638856289342,0.26289441747572817,,,0.2003005085529357,0.1294249439880508,0.20518588681032443,,0.0731532292106374,0.323562359970127,0.5257888349514563,HP datatypes_AI:_1
17,1,,,,,,1,Predictive Quality,<150,,1.0:100,Random Forest,yes,yes,4.0:10,no,[continuous],,,Tabular Data,1000.0:100000,1.0:4,,Offline,Binary Classification,Part Failure,1.00000,0.00000,0.00000,0.00000,0.00000,0.00000,0.00000,0.00000,0.00000,0.00000,0.00000,0.00000,0.00000,0.00000,0.00000,0.00000,0.00000,0.00000,,,,,,0.12371501998857795,0.323562359970127,0.33333,,0.33333,0.4948600799543118,0.4006010171058714,0.27137488255559034,0.12018030513176144,0.09244638856289342,0.26289441747572817,,,0.2003005085529357,0.1294249439880508,0.20518588681032443,,0.0731532292106374,0.323562359970127,0.5257888349514563,Availability of a warm-start HP configuration_AI:_1
18,1,,,,,,1,Predictive Quality,<150,,100.0:4000,Random Forest,yes,yes,4.0:10,no,[continuous],,,Tabular Data,1000.0:100000,1.0:4,,Offline,Binary Classification,Part Failure,0.00000,0.05882,0.05882,0.05882,0.05882,0.05882,0.05882,0.05882,0.05882,0.05882,0.05882,0.05882,0.05882,0.05882,0.05882,0.05882,0.05882,0.05882,,,,,,0.12371501998857795,0.323562359970127,0.33333,,0.33333,0.4948600799543118,0.4006010171058714,0.27137488255559034,0.12018030513176144,0.09244638856289342,0.26289441747572817,,,0.2003005085529357,0.1294249439880508,0.20518588681032443,,0.0731532292106374,0.323562359970127,0.5257888349514563,Obtainability of gradients_AI:_1
19,1,,,,,,8,Predictive Quality,<150,,1.0:100,Decision Tree,yes,yes,1.0:3,no,[continuous],,,Tabular Data,1000.0:100000,1.0:4,,Offline,Binary Classification,Part Failure,0.00000,0.00000,0.00000,1.00000,0.00000,0.00000,0.00000,0.00000,0.00000,0.00000,0.00000,0.00000,0.00000,0.00000,0.00000,0.00000,0.00000,0.00000,,,,,,0.8412621359223301,0.323562359970127,0.33333,,0.33333,4.206310679611651,0.4006010171058714,0.27137488255559034,0.33650485436893207,0.09244638856289342,0.26289441747572817,,,0.2003005085529357,0.1294249439880508,0.20518588681032443,,0.0731532292106374,0.323562359970127,0.5257888349514563,Input Data_AI:_1
20,1,,,,,,1,Predictive Quality,<150,,1.0:100,Decision Tree,yes,yes,1.0:3,no,[continuous],,,Tabular Data,1000.0:100000,1.0:4,,Offline,Binary Classification,Part Failure,0.00000,0.00000,0.00000,1.00000,0.00000,0.00000,0.00000,0.00000,0.00000,0.00000,0.00000,0.00000,0.00000,0.00000,0.00000,0.00000,0.00000,0.00000,,,,,,0.12371501998857795,0.323562359970127,0.33333,,0.33333,4.206310679611651,0.4006010171058714,0.27137488255559034,0.33650485436893207,0.09244638856289342,0.26289441747572817,,,0.2003005085529357,0.1294249439880508,0.20518588681032443,,0.0731532292106374,0.323562359970127,0.5257888349514563,#Instances training dataset_AI:_1
21,1,,,,,,8,Predictive Quality,<150,,1.0:500,Support Vector Machine,no,yes,4.0:10,yes,"[continuous, nominal]",,,Tabular Data,1000.0:100000,1.0:4,,Offline,Binary Classification,Part Failure,0.00000,0.00000,0.00000,0.00000,0.00000,0.00000,0.00000,0.00000,0.00000,0.00000,0.00000,0.00000,0.00000,0.50000,0.00000,0.00000,0.50000,0.00000,,,,,,0.8412621359223301,0.323562359970127,0.33333,,0.33333,0.42063106796116506,0.5257888349514563,0.27137488255559034,0.12018030513176144,0.323562359970127,0.9347357065803668,,,0.2003005085529357,0.1294249439880508,0.20518588681032443,,0.0731532292106374,0.323562359970127,0.5257888349514563,Ratio training to test dataset_AI:_1
22,1,,,,,,8,Predictive Quality,<150,,>500,Support Vector Machine,no,yes,4.0:10,yes,"[continuous, nominal]",,,Tabular Data,1000.0:100000,1.0:4,,Offline,Binary Classification,Part Failure,0.00000,0.05882,0.05882,0.05882,0.05882,0.05882,0.05882,0.05882,0.05882,0.05882,0.05882,0.05882,0.05882,0.05882,0.05882,0.05882,0.05882,0.05882,,,,,,0.8412621359223301,0.323562359970127,0.33333,,0.33333,0.42063106796116506,0.5257888349514563,0.27137488255559034,0.12018030513176144,0.323562359970127,0.9347357065803668,,,0.2003005085529357,0.1294249439880508,0.20518588681032443,,0.0731532292106374,0.323562359970127,0.5257888349514563,Noise in dataset_AI:_1
23,1,,,,,,8,Predictive Quality,<600,,1.0:6000,XGBoost,yes,yes,4.0:10,yes,"[continuous, discrete, nominal]",,,Tabular Data,<1000,,,Offline,Binary Classification,Part Failure,0.00000,0.00000,0.00000,0.00000,0.00000,0.00000,0.00000,0.00000,0.00000,0.00000,0.00000,0.00000,0.00000,0.50000,0.00000,0.00000,0.50000,0.00000,,,,,,0.8412621359223301,0.323562359970127,0.33333,,0.33333,0.9347357065803668,0.4006010171058714,0.27137488255559034,0.12018030513176144,0.323562359970127,0.36576614605318697,,,0.2003005085529357,1.40210355987055,,,0.0731532292106374,0.323562359970127,0.5257888349514563,Training Technique_AI:_1
24,1,,,,,,8,Predictive Quality,<600,,1.0:7000,Random Forest,yes,yes,4.0:10,no,[continuous],,,Tabular Data,<1000,,,Offline,Binary Classification,Part Failure,0.00000,0.00000,0.00000,0.00000,0.00000,0.00000,0.00000,0.00000,0.00000,0.00000,0.00000,0.00000,0.00000,0.50000,0.00000,0.00000,0.50000,0.00000,,,,,,0.8412621359223301,0.323562359970127,0.33333,,0.33333,0.4948600799543118,0.4006010171058714,0.27137488255559034,0.12018030513176144,0.09244638856289342,0.26289441747572817,,,0.2003005085529357,1.40210355987055,,,0.0731532292106374,0.323562359970127,0.5257888349514563,ML task_AI:_1
25,1,,medium,,,,,Predictive Maintenance,,,,,,,,,,,,,,,,,,,0.00000,1.00000,0.00000,0.00000,0.00000,0.00000,0.00000,0.00000,0.00000,0.00000,0.00000,0.00000,0.00000,0.00000,0.00000,0.00000,0.00000,0.00000,,0.701051779935275,,,,,0.4006010171058714,,,,,,,,,,,,,,,,,,,Detailed ML task_AI:_1
26,1,,"{'medium': 1.0, 'high': 1.0}",,,,,Predictive Maintenance,,<10,,,,,,,,,,,,,,,,,0.00000,0.50000,0.00000,0.25000,0.25000,0.00000,0.00000,0.00000,0.00000,0.00000,0.00000,0.00000,0.00000,0.00000,0.00000,0.00000,0.00000,0.00000,,0.9347357065803668,,,,,0.4006010171058714,,0.33333,,,,,,,,,,,,,,,,,
27,1,,"{'medium': 1.0, 'high': 1.0}",,,,,Predictive Maintenance,,>100,,,,,,,,,,,,,,,,,0.00000,0.00000,0.00000,0.00000,0.00000,0.00000,0.00000,0.00000,0.00000,0.00000,0.00000,0.00000,0.00000,0.00000,0.00000,0.00000,1.00000,0.00000,,0.9347357065803668,,,,,0.4006010171058714,,0.33333,,,,,,,,,,,,,,,,,
28,1,,"{'medium': 1.0, 'high': 1.0}",,,,,Predictive Maintenance,,10.0:100,,,,,,,,,,,,,,,,,0.00000,0.00000,0.00000,0.50000,0.50000,0.00000,0.00000,0.00000,0.00000,0.00000,0.00000,0.00000,0.00000,0.00000,0.00000,0.00000,0.00000,0.00000,,0.9347357065803668,,,,,0.4006010171058714,,0.33333,,,,,,,,,,,,,,,,,
29,1,,"{'medium': 1.0, 'high': 1.0}",,,,,Predictive Maintenance,>200,10.0:100,,,,,,,,,,,,,,,,,0.00000,0.50000,0.00000,0.25000,0.25000,0.00000,0.00000,0.00000,0.00000,0.00000,0.00000,0.00000,0.00000,0.00000,0.00000,0.00000,0.00000,0.00000,,0.9347357065803668,,,,,0.4006010171058714,0.33333,0.33333,,,,,,,,,,,,,,,,,
30,1,,"{'medium': 1.0, 'high': 1.0}",,,,,Predictive Maintenance,<200,10.0:100,,,,,>10,yes,,,,,,,,,,,0.00000,0.00000,0.00000,0.00000,0.00000,0.00000,0.00000,1.00000,0.00000,0.00000,0.00000,0.00000,0.00000,0.00000,0.00000,0.00000,0.00000,0.00000,,0.9347357065803668,,,,,0.4006010171058714,0.33333,0.33333,,,,,0.33650485436893207,0.323562359970127,,,,,,,,,,,
31,1,,"{'medium': 1.0, 'high': 1.0}",,,,,Predictive Maintenance,<200,10.0:100,,,,,>10,no,,,,,,,,,,,0.00000,0.00000,0.00000,0.00000,0.00000,0.00000,1.00000,0.00000,0.00000,0.00000,0.00000,0.00000,0.00000,0.00000,0.00000,0.00000,0.00000,0.00000,,0.9347357065803668,,,,,0.4006010171058714,0.33333,0.33333,,,,,0.33650485436893207,0.09244638856289342,,,,,,,,,,,
32,1,,"{'medium': 1.0, 'high': 1.0}",,,,,Predictive Maintenance,<200,10.0:100,,,,,1.0:10,,[continuous],,,,,,,,,,0.00000,0.00000,0.00000,0.00000,0.00000,0.00000,0.00000,0.00000,1.00000,0.00000,0.00000,0.00000,0.00000,0.00000,0.00000,0.00000,0.00000,0.00000,,0.9347357065803668,,,,,0.4006010171058714,0.33333,0.33333,,,,,1.6825242718446602,,0.26289441747572817,,,,,,,,,,
33,1,,"{'medium': 1.0, 'high': 1.0}",,,,,Predictive Maintenance,<200,10.0:100,,,,,1.0:10,no,"[continuous, discrete, ordinal, nominal]",,,,,,,,,,0.00000,0.00000,0.00000,0.00000,0.00000,0.00000,1.00000,0.00000,0.00000,0.00000,0.00000,0.00000,0.00000,0.00000,0.00000,0.00000,0.00000,0.00000,,0.9347357065803668,,,,,0.4006010171058714,0.33333,0.33333,,,,,1.6825242718446602,0.09244638856289342,0.7647837599293911,,,,,,,,,,
34,1,,"{'medium': 1.0, 'high': 1.0}",,,,,Predictive Maintenance,<200,10.0:100,,,,,1.0:10,yes,,,,,,,,,,,0.00000,0.00000,0.00000,0.00000,0.00000,0.00000,0.00000,1.00000,0.00000,0.00000,0.00000,0.00000,0.00000,0.00000,0.00000,0.00000,0.00000,0.00000,,0.9347357065803668,,,,,0.4006010171058714,0.33333,0.33333,,,,,1.6825242718446602,0.323562359970127,,,,,,,,,,,
35,1,,,,,,1,Predictive Maintenance,,,1.0:40,Random Forest,,,4.0:10,no,"[discrete, nominal]",,,Tabular Data,1000.0:100000,1.0:4,,Offline,Binary Classification,Part Failure,1.00000,0.00000,0.00000,0.00000,0.00000,0.00000,0.00000,0.00000,0.00000,0.00000,0.00000,0.00000,0.00000,0.00000,0.00000,0.00000,0.00000,0.00000,,,,,,0.12371501998857795,0.4006010171058714,,,0.33333,0.4948600799543118,,,0.12018030513176144,0.09244638856289342,1.6825242718446602,,,0.2003005085529357,0.1294249439880508,0.20518588681032443,,0.0731532292106374,0.323562359970127,0.5257888349514563,
36,1,,,,,,1,Predictive Maintenance,,,40.0:700,Random Forest,,,4.0:10,no,"[discrete, nominal]",,,Tabular Data,1000.0:100000,1.0:4,,Offline,Binary Classification,Part Failure,0.00000,0.25000,0.00000,0.00000,0.00000,0.00000,0.25000,0.25000,0.25000,0.00000,0.00000,0.00000,0.00000,0.00000,0.00000,0.00000,0.00000,0.00000,,,,,,0.12371501998857795,0.4006010171058714,,,0.33333,0.4948600799543118,,,0.12018030513176144,0.09244638856289342,1.6825242718446602,,,0.2003005085529357,0.1294249439880508,0.20518588681032443,,0.0731532292106374,0.323562359970127,0.5257888349514563,
37,1,,,,,,1,Predictive Maintenance,,,700.0:2000,Random Forest,,,4.0:10,no,"[discrete, nominal]",,,Tabular Data,1000.0:100000,1.0:4,,Offline,Binary Classification,Part Failure,0.00000,0.00000,0.00000,0.00000,0.00000,0.00000,1.00000,0.00000,0.00000,0.00000,0.00000,0.00000,0.00000,0.00000,0.00000,0.00000,0.00000,0.00000,,,,,,0.12371501998857795,0.4006010171058714,,,0.33333,0.4948600799543118,,,0.12018030513176144,0.09244638856289342,1.6825242718446602,,,0.2003005085529357,0.1294249439880508,0.20518588681032443,,0.0731532292106374,0.323562359970127,0.5257888349514563,
38,1,,,,,,1,Predictive Maintenance,,,1.0:1000,Support Vector Machine,,,4.0:10,no,"[continuous, nominal]",,,Tabular Data,1000.0:100000,1.0:4,,Offline,Binary Classification,Part Failure,1.00000,0.00000,0.00000,0.00000,0.00000,0.00000,0.00000,0.00000,0.00000,0.00000,0.00000,0.00000,0.00000,0.00000,0.00000,0.00000,0.00000,0.00000,,,,,,0.12371501998857795,0.4006010171058714,,,0.33333,0.42063106796116506,,,0.12018030513176144,0.09244638856289342,0.9347357065803668,,,0.2003005085529357,0.1294249439880508,0.20518588681032443,,0.0731532292106374,0.323562359970127,0.5257888349514563,
39,1,,,,,,1,Predictive Maintenance,,,1000.0:10000,Support Vector Machine,,,4.0:10,no,"[continuous, nominal]",,,Tabular Data,1000.0:100000,1.0:4,,Offline,Binary Classification,Part Failure,0.00000,0.00000,0.00000,0.00000,0.00000,0.00000,0.00000,0.00000,0.00000,0.00000,0.00000,0.00000,0.00000,0.00000,0.00000,0.00000,0.00000,0.00000,,,,,,0.12371501998857795,0.4006010171058714,,,0.33333,0.42063106796116506,,,0.12018030513176144,0.09244638856289342,0.9347357065803668,,,0.2003005085529357,0.1294249439880508,0.20518588681032443,,0.0731532292106374,0.323562359970127,0.5257888349514563,
40,1,,,,,,1,Predictive Maintenance,,,10000.0:70000,Support Vector Machine,,,4.0:10,no,"[continuous, nominal]",,,Tabular Data,1000.0:100000,1.0:4,,Offline,Binary Classification,Part Failure,0.00000,0.00000,0.00000,0.00000,0.00000,0.00000,0.00000,0.50000,0.50000,0.00000,0.00000,0.00000,0.00000,0.00000,0.00000,0.00000,0.00000,0.00000,,,,,,0.12371501998857795,0.4006010171058714,,,0.33333,0.42063106796116506,,,0.12018030513176144,0.09244638856289342,0.9347357065803668,,,0.2003005085529357,0.1294249439880508,0.20518588681032443,,0.0731532292106374,0.323562359970127,0.5257888349514563,
41,1,,,,,,1,Predictive Maintenance,,,1.0:50,Multilayer Perceptron,,,4.0:10,no,"[continuous, discrete, nominal]",,,Tabular Data,1000.0:100000,1.0:4,,Offline,Regression,Remaining Useful Lifetime,1.00000,0.00000,0.00000,0.00000,0.00000,0.00000,0.00000,0.00000,0.00000,0.00000,0.00000,0.00000,0.00000,0.00000,0.00000,0.00000,0.00000,0.00000,,,,,,0.12371501998857795,0.4006010171058714,,,0.33333,0.27137488255559034,,,0.12018030513176144,0.09244638856289342,0.36576614605318697,,,0.2003005085529357,0.1294249439880508,0.20518588681032443,,0.0731532292106374,0.4673678532901834,2.1031553398058254,
42,1,,,,,,1,Predictive Maintenance,,,50.0:2000,Multilayer Perceptron,,,4.0:10,no,"[continuous, discrete, nominal]",,,Tabular Data,1000.0:100000,1.0:4,,Offline,Regression,Remaining Useful Lifetime,0.00000,0.25000,0.00000,0.00000,0.00000,0.00000,0.25000,0.25000,0.25000,0.00000,0.00000,0.00000,0.00000,0.00000,0.00000,0.00000,0.00000,0.00000,,,,,,0.12371501998857795,0.4006010171058714,,,0.33333,0.27137488255559034,,,0.12018030513176144,0.09244638856289342,0.36576614605318697,,,0.2003005085529357,0.1294249439880508,0.20518588681032443,,0.0731532292106374,0.4673678532901834,2.1031553398058254,
43,1,,,,,,1,Predictive Maintenance,,,1.0:100,Support Vector Machine,,,1.0:3,no,[continuous],,,Tabular Data,1000.0:100000,1.0:4,,Offline,Regression,Remaining Useful Lifetime,1.00000,0.00000,0.00000,0.00000,0.00000,0.00000,0.00000,0.00000,0.00000,0.00000,0.00000,0.00000,0.00000,0.00000,0.00000,0.00000,0.00000,0.00000,,,,,,0.12371501998857795,0.4006010171058714,,,0.33333,0.42063106796116506,,,0.33650485436893207,0.09244638856289342,0.26289441747572817,,,0.2003005085529357,0.1294249439880508,0.20518588681032443,,0.0731532292106374,0.4673678532901834,2.1031553398058254,
44,1,,,,,,1,Predictive Maintenance,,,100.0:10000,Support Vector Machine,,,1.0:3,no,[continuous],,,Tabular Data,1000.0:100000,1.0:4,,Offline,Regression,Remaining Useful Lifetime,0.00000,0.00000,0.00000,0.00000,0.00000,0.00000,0.00000,1.00000,0.00000,0.00000,0.00000,0.00000,0.00000,0.00000,0.00000,0.00000,0.00000,0.00000,,,,,,0.12371501998857795,0.4006010171058714,,,0.33333,0.42063106796116506,,,0.33650485436893207,0.09244638856289342,0.26289441747572817,,,0.2003005085529357,0.1294249439880508,0.20518588681032443,,0.0731532292106374,0.4673678532901834,2.1031553398058254,
45,1,high,,,,,,,,,,,,,,,,,,,,,,,,,0.00000,0.00000,0.00000,0.00000,0.00000,0.00000,0.25000,0.25000,0.25000,0.00000,0.00000,0.00000,0.00000,0.00000,0.00000,0.00000,0.25000,0.00000,0.42063106796116506,,,,,,,,,,,,,,,,,,,,,,,,,
46,1,,,,,,,,,,,,,,>10,,,,,,,,,,,,0.00000,0.00000,0.00000,0.00000,0.00000,0.00000,0.25000,0.25000,0.00000,0.00000,0.00000,0.00000,0.00000,0.25000,0.00000,0.00000,0.25000,0.00000,,,,,,,,,,,,,,0.33650485436893207,,,,,,,,,,,,
47,1,,,,,,,,,,,,,,,yes,"[continuous, discrete, ordinal, nominal]",,,,,,,,,,0.00000,0.16667,0.16667,0.00000,0.00000,0.00000,0.16667,0.16667,0.00000,0.00000,0.00000,0.00000,0.00000,0.16667,0.00000,0.00000,0.16667,0.00000,,,,,,,,,,,,,,,0.323562359970127,0.7647837599293911,,,,,,,,,,
48,1,,,,,,,,,,1.0:86400,,,,,,,,,,,,,,,,0.00000,0.33333,0.00000,0.00000,0.00000,0.00000,0.00000,0.00000,0.00000,0.00000,0.00000,0.00000,0.00000,0.33333,0.00000,0.00000,0.33333,0.00000,,,,,,,,,,0.33333,,,,,,,,,,,,,,,,
49,1,,,,,,1,Process Parameter Prediction,,,1.0:200,XGBoost,,,4.0:10,no,"[continuous, discrete]",,,Tabular Data,>100000,1.0:4,,Offline,Regression,Time Series Prediction,1.00000,0.00000,0.00000,0.00000,0.00000,0.00000,0.00000,0.00000,0.00000,0.00000,0.00000,0.00000,0.00000,0.00000,0.00000,0.00000,0.00000,0.00000,,,,,,0.12371501998857795,0.9347357065803668,,,0.33333,0.9347357065803668,,,0.12018030513176144,0.09244638856289342,0.2003005085529357,,,0.2003005085529357,0.8412621359223301,0.20518588681032443,,0.0731532292106374,0.4673678532901834,0.7647837599293911,
50,1,,,,,,1,Process Parameter Prediction,,,200.0:2000,XGBoost,,,4.0:10,no,"[continuous, discrete]",,,Tabular Data,>100000,1.0:4,,Offline,Regression,Time Series Prediction,0.00000,0.33333,0.00000,0.00000,0.00000,0.00000,0.33333,0.33333,0.00000,0.00000,0.00000,0.00000,0.00000,0.00000,0.00000,0.00000,0.00000,0.00000,,,,,,0.12371501998857795,0.9347357065803668,,,0.33333,0.9347357065803668,,,0.12018030513176144,0.09244638856289342,0.2003005085529357,,,0.2003005085529357,0.8412621359223301,0.20518588681032443,,0.0731532292106374,0.4673678532901834,0.7647837599293911,
51,1,,,,,,1,Process Parameter Prediction,,,>2000,XGBoost,,,4.0:10,no,"[continuous, discrete]",,,Tabular Data,>100000,1.0:4,,Offline,Regression,Time Series Prediction,0.00000,0.05882,0.05882,0.05882,0.05882,0.05882,0.05882,0.05882,0.05882,0.05882,0.05882,0.05882,0.05882,0.05882,0.05882,0.05882,0.05882,0.05882,,,,,,0.12371501998857795,0.9347357065803668,,,0.33333,0.9347357065803668,,,0.12018030513176144,0.09244638856289342,0.2003005085529357,,,0.2003005085529357,0.8412621359223301,0.20518588681032443,,0.0731532292106374,0.4673678532901834,0.7647837599293911,
52,1,,,,,,1,Process Parameter Prediction,,,1.0:2000,Random Forest,,,4.0:10,no,"[continuous, nominal]",,,Tabular Data,>100000,1.0:4,,Offline,Regression,Time Series Prediction,0.00000,0.00000,0.00000,0.00000,0.00000,0.00000,1.00000,0.00000,0.00000,0.00000,0.00000,0.00000,0.00000,0.00000,0.00000,0.00000,0.00000,0.00000,,,,,,0.12371501998857795,0.9347357065803668,,,0.33333,0.4948600799543118,,,0.12018030513176144,0.09244638856289342,0.9347357065803668,,,0.2003005085529357,0.8412621359223301,0.20518588681032443,,0.0731532292106374,0.4673678532901834,0.7647837599293911,
53,1,,,,,,1,Process Parameter Prediction,,,2000.0:5000,Random Forest,,,4.0:10,no,"[continuous, nominal]",,,Tabular Data,>100000,1.0:4,,Offline,Regression,Time Series Prediction,0.00000,0.00000,0.00000,0.00000,0.00000,0.00000,0.33333,0.33333,0.33333,0.00000,0.00000,0.00000,0.00000,0.00000,0.00000,0.00000,0.00000,0.00000,,,,,,0.12371501998857795,0.9347357065803668,,,0.33333,0.4948600799543118,,,0.12018030513176144,0.09244638856289342,0.9347357065803668,,,0.2003005085529357,0.8412621359223301,0.20518588681032443,,0.0731532292106374,0.4673678532901834,0.7647837599293911,
54,1,,,,,,1,Process Parameter Prediction,,,5000.0:10000,Random Forest,,,4.0:10,no,"[continuous, nominal]",,,Tabular Data,>100000,1.0:4,,Offline,Regression,Time Series Prediction,0.00000,0.00000,0.00000,0.00000,0.00000,0.00000,1.00000,0.00000,0.00000,0.00000,0.00000,0.00000,0.00000,0.00000,0.00000,0.00000,0.00000,0.00000,,,,,,0.12371501998857795,0.9347357065803668,,,0.33333,0.4948600799543118,,,0.12018030513176144,0.09244638856289342,0.9347357065803668,,,0.2003005085529357,0.8412621359223301,0.20518588681032443,,0.0731532292106374,0.4673678532901834,0.7647837599293911,
55,1,,,,,,1,Process Parameter Prediction,,,>10000,Random Forest,,,4.0:10,no,"[continuous, nominal]",,,Tabular Data,>100000,1.0:4,,Offline,Regression,Time Series Prediction,0.00000,0.05882,0.05882,0.05882,0.05882,0.05882,0.05882,0.05882,0.05882,0.05882,0.05882,0.05882,0.05882,0.05882,0.05882,0.05882,0.05882,0.05882,,,,,,0.12371501998857795,0.9347357065803668,,,0.33333,0.4948600799543118,,,0.12018030513176144,0.09244638856289342,0.9347357065803668,,,0.2003005085529357,0.8412621359223301,0.20518588681032443,,0.0731532292106374,0.4673678532901834,0.7647837599293911,
56,1,,,,,,1,,<2,36000,1.0:72000,Latent Dirichlet Allocation (HPOlib),,,1.0:3,no,[continuous],,,Text Data,,,,Offline,Text,Text,0.00000,0.00000,0.00000,0.00000,0.00000,0.00000,0.00000,0.00000,1.00000,0.00000,0.00000,0.00000,0.00000,0.00000,0.00000,0.00000,0.00000,0.00000,,,,,,0.12371501998857795,,0.33333,0.33333,0.33333,2.1031553398058254,,,0.33650485436893207,0.09244638856289342,0.26289441747572817,,,2.1031553398058254,,,,0.0731532292106374,2.1031553398058254,2.8042071197411,
57,1,,,,,,1,,2.0:10,36000,72000.0:360000,Latent Dirichlet Allocation (HPOlib),,,1.0:3,no,[continuous],,,Text Data,,,,Offline,Text,Text,0.00000,0.00000,0.00000,0.00000,0.00000,0.00000,0.50000,0.00000,0.50000,0.00000,0.00000,0.00000,0.00000,0.00000,0.00000,0.00000,0.00000,0.00000,,,,,,0.12371501998857795,,0.33333,0.33333,0.33333,2.1031553398058254,,,0.33650485436893207,0.09244638856289342,0.26289441747572817,,,2.1031553398058254,,,,0.0731532292106374,2.1031553398058254,2.8042071197411,
58,1,,,,,,1,,>10,36000,>360000,Latent Dirichlet Allocation (HPOlib),,,1.0:3,no,[continuous],,,Text Data,,,,Offline,Text,Text,0.00000,0.05882,0.05882,0.05882,0.05882,0.05882,0.05882,0.05882,0.05882,0.05882,0.05882,0.05882,0.05882,0.05882,0.05882,0.05882,0.05882,0.05882,,,,,,0.12371501998857795,,0.33333,0.33333,0.33333,2.1031553398058254,,,0.33650485436893207,0.09244638856289342,0.26289441747572817,,,2.1031553398058254,,,,0.0731532292106374,2.1031553398058254,2.8042071197411,
59,1,,,,,,1,,<2,60,1.0:120,Logistic Regression,,,4.0:10,no,"[continuous, discrete]",,,Image Data,1000.0:100000,<1,,Offline,Multiclass Classification,Image Recognition,0.00000,0.00000,0.00000,0.00000,0.00000,0.00000,0.33333,0.33333,0.33333,0.00000,0.00000,0.00000,0.00000,0.00000,0.00000,0.00000,0.00000,0.00000,,,,,,0.12371501998857795,,0.33333,0.33333,0.33333,1.2018030513176143,,,0.12018030513176144,0.09244638856289342,0.2003005085529357,,,0.15872870489100566,0.1294249439880508,0.36576614605318697,,0.0731532292106374,0.12556151282422837,0.1502253814147018,
60,1,,,,,,1,,2.0:50,60,120.0:3000,Logistic Regression,,,4.0:10,no,"[continuous, discrete]",,,Image Data,1000.0:100000,<1,,Offline,Multiclass Classification,Image Recognition,0.00000,0.00000,0.00000,0.00000,0.00000,0.00000,0.00000,0.00000,1.00000,0.00000,0.00000,0.00000,0.00000,0.00000,0.00000,0.00000,0.00000,0.00000,,,,,,0.12371501998857795,,0.33333,0.33333,0.33333,1.2018030513176143,,,0.12018030513176144,0.09244638856289342,0.2003005085529357,,,0.15872870489100566,0.1294249439880508,0.36576614605318697,,0.0731532292106374,0.12556151282422837,0.1502253814147018,
61,1,,,,,,1,,>50,60,>3000,Logistic Regression,,,4.0:10,no,"[continuous, discrete]",,,Image Data,1000.0:100000,<1,,Offline,Multiclass Classification,Image Recognition,0.00000,0.05882,0.05882,0.05882,0.05882,0.05882,0.05882,0.05882,0.05882,0.05882,0.05882,0.05882,0.05882,0.05882,0.05882,0.05882,0.05882,0.05882,,,,,,0.12371501998857795,,0.33333,0.33333,0.33333,1.2018030513176143,,,0.12018030513176144,0.09244638856289342,0.2003005085529357,,,0.15872870489100566,0.1294249439880508,0.36576614605318697,,0.0731532292106374,0.12556151282422837,0.1502253814147018,
62,1,,,,,,1,,<10,60,1.0:600,Logistic Regression,,,4.0:10,no,"[continuous, discrete]",,,Image Data,1000.0:100000,<1,,Offline,Multiclass Classification,Image Recognition,0.00000,0.00000,0.00000,0.00000,0.00000,0.00000,0.33333,0.33333,0.33333,0.00000,0.00000,0.00000,0.00000,0.00000,0.00000,0.00000,0.00000,0.00000,,,,,,0.12371501998857795,,0.33333,0.33333,0.33333,1.2018030513176143,,,0.12018030513176144,0.09244638856289342,0.2003005085529357,,,0.15872870489100566,0.1294249439880508,0.36576614605318697,,0.0731532292106374,0.12556151282422837,0.1502253814147018,
63,1,,,,,,1,,10.0:100,60,600.0:6000,Logistic Regression,,,4.0:10,no,"[continuous, discrete]",,,Image Data,1000.0:100000,<1,,Offline,Multiclass Classification,Image Recognition,0.00000,0.00000,0.00000,0.00000,0.00000,0.00000,0.00000,0.00000,1.00000,0.00000,0.00000,0.00000,0.00000,0.00000,0.00000,0.00000,0.00000,0.00000,,,,,,0.12371501998857795,,0.33333,0.33333,0.33333,1.2018030513176143,,,0.12018030513176144,0.09244638856289342,0.2003005085529357,,,0.15872870489100566,0.1294249439880508,0.36576614605318697,,0.0731532292106374,0.12556151282422837,0.1502253814147018,
64,1,,,,,,1,,>100,60,>6000,Logistic Regression,,,4.0:10,no,"[continuous, discrete]",,,Image Data,1000.0:100000,<1,,Offline,Multiclass Classification,Image Recognition,0.00000,0.05882,0.05882,0.05882,0.05882,0.05882,0.05882,0.05882,0.05882,0.05882,0.05882,0.05882,0.05882,0.05882,0.05882,0.05882,0.05882,0.05882,,,,,,0.12371501998857795,,0.33333,0.33333,0.33333,1.2018030513176143,,,0.12018030513176144,0.09244638856289342,0.2003005085529357,,,0.15872870489100566,0.1294249439880508,0.36576614605318697,,0.0731532292106374,0.12556151282422837,0.1502253814147018,
65,1,,,,,,2,,<2,720,1.0:2880,Multilayer Perceptron,,,>10,yes,"[continuous, discrete, nominal]",,,Image Data,1000.0:100000,<1,,Offline,Multiclass Classification,Image Recognition,0.00000,0.00000,0.00000,0.00000,0.00000,0.00000,1.00000,0.00000,0.00000,0.00000,0.00000,0.00000,0.00000,0.00000,0.00000,0.00000,0.00000,0.00000,,,,,,0.701051779935275,,0.33333,0.33333,0.33333,0.27137488255559034,,,0.33650485436893207,0.323562359970127,0.36576614605318697,,,0.15872870489100566,0.1294249439880508,0.36576614605318697,,0.0731532292106374,0.12556151282422837,0.1502253814147018,
66,1,,,,,,2,,2.0:20,720,2880.0:28800,Multilayer Perceptron,,,>10,yes,"[continuous, discrete, nominal]",,,Image Data,1000.0:100000,<1,,Offline,Multiclass Classification,Image Recognition,0.00000,0.00000,0.00000,0.00000,0.00000,0.00000,0.50000,0.50000,0.00000,0.00000,0.00000,0.00000,0.00000,0.00000,0.00000,0.00000,0.00000,0.00000,,,,,,0.701051779935275,,0.33333,0.33333,0.33333,0.27137488255559034,,,0.33650485436893207,0.323562359970127,0.36576614605318697,,,0.15872870489100566,0.1294249439880508,0.36576614605318697,,0.0731532292106374,0.12556151282422837,0.1502253814147018,
67,1,,,,,,2,,20.0:200,720,28800.0:288000,Multilayer Perceptron,,,>10,yes,"[continuous, discrete, nominal]",,,Image Data,1000.0:100000,<1,,Offline,Multiclass Classification,Image Recognition,0.00000,0.00000,0.00000,0.00000,0.00000,0.00000,0.33333,0.33333,0.33333,0.00000,0.00000,0.00000,0.00000,0.00000,0.00000,0.00000,0.00000,0.00000,,,,,,0.701051779935275,,0.33333,0.33333,0.33333,0.27137488255559034,,,0.33650485436893207,0.323562359970127,0.36576614605318697,,,0.15872870489100566,0.1294249439880508,0.36576614605318697,,0.0731532292106374,0.12556151282422837,0.1502253814147018,
68,1,,,,,,2,,<10,720,1.0:14400,Multilayer Perceptron,,,>10,yes,"[continuous, discrete, nominal]",,,Image Data,1000.0:100000,<1,,Offline,Multiclass Classification,Image Recognition,0.00000,0.00000,0.00000,0.00000,0.00000,0.00000,1.00000,0.00000,0.00000,0.00000,0.00000,0.00000,0.00000,0.00000,0.00000,0.00000,0.00000,0.00000,,,,,,0.701051779935275,,0.33333,0.33333,0.33333,0.27137488255559034,,,0.33650485436893207,0.323562359970127,0.36576614605318697,,,0.15872870489100566,0.1294249439880508,0.36576614605318697,,0.0731532292106374,0.12556151282422837,0.1502253814147018,
69,1,,,,,,2,,10.0:100,720,14400.0:144000,Multilayer Perceptron,,,>10,yes,"[continuous, discrete, nominal]",,,Image Data,1000.0:100000,<1,,Offline,Multiclass Classification,Image Recognition,0.00000,0.00000,0.00000,0.00000,0.00000,0.00000,0.50000,0.50000,0.00000,0.00000,0.00000,0.00000,0.00000,0.00000,0.00000,0.00000,0.00000,0.00000,,,,,,0.701051779935275,,0.33333,0.33333,0.33333,0.27137488255559034,,,0.33650485436893207,0.323562359970127,0.36576614605318697,,,0.15872870489100566,0.1294249439880508,0.36576614605318697,,0.0731532292106374,0.12556151282422837,0.1502253814147018,
70,1,,,,,,2,,100.0:500,720,14400.0:720000,Multilayer Perceptron,,,>10,yes,"[continuous, discrete, nominal]",,,Image Data,1000.0:100000,<1,,Offline,Multiclass Classification,Image Recognition,0.00000,0.00000,0.00000,0.00000,0.00000,0.00000,1.00000,0.00000,0.00000,0.00000,0.00000,0.00000,0.00000,0.00000,0.00000,0.00000,0.00000,0.00000,,,,,,0.701051779935275,,0.33333,0.33333,0.33333,0.27137488255559034,,,0.33650485436893207,0.323562359970127,0.36576614605318697,,,0.15872870489100566,0.1294249439880508,0.36576614605318697,,0.0731532292106374,0.12556151282422837,0.1502253814147018,
71,1,,,,,,2,,<2,720,1.0:2880,Multilayer Perceptron,,,>10,yes,"[continuous, discrete, nominal]",,,Image Data,1000.0:100000,<1,,Offline,Multiclass Classification,Image Recognition,0.00000,0.00000,0.00000,0.00000,0.00000,0.00000,1.00000,0.00000,0.00000,0.00000,0.00000,0.00000,0.00000,0.00000,0.00000,0.00000,0.00000,0.00000,,,,,,0.701051779935275,,0.33333,0.33333,0.33333,0.27137488255559034,,,0.33650485436893207,0.323562359970127,0.36576614605318697,,,0.15872870489100566,0.1294249439880508,0.36576614605318697,,0.0731532292106374,0.12556151282422837,0.1502253814147018,
72,1,,,,,,2,,2.0:50,720,2880.0:72000,Multilayer Perceptron,,,>10,yes,"[continuous, discrete, nominal]",,,Image Data,1000.0:100000,<1,,Offline,Multiclass Classification,Image Recognition,0.00000,0.00000,0.00000,0.00000,0.00000,0.00000,0.50000,0.50000,0.00000,0.00000,0.00000,0.00000,0.00000,0.00000,0.00000,0.00000,0.00000,0.00000,,,,,,0.701051779935275,,0.33333,0.33333,0.33333,0.27137488255559034,,,0.33650485436893207,0.323562359970127,0.36576614605318697,,,0.15872870489100566,0.1294249439880508,0.36576614605318697,,0.0731532292106374,0.12556151282422837,0.1502253814147018,
73,1,,,,,,2,,50.0:200,720,72000.0:288000,Multilayer Perceptron,,,>10,yes,"[continuous, discrete, nominal]",,,Image Data,1000.0:100000,<1,,Offline,Multiclass Classification,Image Recognition,0.00000,0.00000,0.00000,0.00000,0.00000,0.00000,0.33333,0.33333,0.33333,0.00000,0.00000,0.00000,0.00000,0.00000,0.00000,0.00000,0.00000,0.00000,,,,,,0.701051779935275,,0.33333,0.33333,0.33333,0.27137488255559034,,,0.33650485436893207,0.323562359970127,0.36576614605318697,,,0.15872870489100566,0.1294249439880508,0.36576614605318697,,0.0731532292106374,0.12556151282422837,0.1502253814147018,
74,1,,,,,,2,,<5,720,1.0:7200,Multilayer Perceptron,,,>10,yes,"[continuous, discrete, nominal]",,,Image Data,1000.0:100000,<1,,Offline,Multiclass Classification,Image Recognition,0.00000,0.00000,0.00000,0.00000,0.00000,0.00000,1.00000,0.00000,0.00000,0.00000,0.00000,0.00000,0.00000,0.00000,0.00000,0.00000,0.00000,0.00000,,,,,,0.701051779935275,,0.33333,0.33333,0.33333,0.27137488255559034,,,0.33650485436893207,0.323562359970127,0.36576614605318697,,,0.15872870489100566,0.1294249439880508,0.36576614605318697,,0.0731532292106374,0.12556151282422837,0.1502253814147018,
75,1,,,,,,2,,5.0:50,720,7200.0:72000,Multilayer Perceptron,,,>10,yes,"[continuous, discrete, nominal]",,,Image Data,1000.0:100000,<1,,Offline,Multiclass Classification,Image Recognition,0.00000,0.00000,0.00000,0.00000,0.00000,0.00000,0.50000,0.50000,0.00000,0.00000,0.00000,0.00000,0.00000,0.00000,0.00000,0.00000,0.00000,0.00000,,,,,,0.701051779935275,,0.33333,0.33333,0.33333,0.27137488255559034,,,0.33650485436893207,0.323562359970127,0.36576614605318697,,,0.15872870489100566,0.1294249439880508,0.36576614605318697,,0.0731532292106374,0.12556151282422837,0.1502253814147018,
76,1,,,,,,2,,50.0:500,720,72000.0:720000,Multilayer Perceptron,,,>10,yes,"[continuous, discrete, nominal]",,,Image Data,1000.0:100000,<1,,Offline,Multiclass Classification,Image Recognition,0.00000,0.00000,0.00000,0.00000,0.00000,0.00000,1.00000,0.00000,0.00000,0.00000,0.00000,0.00000,0.00000,0.00000,0.00000,0.00000,0.00000,0.00000,,,,,,0.701051779935275,,0.33333,0.33333,0.33333,0.27137488255559034,,,0.33650485436893207,0.323562359970127,0.36576614605318697,,,0.15872870489100566,0.1294249439880508,0.36576614605318697,,0.0731532292106374,0.12556151282422837,0.1502253814147018,
77,1,,,,,,,,<5,,,Deep Neural Net,,,>10,yes,"[continuous, discrete, nominal]",,,Image Data,1000.0:100000,<1,,Offline,Multiclass Classification,Image Recognition,0.00000,0.00000,0.00000,0.00000,0.00000,0.00000,0.00000,0.50000,0.50000,0.00000,0.00000,0.00000,0.00000,0.00000,0.00000,0.00000,0.00000,0.00000,,,,,,,,0.33333,,,1.6825242718446602,,,0.33650485436893207,0.323562359970127,0.36576614605318697,,,0.15872870489100566,0.1294249439880508,0.36576614605318697,,0.0731532292106374,0.12556151282422837,0.1502253814147018,
78,1,,,,,,,,2.0:50,,,Deep Neural Net,,,>10,yes,"[continuous, discrete, nominal]",,,Image Data,1000.0:100000,<1,,Offline,Multiclass Classification,Image Recognition,0.00000,0.00000,0.00000,0.00000,0.00000,0.00000,0.50000,0.50000,0.00000,0.00000,0.00000,0.00000,0.00000,0.00000,0.00000,0.00000,0.00000,0.00000,,,,,,,,0.33333,,,1.6825242718446602,,,0.33650485436893207,0.323562359970127,0.36576614605318697,,,0.15872870489100566,0.1294249439880508,0.36576614605318697,,0.0731532292106374,0.12556151282422837,0.1502253814147018,
79,1,,,,,,,,50.0:200,,,Deep Neural Net,,,>10,yes,"[continuous, discrete, nominal]",,,Image Data,1000.0:100000,<1,,Offline,Multiclass Classification,Image Recognition,0.00000,0.00000,0.00000,0.00000,0.00000,0.00000,0.33333,0.33333,0.33333,0.00000,0.00000,0.00000,0.00000,0.00000,0.00000,0.00000,0.00000,0.00000,,,,,,,,0.33333,,,1.6825242718446602,,,0.33650485436893207,0.323562359970127,0.36576614605318697,,,0.15872870489100566,0.1294249439880508,0.36576614605318697,,0.0731532292106374,0.12556151282422837,0.1502253814147018,
80,1,,,,,,,,<10,,,Deep Neural Net,,,>10,yes,"[continuous, discrete, nominal]",,,Image Data,1000.0:100000,<1,,Offline,Multiclass Classification,Image Recognition,0.00000,0.00000,0.00000,0.00000,0.00000,0.00000,0.33333,0.33333,0.33333,0.00000,0.00000,0.00000,0.00000,0.00000,0.00000,0.00000,0.00000,0.00000,,,,,,,,0.33333,,,1.6825242718446602,,,0.33650485436893207,0.323562359970127,0.36576614605318697,,,0.15872870489100566,0.1294249439880508,0.36576614605318697,,0.0731532292106374,0.12556151282422837,0.1502253814147018,
81,1,,,,,,,,10.0:200,,,Deep Neural Net,,,>10,yes,"[continuous, discrete, nominal]",,,Image Data,1000.0:100000,<1,,Offline,Multiclass Classification,Image Recognition,0.00000,0.00000,0.00000,0.00000,0.00000,0.00000,0.50000,0.50000,0.00000,0.00000,0.00000,0.00000,0.00000,0.00000,0.00000,0.00000,0.00000,0.00000,,,,,,,,0.33333,,,1.6825242718446602,,,0.33650485436893207,0.323562359970127,0.36576614605318697,,,0.15872870489100566,0.1294249439880508,0.36576614605318697,,0.0731532292106374,0.12556151282422837,0.1502253814147018,
82,1,,,,,,1,,,,1.0:10,Support Vector Machine,,,1.0:3,no,[continuous],,,Image Data,,,,Offline,Multiclass Classification,Image Recognition,0.00000,0.00000,0.00000,0.00000,0.00000,0.00000,0.00000,0.00000,0.00000,0.00000,0.00000,0.00000,0.00000,0.33333,0.00000,0.33333,0.33333,0.00000,,,,,,0.12371501998857795,,,,0.33333,0.42063106796116506,,,0.33650485436893207,0.09244638856289342,0.26289441747572817,,,0.15872870489100566,,,,0.0731532292106374,0.12556151282422837,0.1502253814147018,
83,1,,,,,,1,,,,10.0:40,Support Vector Machine,,,1.0:3,no,[continuous],,,Image Data,,,,Offline,Multiclass Classification,Image Recognition,0.00000,0.00000,0.00000,0.00000,0.00000,0.00000,0.00000,0.00000,0.00000,0.00000,0.00000,0.00000,0.00000,0.00000,0.00000,1.00000,0.00000,0.00000,,,,,,0.12371501998857795,,,,0.33333,0.42063106796116506,,,0.33650485436893207,0.09244638856289342,0.26289441747572817,,,0.15872870489100566,,,,0.0731532292106374,0.12556151282422837,0.1502253814147018,
84,1,,,,,,1,,,,40.0:100,Support Vector Machine,,,1.0:3,no,[continuous],,,Image Data,,,,Offline,Multiclass Classification,Image Recognition,0.00000,0.00000,0.00000,0.00000,0.00000,0.00000,0.00000,0.00000,0.00000,0.00000,0.00000,0.00000,0.00000,0.50000,0.00000,0.50000,0.00000,0.00000,,,,,,0.12371501998857795,,,,0.33333,0.42063106796116506,,,0.33650485436893207,0.09244638856289342,0.26289441747572817,,,0.15872870489100566,,,,0.0731532292106374,0.12556151282422837,0.1502253814147018,
85,1,,,,,,1,,,,100.0:400,Support Vector Machine,,,1.0:3,no,[continuous],,,Image Data,,,,Offline,Multiclass Classification,Image Recognition,0.00000,0.00000,0.00000,0.00000,0.00000,0.00000,0.00000,0.00000,0.00000,0.00000,0.00000,0.00000,0.00000,0.33333,0.00000,0.33333,0.33333,0.00000,,,,,,0.12371501998857795,,,,0.33333,0.42063106796116506,,,0.33650485436893207,0.09244638856289342,0.26289441747572817,,,0.15872870489100566,,,,0.0731532292106374,0.12556151282422837,0.1502253814147018,
86,1,,,,,,1,,,,400.0:50000,Support Vector Machine,,,1.0:3,no,[continuous],,,Image Data,,,,Offline,Multiclass Classification,Image Recognition,0.00000,0.00000,0.00000,0.00000,0.00000,0.00000,0.00000,0.00000,0.00000,0.25000,0.00000,0.00000,0.00000,0.25000,0.00000,0.25000,0.25000,0.00000,,,,,,0.12371501998857795,,,,0.33333,0.42063106796116506,,,0.33650485436893207,0.09244638856289342,0.26289441747572817,,,0.15872870489100566,,,,0.0731532292106374,0.12556151282422837,0.1502253814147018,
87,1,,,,,,1,,,,50000.0:500000,Support Vector Machine,,,1.0:3,no,[continuous],,,Image Data,,,,Offline,Multiclass Classification,Image Recognition,0.00000,0.00000,0.00000,0.00000,0.00000,0.00000,0.00000,0.00000,0.20000,0.20000,0.00000,0.00000,0.00000,0.20000,0.00000,0.20000,0.20000,0.00000,,,,,,0.12371501998857795,,,,0.33333,0.42063106796116506,,,0.33650485436893207,0.09244638856289342,0.26289441747572817,,,0.15872870489100566,,,,0.0731532292106374,0.12556151282422837,0.1502253814147018,
88,1,,,,,,1,,,,>500000,Support Vector Machine,,,1.0:3,no,[continuous],,,Image Data,,,,Offline,Multiclass Classification,Image Recognition,0.00000,0.05882,0.05882,0.05882,0.05882,0.05882,0.05882,0.05882,0.05882,0.05882,0.05882,0.05882,0.05882,0.05882,0.05882,0.05882,0.05882,0.05882,,,,,,0.12371501998857795,,,,0.33333,0.42063106796116506,,,0.33650485436893207,0.09244638856289342,0.26289441747572817,,,0.15872870489100566,,,,0.0731532292106374,0.12556151282422837,0.1502253814147018,
89,1,,,,,,1,,,,1.0:4000,Multilayer Perceptron,,,4.0:10,no,"[continuous, discrete]",,,Tabular Data,,,,Offline,Binary Classification,,0.00000,0.00000,0.00000,0.00000,0.00000,0.00000,0.00000,0.00000,0.00000,0.00000,0.00000,0.00000,0.00000,0.33333,0.00000,0.00000,0.33333,0.33333,,,,,,0.12371501998857795,,,,0.33333,0.27137488255559034,,,0.12018030513176144,0.09244638856289342,0.2003005085529357,,,0.2003005085529357,,,,0.0731532292106374,0.323562359970127,,
90,1,,,,,,1,,,,4000.0:100000,Multilayer Perceptron,,,4.0:10,no,"[continuous, discrete]",,,Tabular Data,,,,Offline,Binary Classification,,0.00000,0.00000,0.00000,0.00000,0.00000,0.00000,0.00000,0.00000,0.00000,0.00000,0.00000,0.00000,0.00000,0.00000,0.00000,0.00000,1.00000,0.00000,,,,,,0.12371501998857795,,,,0.33333,0.27137488255559034,,,0.12018030513176144,0.09244638856289342,0.2003005085529357,,,0.2003005085529357,,,,0.0731532292106374,0.323562359970127,,
91,1,,,,,,1,,,,1.0:10000,Multilayer Perceptron,,,4.0:10,no,"[continuous, discrete]",,,Tabular Data,,,,Offline,Binary Classification,,0.00000,0.00000,0.00000,0.00000,0.00000,0.00000,0.00000,0.00000,0.00000,0.00000,0.00000,0.00000,0.00000,0.33333,0.00000,0.00000,0.33333,0.33333,,,,,,0.12371501998857795,,,,0.33333,0.27137488255559034,,,0.12018030513176144,0.09244638856289342,0.2003005085529357,,,0.2003005085529357,,,,0.0731532292106374,0.323562359970127,,
92,1,,,,,,1,,,,10000.0:100000,Multilayer Perceptron,,,4.0:10,no,"[continuous, discrete]",,,Tabular Data,,,,Offline,Binary Classification,,0.00000,0.00000,0.00000,0.00000,0.00000,0.00000,0.00000,0.00000,0.00000,0.00000,0.00000,0.00000,0.00000,0.00000,0.00000,0.00000,1.00000,0.00000,,,,,,0.12371501998857795,,,,0.33333,0.27137488255559034,,,0.12018030513176144,0.09244638856289342,0.2003005085529357,,,0.2003005085529357,,,,0.0731532292106374,0.323562359970127,,
93,1,,,,,,1,,,,1.0:100,Multilayer Perceptron,,,4.0:10,no,"[continuous, discrete]",,,Tabular Data,1000.0:100000,1.0:4,,Offline,Multiclass Classification,Image Recognition,0.00000,0.00000,0.00000,0.00000,0.00000,0.00000,0.00000,0.00000,0.00000,0.00000,0.00000,0.00000,0.00000,0.33333,0.00000,0.00000,0.33333,0.33333,,,,,,0.12371501998857795,,,,0.33333,0.27137488255559034,,,0.12018030513176144,0.09244638856289342,0.2003005085529357,,,0.2003005085529357,0.1294249439880508,0.20518588681032443,,0.0731532292106374,0.12556151282422837,0.1502253814147018,
94,1,,,,,,1,,,,100.0:2000,Multilayer Perceptron,,,4.0:10,no,"[continuous, discrete]",,,Tabular Data,1000.0:100000,1.0:4,,Offline,Multiclass Classification,Image Recognition,0.00000,0.00000,0.00000,0.00000,0.00000,0.00000,0.00000,0.00000,0.00000,0.00000,0.00000,0.00000,0.00000,0.00000,0.00000,0.00000,1.00000,0.00000,,,,,,0.12371501998857795,,,,0.33333,0.27137488255559034,,,0.12018030513176144,0.09244638856289342,0.2003005085529357,,,0.2003005085529357,0.1294249439880508,0.20518588681032443,,0.0731532292106374,0.12556151282422837,0.1502253814147018,
95,1,,,,,,1,,,,2000.0:20000,Multilayer Perceptron,,,4.0:10,no,"[continuous, discrete]",,,Tabular Data,1000.0:100000,1.0:4,,Offline,Multiclass Classification,Image Recognition,0.00000,0.00000,0.00000,0.00000,0.00000,0.00000,0.00000,0.00000,0.50000,0.00000,0.00000,0.00000,0.00000,0.00000,0.00000,0.00000,0.50000,0.00000,,,,,,0.12371501998857795,,,,0.33333,0.27137488255559034,,,0.12018030513176144,0.09244638856289342,0.2003005085529357,,,0.2003005085529357,0.1294249439880508,0.20518588681032443,,0.0731532292106374,0.12556151282422837,0.1502253814147018,
96,1,,,,,,1,,,,20000.0:40000,Multilayer Perceptron,,,4.0:10,no,"[continuous, discrete]",,,Tabular Data,1000.0:100000,1.0:4,,Offline,Multiclass Classification,Image Recognition,0.00000,0.00000,0.00000,0.00000,0.00000,0.00000,0.00000,0.33333,0.33333,0.00000,0.00000,0.00000,0.00000,0.00000,0.00000,0.00000,0.33333,0.00000,,,,,,0.12371501998857795,,,,0.33333,0.27137488255559034,,,0.12018030513176144,0.09244638856289342,0.2003005085529357,,,0.2003005085529357,0.1294249439880508,0.20518588681032443,,0.0731532292106374,0.12556151282422837,0.1502253814147018,
97,1,,,,,,1,,,,1.0:4000,Multilayer Perceptron,,,4.0:10,no,"[continuous, discrete]",,,Image Data,1000.0:100000,>4,,Offline,Multiclass Classification,Image Recognition,0.00000,0.00000,0.00000,0.00000,0.00000,0.00000,0.00000,0.00000,0.00000,0.00000,0.00000,0.00000,0.00000,0.50000,0.00000,0.00000,0.50000,0.00000,,,,,,0.12371501998857795,,,,0.33333,0.27137488255559034,,,0.12018030513176144,0.09244638856289342,0.2003005085529357,,,0.15872870489100566,0.1294249439880508,0.44276954522227896,,0.0731532292106374,0.12556151282422837,0.1502253814147018,
98,1,,,,,,1,,,,4000.0:100000,Multilayer Perceptron,,,4.0:10,no,"[continuous, discrete]",,,Image Data,1000.0:100000,>4,,Offline,Multiclass Classification,Image Recognition,0.00000,0.00000,0.00000,0.00000,0.00000,0.00000,0.00000,0.33333,0.33333,0.00000,0.00000,0.00000,0.00000,0.00000,0.00000,0.00000,0.33333,0.00000,,,,,,0.12371501998857795,,,,0.33333,0.27137488255559034,,,0.12018030513176144,0.09244638856289342,0.2003005085529357,,,0.15872870489100566,0.1294249439880508,0.44276954522227896,,0.0731532292106374,0.12556151282422837,0.1502253814147018,
99,1,,,,,,1,,,,1.0:1000,Multilayer Perceptron,,,4.0:10,no,"[continuous, discrete]",,,Image Data,1000.0:100000,1.0:4,,Offline,Multiclass Classification,Image Recognition,0.00000,0.00000,0.00000,0.00000,0.00000,0.00000,0.00000,0.00000,0.00000,0.00000,0.00000,0.00000,0.00000,0.33333,0.00000,0.00000,0.33333,0.33333,,,,,,0.12371501998857795,,,,0.33333,0.27137488255559034,,,0.12018030513176144,0.09244638856289342,0.2003005085529357,,,0.15872870489100566,0.1294249439880508,0.20518588681032443,,0.0731532292106374,0.12556151282422837,0.1502253814147018,
100,1,,,,,,1,,,,1000.0:10000,Multilayer Perceptron,,,4.0:10,no,"[continuous, discrete]",,,Image Data,1000.0:100000,1.0:4,,Offline,Multiclass Classification,Image Recognition,0.00000,0.00000,0.00000,0.00000,0.00000,0.00000,0.00000,0.00000,0.00000,0.00000,0.00000,0.00000,0.00000,0.00000,0.00000,0.00000,1.00000,0.00000,,,,,,0.12371501998857795,,,,0.33333,0.27137488255559034,,,0.12018030513176144,0.09244638856289342,0.2003005085529357,,,0.15872870489100566,0.1294249439880508,0.20518588681032443,,0.0731532292106374,0.12556151282422837,0.1502253814147018,
101,1,,,,,,1,,,,1.0:1000,Multilayer Perceptron,,,4.0:10,no,"[continuous, discrete]",,,Tabular Data,,,,Offline,Binary Classification,,0.00000,0.00000,0.00000,0.00000,0.00000,0.00000,0.00000,0.00000,0.00000,0.00000,0.00000,0.00000,0.00000,0.33000,0.00000,0.00000,0.33000,0.33000,,,,,,0.12371501998857795,,,,0.33333,0.27137488255559034,,,0.12018030513176144,0.09244638856289342,0.2003005085529357,,,0.2003005085529357,,,,0.0731532292106374,0.323562359970127,,
102,1,,,,,,1,,,,1000.0:100000,Multilayer Perceptron,,,4.0:10,no,"[continuous, discrete]",,,Tabular Data,,,,Offline,Binary Classification,,0.00000,0.00000,0.00000,0.00000,0.00000,0.00000,0.00000,0.00000,0.00000,0.00000,0.00000,0.00000,0.00000,0.00000,0.00000,0.00000,1.00000,0.00000,,,,,,0.12371501998857795,,,,0.33333,0.27137488255559034,,,0.12018030513176144,0.09244638856289342,0.2003005085529357,,,0.2003005085529357,,,,0.0731532292106374,0.323562359970127,,
103,1,,,,,,,,<100,,,Support Vector Machine,,,1.0:3,no,[continuous],,,,,,no,Offline,Multiclass Classification,,0.00000,0.00000,0.00000,0.00000,0.00000,0.00000,0.00000,0.00000,1.00000,0.00000,0.00000,0.00000,0.00000,0.00000,0.00000,0.00000,0.00000,0.00000,,,,,,,,0.33333,,,0.42063106796116506,,,0.33650485436893207,0.09244638856289342,0.26289441747572817,,,,,,1.40210355987055,0.0731532292106374,0.12556151282422837,,
104,1,,,,,,,,<40,,,Support Vector Machine,,,1.0:3,no,[continuous],,,,,,yes,Offline,Multiclass Classification,,0.00000,0.00000,0.00000,0.00000,0.00000,0.00000,0.00000,0.00000,1.00000,0.00000,0.00000,0.00000,0.00000,0.00000,0.00000,0.00000,0.00000,0.00000,,,,,,,,0.33333,,,0.42063106796116506,,,0.33650485436893207,0.09244638856289342,0.26289441747572817,,,,,,0.6009015256588072,0.0731532292106374,0.12556151282422837,,
105,1,,,,,,,,40.0:100,,,Support Vector Machine,,,1.0:3,no,[continuous],,,,,,yes,Offline,Multiclass Classification,,0.00000,0.00000,0.00000,0.00000,0.00000,0.00000,0.00000,0.00000,0.00000,0.00000,1.00000,0.00000,0.00000,0.00000,0.00000,0.00000,0.00000,0.00000,,,,,,,,0.33333,,,0.42063106796116506,,,0.33650485436893207,0.09244638856289342,0.26289441747572817,,,,,,0.6009015256588072,0.0731532292106374,0.12556151282422837,,
106,1,,,,,,,,<50,,,Multilayer Perceptron,,,4.0:10,no,"[continuous, discrete]",,,,,,no,Offline,Multiclass Classification,,0.00000,0.00000,0.00000,0.00000,0.00000,0.00000,0.00000,0.00000,0.00000,0.00000,1.00000,0.00000,0.00000,0.00000,0.00000,0.00000,0.00000,0.00000,,,,,,,,0.33333,,,0.27137488255559034,,,0.12018030513176144,0.09244638856289342,0.2003005085529357,,,,,,1.40210355987055,0.0731532292106374,0.12556151282422837,,
107,1,,,,,,,,50.0:100,,,Multilayer Perceptron,,,4.0:10,no,"[continuous, discrete]",,,,,,no,Offline,Multiclass Classification,,0.00000,0.00000,0.00000,0.00000,0.00000,0.00000,0.00000,0.00000,1.00000,0.00000,0.00000,0.00000,0.00000,0.00000,0.00000,0.00000,0.00000,0.00000,,,,,,,,0.33333,,,0.27137488255559034,,,0.12018030513176144,0.09244638856289342,0.2003005085529357,,,,,,1.40210355987055,0.0731532292106374,0.12556151282422837,,
108,1,,,,,,,,<100,,,Multilayer Perceptron,,,4.0:10,no,"[continuous, discrete]",,,,,,yes,Offline,Multiclass Classification,,0.00000,0.00000,0.00000,0.00000,0.00000,0.00000,0.00000,0.00000,0.00000,0.00000,1.00000,0.00000,0.00000,0.00000,0.00000,0.00000,0.00000,0.00000,,,,,,,,0.33333,,,0.27137488255559034,,,0.12018030513176144,0.09244638856289342,0.2003005085529357,,,,,,0.6009015256588072,0.0731532292106374,0.12556151282422837,,
109,1,,,,,,,,<30,,,XGBoost,,,4.0:10,no,"[continuous, discrete]",,,,,,no,Offline,Regression,,0.00000,0.00000,0.00000,0.00000,0.00000,0.00000,0.00000,0.00000,0.00000,0.00000,1.00000,0.00000,0.00000,0.00000,0.00000,0.00000,0.00000,0.00000,,,,,,,,0.33333,,,0.9347357065803668,,,0.12018030513176144,0.09244638856289342,0.2003005085529357,,,,,,1.40210355987055,0.0731532292106374,0.4673678532901834,,
110,1,,,,,,,,30.0:100,,,XGBoost,,,4.0:10,no,"[continuous, discrete]",,,,,,no,Offline,Regression,,0.00000,0.00000,0.00000,0.00000,0.00000,0.00000,0.00000,0.00000,1.00000,0.00000,0.00000,0.00000,0.00000,0.00000,0.00000,0.00000,0.00000,0.00000,,,,,,,,0.33333,,,0.9347357065803668,,,0.12018030513176144,0.09244638856289342,0.2003005085529357,,,,,,1.40210355987055,0.0731532292106374,0.4673678532901834,,
111,1,,,,,,,,<30,,,XGBoost,,,4.0:10,no,"[continuous, discrete]",,,,,,yes,Offline,Regression,,0.00000,0.00000,0.00000,0.00000,0.00000,0.00000,0.00000,0.00000,0.00000,0.00000,1.00000,0.00000,0.00000,0.00000,0.00000,0.00000,0.00000,0.00000,,,,,,,,0.33333,,,0.9347357065803668,,,0.12018030513176144,0.09244638856289342,0.2003005085529357,,,,,,0.6009015256588072,0.0731532292106374,0.4673678532901834,,
112,1,,,,,,,,30.0:100,,,XGBoost,,,4.0:10,no,"[continuous, discrete]",,,,,,yes,Offline,Regression,,0.00000,0.00000,0.00000,0.00000,0.00000,0.00000,0.00000,0.00000,1.00000,0.00000,0.00000,0.00000,0.00000,0.00000,0.00000,0.00000,0.00000,0.00000,,,,,,,,0.33333,,,0.9347357065803668,,,0.12018030513176144,0.09244638856289342,0.2003005085529357,,,,,,0.6009015256588072,0.0731532292106374,0.4673678532901834,,
113,1,,,,,,17,,<200,1800,1.0:360000,Convolutional Neural Net,,,>10,no,"[continuous, discrete]",,,Image Data,1000.0:100000,>4,,Offline,Multiclass Classification,Image Recognition,0.00000,0.00000,0.00000,0.00000,0.00000,0.00000,0.00000,1.00000,0.00000,0.00000,0.00000,0.00000,0.00000,0.00000,0.00000,0.00000,0.00000,0.00000,,,,,,4.206310679611651,,0.33333,0.33333,0.33333,0.4673678532901834,,,0.33650485436893207,0.09244638856289342,0.2003005085529357,,,0.15872870489100566,0.1294249439880508,0.44276954522227896,,0.0731532292106374,0.12556151282422837,0.1502253814147018,
114,1,,,,,,17,,200.0:1000,1800,360000.0:1800000,Convolutional Neural Net,,,>10,no,"[continuous, discrete]",,,Image Data,1000.0:100000,>4,,Offline,Multiclass Classification,Image Recognition,0.00000,0.00000,0.00000,1.00000,0.00000,0.00000,0.00000,0.00000,0.00000,0.00000,0.00000,0.00000,0.00000,0.00000,0.00000,0.00000,0.00000,0.00000,,,,,,4.206310679611651,,0.33333,0.33333,0.33333,0.4673678532901834,,,0.33650485436893207,0.09244638856289342,0.2003005085529357,,,0.15872870489100566,0.1294249439880508,0.44276954522227896,,0.0731532292106374,0.12556151282422837,0.1502253814147018,
115,1,,,,,,,,<200,,,Synthetic Function,,,1.0:3,no,[continuous],,,,,,,Offline,,Synthetic Function,0.00000,0.00000,0.00000,0.00000,0.00000,0.00000,0.00000,0.00000,0.33333,0.00000,0.33333,0.33333,0.00000,0.00000,0.00000,0.00000,0.00000,0.00000,,,,,,,,0.33333,,,4.206310679611651,,,0.33650485436893207,0.09244638856289342,0.26289441747572817,,,,,,,0.0731532292106374,,4.206310679611651,
116,1,,,,,,,,<200,,,Synthetic Function,,,4.0:10,no,[continuous],,,,,,,Offline,,Synthetic Function,0.00000,0.00000,0.00000,0.00000,0.00000,0.00000,0.00000,0.00000,0.33333,0.00000,0.33333,0.33333,0.00000,0.00000,0.00000,0.00000,0.00000,0.00000,,,,,,,,0.33333,,,4.206310679611651,,,0.12018030513176144,0.09244638856289342,0.26289441747572817,,,,,,,0.0731532292106374,,4.206310679611651,
117,1,,,,,,,,<100,,,Logistic Regression,,,4.0:10,no,[continuous],,,Image Data,1000.0:100000,>4,,Offline,Multiclass Classification,Image Recognition,0.00000,0.00000,0.00000,0.00000,0.00000,0.00000,0.00000,0.00000,0.50000,0.00000,0.00000,0.50000,0.00000,0.00000,0.00000,0.00000,0.00000,0.00000,,,,,,,,0.33333,,,1.2018030513176143,,,0.12018030513176144,0.09244638856289342,0.26289441747572817,,,0.15872870489100566,0.1294249439880508,0.44276954522227896,,0.0731532292106374,0.12556151282422837,0.1502253814147018,
118,1,,,,,,,,<50,,,Latent Dirichlet Allocation (HPOlib),,,1.0:3,no,[discrete],,,Text Data,,,,Offline,Text,,0.00000,0.00000,0.00000,0.00000,0.00000,0.00000,0.00000,0.00000,0.50000,0.00000,0.00000,0.50000,0.00000,0.00000,0.00000,0.00000,0.00000,0.00000,,,,,,,,0.33333,,,2.1031553398058254,,,0.33650485436893207,0.09244638856289342,2.1031553398058254,,,2.1031553398058254,,,,0.0731532292106374,2.1031553398058254,,
119,1,,,,,,,,<100,,,Support Vector Machine,,,1.0:3,no,[discrete],,,Tabular Data,,,,Offline,Multiclass Classification,,0.00000,0.00000,0.00000,0.00000,0.00000,0.00000,0.25000,0.00000,0.25000,0.00000,0.25000,0.25000,0.00000,0.00000,0.00000,0.00000,0.00000,0.00000,,,,,,,,0.33333,,,0.42063106796116506,,,0.33650485436893207,0.09244638856289342,2.1031553398058254,,,0.2003005085529357,,,,0.0731532292106374,0.12556151282422837,,
120,1,,,,,,,,<50,,,Support Vector Machine,,,1.0:3,no,[discrete],,,Tabular Data,<1000,1.0:4,,Offline,Multiclass Classification,,0.00000,0.00000,0.00000,0.00000,0.00000,0.00000,0.00000,0.00000,0.00000,0.50000,0.50000,0.00000,0.00000,0.00000,0.00000,0.00000,0.00000,0.00000,,,,,,,,0.33333,,,0.42063106796116506,,,0.33650485436893207,0.09244638856289342,2.1031553398058254,,,0.2003005085529357,1.40210355987055,0.20518588681032443,,0.0731532292106374,0.12556151282422837,,
121,1,,,,,,,,>50,,,Support Vector Machine,,,1.0:3,no,[discrete],,,Tabular Data,<1000,1.0:4,,Offline,Multiclass Classification,,0.00000,0.05882,0.05882,0.05882,0.05882,0.05882,0.05882,0.05882,0.05882,0.05882,0.05882,0.05882,0.05882,0.05882,0.05882,0.05882,0.05882,0.05882,,,,,,,,0.33333,,,0.42063106796116506,,,0.33650485436893207,0.09244638856289342,2.1031553398058254,,,0.2003005085529357,1.40210355987055,0.20518588681032443,,0.0731532292106374,0.12556151282422837,,
122,1,,,,,,,,<50,,,Random Forest,,,4.0:10,no,"[discrete, nominal]",,,Tabular Data,<1000,1.0:4,,Offline,Binary Classification,,0.00000,0.00000,0.00000,0.00000,0.00000,0.00000,0.00000,0.00000,0.00000,0.50000,0.50000,0.00000,0.00000,0.00000,0.00000,0.00000,0.00000,0.00000,,,,,,,,0.33333,,,0.4948600799543118,,,0.12018030513176144,0.09244638856289342,1.6825242718446602,,,0.2003005085529357,1.40210355987055,0.20518588681032443,,0.0731532292106374,0.323562359970127,,
123,1,,,,,,,,>50,,,Random Forest,,,4.0:10,no,"[discrete, nominal]",,,Tabular Data,<1000,1.0:4,,Offline,Binary Classification,,0.00000,0.05882,0.05882,0.05882,0.05882,0.05882,0.05882,0.05882,0.05882,0.05882,0.05882,0.05882,0.05882,0.05882,0.05882,0.05882,0.05882,0.05882,,,,,,,,0.33333,,,0.4948600799543118,,,0.12018030513176144,0.09244638856289342,1.6825242718446602,,,0.2003005085529357,1.40210355987055,0.20518588681032443,,0.0731532292106374,0.323562359970127,,
124,1,,,,,,8,,,,1.0:100000,Convolutional Neural Net,,yes,4.0:10,no,"[continuous, discrete, nominal]",,,Image Data,1000.0:100000,>4,,Offline,Multiclass Classification,Image Recognition,0.00000,0.00000,0.00000,0.00000,0.00000,0.00000,0.00000,0.00000,0.00000,0.00000,0.50000,0.50000,0.00000,0.00000,0.00000,0.00000,0.00000,0.00000,,,,,,0.8412621359223301,,,,0.33333,0.4673678532901834,,0.27137488255559034,0.12018030513176144,0.09244638856289342,0.36576614605318697,,,0.15872870489100566,0.1294249439880508,0.44276954522227896,,0.0731532292106374,0.12556151282422837,0.1502253814147018,
125,1,,,,,,8,,,,100000.0:250000,Convolutional Neural Net,,yes,4.0:10,no,"[continuous, discrete, nominal]",,,Image Data,1000.0:100000,>4,,Offline,Multiclass Classification,Image Recognition,0.00000,0.00000,0.00000,0.00000,0.00000,0.00000,0.00000,0.00000,0.00000,0.00000,1.00000,0.00000,0.00000,0.00000,0.00000,0.00000,0.00000,0.00000,,,,,,0.8412621359223301,,,,0.33333,0.4673678532901834,,0.27137488255559034,0.12018030513176144,0.09244638856289342,0.36576614605318697,,,0.15872870489100566,0.1294249439880508,0.44276954522227896,,0.0731532292106374,0.12556151282422837,0.1502253814147018,
126,1,,,,,,8,,,,>250000,Convolutional Neural Net,,yes,4.0:10,no,"[continuous, discrete, nominal]",,,Image Data,1000.0:100000,>4,,Offline,Multiclass Classification,Image Recognition,0.00000,0.05882,0.05882,0.05882,0.05882,0.05882,0.05882,0.05882,0.05882,0.05882,0.05882,0.05882,0.05882,0.05882,0.05882,0.05882,0.05882,0.05882,,,,,,0.8412621359223301,,,,0.33333,0.4673678532901834,,0.27137488255559034,0.12018030513176144,0.09244638856289342,0.36576614605318697,,,0.15872870489100566,0.1294249439880508,0.44276954522227896,,0.0731532292106374,0.12556151282422837,0.1502253814147018,
127,1,,,,,,1,,,,1.0:150000,Convolutional Neural Net,,yes,4.0:10,no,"[continuous, discrete]",,,Image Data,1000.0:100000,>4,,Offline,Multiclass Classification,Image Recognition,0.00000,0.00000,0.00000,0.00000,0.00000,0.00000,0.00000,0.00000,0.00000,0.00000,0.00000,0.00000,0.25000,0.25000,0.25000,0.00000,0.25000,0.00000,,,,,,0.12371501998857795,,,,0.33333,0.4673678532901834,,0.27137488255559034,0.12018030513176144,0.09244638856289342,0.2003005085529357,,,0.15872870489100566,0.1294249439880508,0.44276954522227896,,0.0731532292106374,0.12556151282422837,0.1502253814147018,
128,1,,,,,,1,,,,>150000,Convolutional Neural Net,,yes,4.0:10,no,"[continuous, discrete]",,,Image Data,1000.0:100000,>4,,Offline,Multiclass Classification,Image Recognition,0.00000,0.00000,0.00000,0.00000,0.00000,0.00000,0.00000,0.00000,0.00000,0.00000,0.00000,0.00000,0.25000,0.25000,0.25000,0.00000,0.25000,0.00000,,,,,,0.12371501998857795,,,,0.33333,0.4673678532901834,,0.27137488255559034,0.12018030513176144,0.09244638856289342,0.2003005085529357,,,0.15872870489100566,0.1294249439880508,0.44276954522227896,,0.0731532292106374,0.12556151282422837,0.1502253814147018,
129,1,,,,,,1,,,,1.0:30000,Convolutional Neural Net,,yes,4.0:10,no,"[continuous, discrete]",,,Image Data,1000.0:100000,>4,,Offline,Multiclass Classification,Image Recognition,0.00000,0.00000,0.00000,0.00000,0.25000,0.00000,0.00000,0.00000,0.00000,0.00000,0.00000,0.00000,0.25000,0.25000,0.25000,0.00000,0.00000,0.00000,,,,,,0.12371501998857795,,,,0.33333,0.4673678532901834,,0.27137488255559034,0.12018030513176144,0.09244638856289342,0.2003005085529357,,,0.15872870489100566,0.1294249439880508,0.44276954522227896,,0.0731532292106374,0.12556151282422837,0.1502253814147018,
130,1,,,,,,1,,,,30000.0:90000,Convolutional Neural Net,,yes,4.0:10,no,"[continuous, discrete]",,,Image Data,1000.0:100000,>4,,Offline,Multiclass Classification,Image Recognition,0.00000,0.00000,0.00000,0.00000,0.20000,0.00000,0.00000,0.00000,0.00000,0.00000,0.00000,0.00000,0.20000,0.20000,0.20000,0.00000,0.20000,0.00000,,,,,,0.12371501998857795,,,,0.33333,0.4673678532901834,,0.27137488255559034,0.12018030513176144,0.09244638856289342,0.2003005085529357,,,0.15872870489100566,0.1294249439880508,0.44276954522227896,,0.0731532292106374,0.12556151282422837,0.1502253814147018,
131,1,,,,,,1,,,,>90000,Convolutional Neural Net,,yes,4.0:10,no,"[continuous, discrete]",,,Image Data,1000.0:100000,>4,,Offline,Multiclass Classification,Image Recognition,0.00000,0.00000,0.00000,0.00000,0.25000,0.00000,0.00000,0.00000,0.00000,0.00000,0.00000,0.00000,0.25000,0.00000,0.25000,0.00000,0.25000,0.00000,,,,,,0.12371501998857795,,,,0.33333,0.4673678532901834,,0.27137488255559034,0.12018030513176144,0.09244638856289342,0.2003005085529357,,,0.15872870489100566,0.1294249439880508,0.44276954522227896,,0.0731532292106374,0.12556151282422837,0.1502253814147018,
132,1,,,,,,25,,,,1.0:60000,Convolutional Neural Net,,yes,4.0:10,no,"[continuous, discrete]",,,Image Data,1000.0:100000,>4,,Offline,Multiclass Classification,Image Recognition,0.00000,0.00000,0.00000,0.00000,1.00000,0.00000,0.00000,0.00000,0.00000,0.00000,0.00000,0.00000,0.00000,0.00000,0.00000,0.00000,0.00000,0.00000,,,,,,1.6825242718446602,,,,0.33333,0.4673678532901834,,0.27137488255559034,0.12018030513176144,0.09244638856289342,0.2003005085529357,,,0.15872870489100566,0.1294249439880508,0.44276954522227896,,0.0731532292106374,0.12556151282422837,0.1502253814147018,
133,1,,,,,,25,,,,60000.0:90000,Convolutional Neural Net,,yes,4.0:10,no,"[continuous, discrete]",,,Image Data,1000.0:100000,>4,,Offline,Multiclass Classification,Image Recognition,0.00000,0.00000,0.00000,0.00000,0.00000,0.00000,0.00000,0.00000,0.00000,0.00000,0.00000,0.00000,0.00000,0.00000,1.00000,0.00000,0.00000,0.00000,,,,,,1.6825242718446602,,,,0.33333,0.4673678532901834,,0.27137488255559034,0.12018030513176144,0.09244638856289342,0.2003005085529357,,,0.15872870489100566,0.1294249439880508,0.44276954522227896,,0.0731532292106374,0.12556151282422837,0.1502253814147018,
134,1,,,,,,25,,,,>90000,Convolutional Neural Net,,yes,4.0:10,no,"[continuous, discrete]",,,Image Data,1000.0:100000,>4,,Offline,Multiclass Classification,Image Recognition,0.00000,0.00000,0.00000,0.00000,0.00000,0.00000,0.00000,0.00000,0.00000,0.00000,0.00000,0.00000,0.33333,0.00000,0.33333,0.00000,0.33333,0.00000,,,,,,1.6825242718446602,,,,0.33333,0.4673678532901834,,0.27137488255559034,0.12018030513176144,0.09244638856289342,0.2003005085529357,,,0.15872870489100566,0.1294249439880508,0.44276954522227896,,0.0731532292106374,0.12556151282422837,0.1502253814147018,
135,1,,,,,,25,,,,1.0:150000,Convolutional Neural Net,,yes,4.0:10,no,"[continuous, discrete]",,,Image Data,1000.0:100000,>4,,Offline,Multiclass Classification,Image Recognition,0.00000,0.00000,0.00000,0.00000,0.50000,0.00000,0.00000,0.00000,0.00000,0.00000,0.00000,0.00000,0.00000,0.00000,0.50000,0.00000,0.00000,0.00000,,,,,,1.6825242718446602,,,,0.33333,0.4673678532901834,,0.27137488255559034,0.12018030513176144,0.09244638856289342,0.2003005085529357,,,0.15872870489100566,0.1294249439880508,0.44276954522227896,,0.0731532292106374,0.12556151282422837,0.1502253814147018,
136,1,,,,,,25,,,,>150000,Convolutional Neural Net,,yes,4.0:10,no,"[continuous, discrete]",,,Image Data,1000.0:100000,>4,,Offline,Multiclass Classification,Image Recognition,0.00000,0.00000,0.00000,0.00000,0.50000,0.00000,0.00000,0.00000,0.00000,0.00000,0.00000,0.00000,0.00000,0.00000,0.50000,0.00000,0.00000,0.00000,,,,,,1.6825242718446602,,,,0.33333,0.4673678532901834,,0.27137488255559034,0.12018030513176144,0.09244638856289342,0.2003005085529357,,,0.15872870489100566,0.1294249439880508,0.44276954522227896,,0.0731532292106374,0.12556151282422837,0.1502253814147018,
137,1,,,,,,,,,,,,yes,,,,,,,,,,,,,,0.00000,0.00000,0.00000,0.00000,0.00000,0.00000,0.00000,0.00000,0.00000,0.00000,0.00000,0.00000,0.00000,0.00000,0.00000,0.00000,1.00000,0.00000,,,,,,,,,,,,0.4006010171058714,,,,,,,,,,,,,,
138,1,,,,,,,,,,1.0:86400,,no,,,no,[continuous],,,,,,,,,,0.00000,0.00000,0.00000,0.00000,0.00000,0.00000,0.00000,0.00000,1.00000,0.00000,0.00000,0.00000,0.00000,0.00000,0.00000,0.00000,0.00000,0.00000,,,,,,,,,,0.33333,,0.5257888349514563,,,0.09244638856289342,0.26289441747572817,,,,,,,,,,
139,1,,,,,,,,,,,,no,,>10,yes,,,,,,,,,,,0.00000,0.00000,0.00000,0.00000,0.00000,0.00000,0.50000,0.50000,0.00000,0.00000,0.00000,0.00000,0.00000,0.00000,0.00000,0.00000,0.00000,0.00000,,,,,,,,,,,,0.5257888349514563,,0.33650485436893207,0.323562359970127,,,,,,,,,,,
140,1,,,,,,,,,,>86400,,yes,,,,[continuous],,,,,,,,,,0.00000,0.00000,0.00000,1.00000,0.00000,0.00000,0.00000,0.00000,0.00000,0.00000,0.00000,0.00000,0.00000,0.00000,0.00000,0.00000,0.00000,0.00000,,,,,,,,,,0.33333,,0.4006010171058714,,,,0.26289441747572817,,,,,,,,,,
141,1,,,,,,,,,,.0,,,,,,,,,,,,,,,,1.00000,0.00000,0.00000,0.00000,0.00000,0.00000,0.00000,0.00000,0.00000,0.00000,0.00000,0.00000,0.00000,0.00000,0.00000,0.00000,0.00000,0.00000,,,,,,,,,,0.33333,,,,,,,,,,,,,,,,
142,1,,,,,,,,,,.0,,,,,,,,,,,,,,,,1.00000,0.00000,0.00000,0.00000,0.00000,0.00000,0.00000,0.00000,0.00000,0.00000,0.00000,0.00000,0.00000,0.00000,0.00000,0.00000,0.00000,0.00000,,,,,,,,,,0.33333,,,,,,,,,,,,,,,,
143,1,,,,,,,,,,.0,,,,,,,,,,,,,,,,1.00000,0.00000,0.00000,0.00000,0.00000,0.00000,0.00000,0.00000,0.00000,0.00000,0.00000,0.00000,0.00000,0.00000,0.00000,0.00000,0.00000,0.00000,,,,,,,,,,0.33333,,,,,,,,,,,,,,,,
144,1,,,,,,,,,,.0,,,,,,,,,,,,,,,,1.00000,0.00000,0.00000,0.00000,0.00000,0.00000,0.00000,0.00000,0.00000,0.00000,0.00000,0.00000,0.00000,0.00000,0.00000,0.00000,0.00000,0.00000,,,,,,,,,,0.33333,,,,,,,,,,,,,,,,
145,1,,,,,,,,,,.0,,,,,,,,,,,,,,,,1.00000,0.00000,0.00000,0.00000,0.00000,0.00000,0.00000,0.00000,0.00000,0.00000,0.00000,0.00000,0.00000,0.00000,0.00000,0.00000,0.00000,0.00000,,,,,,,,,,0.33333,,,,,,,,,,,,,,,,
146,1,,,,,,,,,,.0,,,,,,,,,,,,,,,,1.00000,0.00000,0.00000,0.00000,0.00000,0.00000,0.00000,0.00000,0.00000,0.00000,0.00000,0.00000,0.00000,0.00000,0.00000,0.00000,0.00000,0.00000,,,,,,,,,,0.33333,,,,,,,,,,,,,,,,
147,1,,,,,,,,,,.0,,,,,,,,,,,,,,,,1.00000,0.00000,0.00000,0.00000,0.00000,0.00000,0.00000,0.00000,0.00000,0.00000,0.00000,0.00000,0.00000,0.00000,0.00000,0.00000,0.00000,0.00000,,,,,,,,,,0.33333,,,,,,,,,,,,,,,,
148,1,,,,,,,,,,1.0:7200,,,,,,,,,,,,,,,,0.20000,0.00000,0.00000,0.00000,0.00000,0.00000,0.00000,0.00000,0.00000,0.00000,0.00000,0.00000,0.20000,0.20000,0.20000,0.00000,0.20000,0.00000,,,,,,,,,,0.33333,,,,,,,,,,,,,,,,
149,1,,,,,,,,,,1.0:7200,,,,,,,,,,,,,,,,0.20000,0.00000,0.00000,0.00000,0.00000,0.00000,0.00000,0.00000,0.00000,0.00000,0.00000,0.00000,0.20000,0.20000,0.20000,0.00000,0.00000,0.00000,,,,,,,,,,0.33333,,,,,,,,,,,,,,,,
150,1,,,,,,,,,,1.0:7200,,,,,,,,,,,,,,,,0.20000,0.00000,0.00000,0.00000,0.00000,0.00000,0.00000,0.00000,0.00000,0.00000,0.00000,0.00000,0.20000,0.20000,0.20000,0.00000,0.00000,0.00000,,,,,,,,,,0.33333,,,,,,,,,,,,,,,,
151,1,,,,,,,,,,1.0:7200,,,,,,,,,,,,,,,,0.20000,0.00000,0.00000,0.00000,0.00000,0.00000,0.00000,0.00000,0.00000,0.00000,0.00000,0.00000,0.20000,0.20000,0.20000,0.00000,0.00000,0.00000,,,,,,,,,,0.33333,,,,,,,,,,,,,,,,
152,1,,,,,,,,,,1.0:7200,,,,,,,,,,,,,,,,0.20000,0.00000,0.00000,0.00000,0.00000,0.00000,0.00000,0.00000,0.00000,0.00000,0.00000,0.00000,0.20000,0.20000,0.20000,0.00000,0.00000,0.00000,,,,,,,,,,0.33333,,,,,,,,,,,,,,,,
153,1,,,,,,,,,,1.0:7200,,,,,,,,,,,,,,,,0.20000,0.00000,0.00000,0.00000,0.00000,0.00000,0.00000,0.00000,0.00000,0.00000,0.00000,0.00000,0.20000,0.20000,0.20000,0.00000,0.00000,0.00000,,,,,,,,,,0.33333,,,,,,,,,,,,,,,,
154,1,,,,,,,,,,1.0:7200,,,,,,,,,,,,,,,,0.16667,0.00000,0.00000,0.00000,0.00000,0.00000,0.00000,0.00000,0.00000,0.00000,0.00000,0.00000,0.16667,0.16667,0.16667,0.16667,0.16667,0.00000,,,,,,,,,,0.33333,,,,,,,,,,,,,,,,
155,1,,,,,,,,,,7200.0:172800,,,,,,,,,,,,,,,,0.07692,0.00000,0.00000,0.00000,0.00000,0.07692,0.07692,0.07692,0.00000,0.07692,0.07692,0.07692,0.07692,0.07692,0.07692,0.07692,0.07692,0.07692,,,,,,,,,,0.33333,,,,,,,,,,,,,,,,
156,1,,,,,,,,,,7200.0:172800,,,,,,,,,,,,,,,,0.07143,0.07143,0.00000,0.00000,0.00000,0.07143,0.07143,0.07143,0.00000,0.07143,0.07143,0.07143,0.07143,0.07143,0.07143,0.07143,0.07143,0.07143,,,,,,,,,,0.33333,,,,,,,,,,,,,,,,
157,1,,,,,,,,,,7200.0:172800,,,,,,,,,,,,,,,,0.07143,0.07143,0.00000,0.00000,0.00000,0.07143,0.07143,0.07143,0.00000,0.07143,0.07143,0.07143,0.07143,0.07143,0.07143,0.07143,0.07143,0.07143,,,,,,,,,,0.33333,,,,,,,,,,,,,,,,
158,1,,,,,,,,,,7200.0:172800,,,,,,,,,,,,,,,,0.07143,0.07143,0.00000,0.00000,0.00000,0.07143,0.07143,0.07143,0.00000,0.07143,0.07143,0.07143,0.07143,0.07143,0.07143,0.07143,0.07143,0.07143,,,,,,,,,,0.33333,,,,,,,,,,,,,,,,
159,1,,,,,,,,,,7200.0:172800,,,,,,,,,,,,,,,,0.07143,0.07143,0.00000,0.00000,0.00000,0.07143,0.07143,0.07143,0.00000,0.07143,0.07143,0.07143,0.07143,0.07143,0.07143,0.07143,0.07143,0.07143,,,,,,,,,,0.33333,,,,,,,,,,,,,,,,
160,1,,,,,,,,,,7200.0:172800,,,,,,,,,,,,,,,,0.07143,0.07143,0.00000,0.00000,0.00000,0.07143,0.07143,0.07143,0.00000,0.07143,0.07143,0.07143,0.07143,0.07143,0.07143,0.07143,0.07143,0.07143,,,,,,,,,,0.33333,,,,,,,,,,,,,,,,
161,1,,,,,,,,,,7200.0:172800,,,,,,,,,,,,,,,,0.07143,0.07143,0.00000,0.00000,0.00000,0.07143,0.07143,0.07143,0.00000,0.07143,0.07143,0.07143,0.07143,0.07143,0.07143,0.07143,0.07143,0.07143,,,,,,,,,,0.33333,,,,,,,,,,,,,,,,
162,1,,,,,,,,,,1.0:172800,,yes,,,,,,,,>100000,,,,,,0.00000,0.00000,0.00000,0.00000,0.00000,0.00000,0.00000,0.00000,0.00000,0.00000,0.00000,0.00000,0.16667,0.16667,0.16667,0.16667,0.16667,0.16667,,,,,,,,,,0.33333,,0.4006010171058714,,,,,,,,0.8412621359223301,,,,,,
163,1,,,,,,,,,,1.0:172800,,yes,,,,,,,,,,,,,,0.00000,0.00000,0.00000,0.00000,0.00000,0.00000,0.00000,0.00000,0.00000,0.00000,0.00000,0.00000,0.16667,0.16667,0.16667,0.16667,0.16667,0.16667,,,,,,,,,,0.33333,,0.4006010171058714,,,,,,,,,,,,,,
164,1,,,,,,,,,,1.0:172801,,yes,,,,,,,,,,,,,,0.00000,0.00000,0.00000,0.00000,0.00000,0.00000,0.00000,0.00000,0.00000,0.00000,0.00000,0.00000,0.16667,0.16667,0.16667,0.16667,0.16667,0.16667,,,,,,,,,,0.33333,,0.4006010171058714,,,,,,,,,,,,,,
165,1,,,,,,,,,,1.0:172802,,yes,,,,,,,,,,,,,,0.00000,0.00000,0.00000,0.00000,0.00000,0.00000,0.00000,0.00000,0.00000,0.00000,0.00000,0.00000,0.16667,0.16667,0.16667,0.16667,0.16667,0.16667,,,,,,,,,,0.33333,,0.4006010171058714,,,,,,,,,,,,,,
166,1,,,,,,,,,,1.0:172803,,yes,,,,,,,,,,,,,,0.00000,0.00000,0.00000,0.00000,0.00000,0.00000,0.00000,0.00000,0.00000,0.00000,0.00000,0.00000,0.16667,0.16667,0.16667,0.16667,0.16667,0.16667,,,,,,,,,,0.33333,,0.4006010171058714,,,,,,,,,,,,,,
167,1,,,,,,,,,,1.0:172804,,yes,,,,,,,,,,,,,,0.00000,0.00000,0.00000,0.00000,0.00000,0.00000,0.00000,0.00000,0.00000,0.00000,0.00000,0.00000,0.16667,0.16667,0.16667,0.16667,0.16667,0.16667,,,,,,,,,,0.33333,,0.4006010171058714,,,,,,,,,,,,,,
168,1,,,,,,,,,,1.0:172805,,yes,,,,,,,,,,,,,,0.00000,0.00000,0.00000,0.00000,0.00000,0.00000,0.00000,0.00000,0.00000,0.00000,0.00000,0.00000,0.16667,0.16667,0.16667,0.16667,0.16667,0.16667,,,,,,,,,,0.33333,,0.4006010171058714,,,,,,,,,,,,,,
169,1,,,yes,,,,,,,,,,,,,,,,,,,,,,,0.33333,0.33333,0.33333,0.00000,0.00000,0.00000,0.00000,0.00000,0.00000,0.00000,0.00000,0.00000,0.00000,0.00000,0.00000,0.00000,0.00000,0.00000,,,1.2018030513176143,,,,,,,,,,,,,,,,,,,,,,,
170,1,,,yes,,,,,,,,,,,,,,,,,,,,,,,0.33333,0.33333,0.33333,0.00000,0.00000,0.00000,0.00000,0.00000,0.00000,0.00000,0.00000,0.00000,0.00000,0.00000,0.00000,0.00000,0.00000,0.00000,,,1.2018030513176143,,,,,,,,,,,,,,,,,,,,,,,
171,1,,,yes,,,,,,,,,,,,,,,,,,,,,,,0.33333,0.33333,0.33333,0.00000,0.00000,0.00000,0.00000,0.00000,0.00000,0.00000,0.00000,0.00000,0.00000,0.00000,0.00000,0.00000,0.00000,0.00000,,,1.2018030513176143,,,,,,,,,,,,,,,,,,,,,,,
172,1,,,yes,,,,,,,,,,,,,,,,,,,,,,,0.33333,0.33333,0.33333,0.00000,0.00000,0.00000,0.00000,0.00000,0.00000,0.00000,0.00000,0.00000,0.00000,0.00000,0.00000,0.00000,0.00000,0.00000,,,1.2018030513176143,,,,,,,,,,,,,,,,,,,,,,,
173,1,,,yes,,,,,,,,,,,,,,,,,,,,,,,0.33333,0.33333,0.33333,0.00000,0.00000,0.00000,0.00000,0.00000,0.00000,0.00000,0.00000,0.00000,0.00000,0.00000,0.00000,0.00000,0.00000,0.00000,,,1.2018030513176143,,,,,,,,,,,,,,,,,,,,,,,
174,1,,,yes,,,,,,,,,,,,,,,,,,,,,,,0.00000,0.50000,0.50000,0.00000,0.00000,0.00000,0.00000,0.00000,0.00000,0.00000,0.00000,0.00000,0.00000,0.00000,0.00000,0.00000,0.00000,0.00000,,,1.2018030513176143,,,,,,,,,,,,,,,,,,,,,,,
175,1,,,yes,,,,,,,,,,,,,,,,,,,,,,,0.25000,0.25000,0.25000,0.00000,0.25000,0.00000,0.00000,0.00000,0.00000,0.00000,0.00000,0.00000,0.00000,0.00000,0.00000,0.00000,0.00000,0.00000,,,1.2018030513176143,,,,,,,,,,,,,,,,,,,,,,,
176,1,,,,yes,,,,,,,,,,,,,,,,,,,,,,0.11111,0.11111,0.11111,0.11111,0.00000,0.00000,0.11111,0.11111,0.11111,0.00000,0.00000,0.00000,0.00000,0.11111,0.00000,0.00000,0.11111,0.00000,,,,0.701051779935275,,,,,,,,,,,,,,,,,,,,,,
177,1,,,,yes,,,,,,,,,,,,,,,,,,,,,,0.11111,0.11111,0.11111,0.11111,0.00000,0.00000,0.11111,0.11111,0.11111,0.00000,0.00000,0.00000,0.00000,0.11111,0.00000,0.00000,0.11111,0.00000,,,,0.701051779935275,,,,,,,,,,,,,,,,,,,,,,
178,1,,,,yes,,,,,,,,,,,,,,,,,,,,,,0.11111,0.11111,0.11111,0.11111,0.00000,0.00000,0.11111,0.11111,0.11111,0.00000,0.00000,0.00000,0.00000,0.11111,0.00000,0.00000,0.11111,0.00000,,,,0.701051779935275,,,,,,,,,,,,,,,,,,,,,,
179,1,,,,yes,,,,,,,,,,,,,,,,,,,,,,0.11111,0.11111,0.11111,0.11111,0.00000,0.00000,0.11111,0.11111,0.11111,0.00000,0.00000,0.00000,0.00000,0.11111,0.00000,0.00000,0.11111,0.00000,,,,0.701051779935275,,,,,,,,,,,,,,,,,,,,,,
180,1,,,,yes,,,,,,,,,,,,,,,,,,,,,,0.11111,0.11111,0.11111,0.11111,0.00000,0.00000,0.11111,0.11111,0.11111,0.00000,0.00000,0.00000,0.00000,0.11111,0.00000,0.00000,0.11111,0.00000,,,,0.701051779935275,,,,,,,,,,,,,,,,,,,,,,
181,1,,,,yes,,,,,,,,,,,,,,,,,,,,,,0.11111,0.11111,0.11111,0.11111,0.00000,0.00000,0.11111,0.11111,0.11111,0.00000,0.00000,0.00000,0.00000,0.11111,0.00000,0.00000,0.11111,0.00000,,,,0.701051779935275,,,,,,,,,,,,,,,,,,,,,,
182,1,,,,yes,,,,,,,,,,,,,,,,,,,,,,0.11111,0.11111,0.11111,0.11111,0.00000,0.00000,0.11111,0.11111,0.11111,0.00000,0.00000,0.00000,0.00000,0.11111,0.00000,0.00000,0.11111,0.00000,,,,0.701051779935275,,,,,,,,,,,,,,,,,,,,,,
183,1,,,,,,1,,,,1.0:172800,,,,,,,,,,,,,,,,0.20000,0.00000,0.00000,0.00000,0.20000,0.00000,0.20000,0.00000,0.00000,0.00000,0.00000,0.00000,0.00000,0.20000,0.00000,0.00000,0.20000,0.00000,,,,,,0.12371501998857795,,,,0.33333,,,,,,,,,,,,,,,,
184,1,,,,,,1,,,,1.0:172800,,,,,,,,,,,,,,,,0.25000,0.00000,0.00000,0.00000,0.00000,0.00000,0.25000,0.00000,0.00000,0.00000,0.00000,0.00000,0.00000,0.25000,0.00000,0.00000,0.25000,0.00000,,,,,,0.12371501998857795,,,,0.33333,,,,,,,,,,,,,,,,
185,1,,,,,,1,,,,1.0:172800,,,,,,,,,,,,,,,,0.25000,0.00000,0.00000,0.00000,0.00000,0.00000,0.25000,0.00000,0.00000,0.00000,0.00000,0.00000,0.00000,0.25000,0.00000,0.00000,0.25000,0.00000,,,,,,0.12371501998857795,,,,0.33333,,,,,,,,,,,,,,,,
186,1,,,,,,1,,,,1.0:172800,,,,,,,,,,,,,,,,0.25000,0.00000,0.00000,0.00000,0.00000,0.00000,0.25000,0.00000,0.00000,0.00000,0.00000,0.00000,0.00000,0.25000,0.00000,0.00000,0.25000,0.00000,,,,,,0.12371501998857795,,,,0.33333,,,,,,,,,,,,,,,,
187,1,,,,,,1,,,,1.0:172800,,,,,,,,,,,,,,,,0.25000,0.00000,0.00000,0.00000,0.00000,0.00000,0.25000,0.00000,0.00000,0.00000,0.00000,0.00000,0.00000,0.25000,0.00000,0.00000,0.25000,0.00000,,,,,,0.12371501998857795,,,,0.33333,,,,,,,,,,,,,,,,
188,1,,,,,,1,,,,1.0:172800,,,,,,,,,,,,,,,,0.25000,0.00000,0.00000,0.00000,0.00000,0.00000,0.25000,0.00000,0.00000,0.00000,0.00000,0.00000,0.00000,0.25000,0.00000,0.00000,0.25000,0.00000,,,,,,0.12371501998857795,,,,0.33333,,,,,,,,,,,,,,,,
189,1,,,,,,1,,,,1.0:172800,,,,,,,,,,,,,,,,0.25000,0.00000,0.00000,0.00000,0.00000,0.00000,0.25000,0.00000,0.00000,0.00000,0.00000,0.00000,0.00000,0.25000,0.00000,0.00000,0.25000,0.00000,,,,,,0.12371501998857795,,,,0.33333,,,,,,,,,,,,,,,,
190,1,,,,,,1,,,,1.0:172800,,,,,,,,,,,,,,,,0.00000,0.00000,0.00000,0.00000,0.25000,0.00000,0.25000,0.00000,0.00000,0.00000,0.00000,0.00000,0.00000,0.25000,0.00000,0.00000,0.25000,0.00000,,,,,,0.12371501998857795,,,,0.33333,,,,,,,,,,,,,,,,
191,1,,,,,,>1,,,,,,,,,,,,,,,,,,,,0.00000,0.14286,0.14286,0.14286,0.14286,0.00000,0.00000,0.00000,0.00000,0.00000,0.00000,0.00000,0.14286,0.14286,0.14286,0.00000,0.00000,0.00000,,,,,,0.33650485436893207,,,,,,,,,,,,,,,,,,,,
192,1,,,,,,>1,,,,,,,,,,,,,,,,,,,,0.00000,0.14286,0.14286,0.14286,0.14286,0.00000,0.00000,0.00000,0.00000,0.00000,0.00000,0.00000,0.14286,0.14286,0.14286,0.00000,0.00000,0.00000,,,,,,0.33650485436893207,,,,,,,,,,,,,,,,,,,,
193,1,,,,,,>1,,,,,,,,,,,,,,,,,,,,0.00000,0.14286,0.14286,0.14286,0.14286,0.00000,0.00000,0.00000,0.00000,0.00000,0.00000,0.00000,0.14286,0.14286,0.14286,0.00000,0.00000,0.00000,,,,,,0.33650485436893207,,,,,,,,,,,,,,,,,,,,
194,1,,,,,,>1,,,,,,,,,,,,,,,,,,,,0.00000,0.14286,0.14286,0.14286,0.14286,0.00000,0.00000,0.00000,0.00000,0.00000,0.00000,0.00000,0.14286,0.14286,0.14286,0.00000,0.00000,0.00000,,,,,,0.33650485436893207,,,,,,,,,,,,,,,,,,,,
195,1,,,,,,>1,,,,,,,,,,,,,,,,,,,,0.00000,0.14286,0.14286,0.14286,0.14286,0.00000,0.00000,0.00000,0.00000,0.00000,0.00000,0.00000,0.14286,0.14286,0.14286,0.00000,0.00000,0.00000,,,,,,0.33650485436893207,,,,,,,,,,,,,,,,,,,,
196,1,,,,,,>1,,,,,,,,,,,,,,,,,,,,0.00000,0.14286,0.14286,0.14286,0.14286,0.00000,0.00000,0.00000,0.00000,0.00000,0.00000,0.00000,0.14286,0.14286,0.14286,0.00000,0.00000,0.00000,,,,,,0.33650485436893207,,,,,,,,,,,,,,,,,,,,
197,1,,,,,,>1,,,,,,,,,,,,,,,,,,,,0.00000,0.14286,0.14286,0.14286,0.14286,0.00000,0.00000,0.00000,0.00000,0.00000,0.00000,0.00000,0.14286,0.14286,0.14286,0.00000,0.00000,0.00000,,,,,,0.33650485436893207,,,,,,,,,,,,,,,,,,,,
198,1,,,,,,>1,,,,>7200,,,,,,,,,,,,,,,,0.00000,0.00000,0.00000,0.33333,0.33333,0.00000,0.00000,0.00000,0.00000,0.00000,0.00000,0.00000,0.00000,0.33333,0.00000,0.00000,0.00000,0.00000,,,,,,0.33650485436893207,,,,0.33333,,,,,,,,,,,,,,,,
199,1,,,,,,>1,,,,>7200,,,,,,,,,,,,,,,,0.00000,0.00000,0.00000,0.50000,0.50000,0.00000,0.00000,0.00000,0.00000,0.00000,0.00000,0.00000,0.00000,0.00000,0.00000,0.00000,0.00000,0.00000,,,,,,0.33650485436893207,,,,0.33333,,,,,,,,,,,,,,,,
200,1,,,,,,>1,,,,>7200,,,,,,,,,,,,,,,,0.00000,0.00000,0.00000,0.50000,0.50000,0.00000,0.00000,0.00000,0.00000,0.00000,0.00000,0.00000,0.00000,0.00000,0.00000,0.00000,0.00000,0.00000,,,,,,0.33650485436893207,,,,0.33333,,,,,,,,,,,,,,,,
201,1,,,,,,>1,,,,>7200,,,,,,,,,,,,,,,,0.00000,0.00000,0.00000,0.50000,0.50000,0.00000,0.00000,0.00000,0.00000,0.00000,0.00000,0.00000,0.00000,0.00000,0.00000,0.00000,0.00000,0.00000,,,,,,0.33650485436893207,,,,0.33333,,,,,,,,,,,,,,,,
202,1,,,,,,>1,,,,>7200,,,,,,,,,,,,,,,,0.00000,0.00000,0.00000,0.50000,0.50000,0.00000,0.00000,0.00000,0.00000,0.00000,0.00000,0.00000,0.00000,0.00000,0.00000,0.00000,0.00000,0.00000,,,,,,0.33650485436893207,,,,0.33333,,,,,,,,,,,,,,,,
203,1,,,,,,>1,,,,>7200,,,,,,,,,,,,,,,,0.00000,0.00000,0.00000,0.50000,0.50000,0.00000,0.00000,0.00000,0.00000,0.00000,0.00000,0.00000,0.00000,0.00000,0.00000,0.00000,0.00000,0.00000,,,,,,0.33650485436893207,,,,0.33333,,,,,,,,,,,,,,,,
204,1,,,,,,>1,,,,>7200,,,,,,,,,,,,,,,,0.00000,0.00000,0.00000,0.50000,0.50000,0.00000,0.00000,0.00000,0.00000,0.00000,0.00000,0.00000,0.00000,0.00000,0.00000,0.00000,0.00000,0.00000,,,,,,0.33650485436893207,,,,0.33333,,,,,,,,,,,,,,,,
205,1,,,,,,>1,,,,1.0:172800,,,,,,,,,,,,,,,,0.20000,0.20000,0.00000,0.00000,0.00000,0.00000,0.00000,0.00000,0.00000,0.00000,0.00000,0.00000,0.20000,0.20000,0.00000,0.00000,0.20000,0.00000,,,,,,0.33650485436893207,,,,0.33333,,,,,,,,,,,,,,,,
206,1,,,,,,>1,,,,1.0:172800,,,,,,,,,,,,,,,,0.00000,0.00000,0.00000,0.00000,0.00000,0.00000,0.00000,0.00000,0.00000,0.00000,0.00000,0.00000,0.33333,0.33333,0.00000,0.00000,0.33333,0.00000,,,,,,0.33650485436893207,,,,0.33333,,,,,,,,,,,,,,,,
207,1,,,,,,>1,,,,1.0:172800,,,,,,,,,,,,,,,,0.00000,0.00000,0.00000,0.00000,0.00000,0.00000,0.00000,0.00000,0.00000,0.00000,0.00000,0.00000,0.33333,0.33333,0.00000,0.00000,0.33333,0.00000,,,,,,0.33650485436893207,,,,0.33333,,,,,,,,,,,,,,,,
208,1,,,,,,>1,,,,1.0:172800,,,,,,,,,,,,,,,,0.00000,0.00000,0.00000,0.00000,0.00000,0.00000,0.00000,0.00000,0.00000,0.00000,0.00000,0.00000,0.33333,0.33333,0.00000,0.00000,0.33333,0.00000,,,,,,0.33650485436893207,,,,0.33333,,,,,,,,,,,,,,,,
209,1,,,,,,>1,,,,1.0:172800,,,,,,,,,,,,,,,,0.00000,0.00000,0.00000,0.00000,0.00000,0.00000,0.00000,0.00000,0.00000,0.00000,0.00000,0.00000,0.33333,0.33333,0.00000,0.00000,0.33333,0.00000,,,,,,0.33650485436893207,,,,0.33333,,,,,,,,,,,,,,,,
210,1,,,,,,>1,,,,1.0:172800,,,,,,,,,,,,,,,,0.00000,0.00000,0.00000,0.00000,0.00000,0.00000,0.00000,0.00000,0.00000,0.00000,0.00000,0.00000,0.33333,0.33333,0.00000,0.00000,0.33333,0.00000,,,,,,0.33650485436893207,,,,0.33333,,,,,,,,,,,,,,,,
211,1,,,,,,>1,,,,1.0:172800,,,,,,,,,,,,,,,,0.00000,0.25000,0.00000,0.00000,0.00000,0.00000,0.00000,0.00000,0.00000,0.00000,0.00000,0.00000,0.25000,0.25000,0.00000,0.00000,0.25000,0.00000,,,,,,0.33650485436893207,,,,0.33333,,,,,,,,,,,,,,,,
212,1,,,,,,,,,,,,,,1.0:3,,,,,,,,,,,,0.00000,0.50000,0.50000,0.00000,0.00000,0.00000,0.00000,0.00000,0.00000,0.00000,0.00000,0.00000,0.00000,0.00000,0.00000,0.00000,0.00000,0.00000,,,,,,,,,,,,,,0.33650485436893207,,,,,,,,,,,,
213,1,,,,,,,,,,,,,,1.0:3,,,,,,,,,,,,0.00000,0.33333,0.33333,0.00000,0.00000,0.00000,0.00000,0.00000,0.33333,0.00000,0.00000,0.00000,0.00000,0.00000,0.00000,0.00000,0.00000,0.00000,,,,,,,,,,,,,,0.33650485436893207,,,,,,,,,,,,
214,1,,,,,,,,,,,,,,1.0:3,,,,,,,,,,,,0.00000,0.11111,0.11111,0.11111,0.00000,0.00000,0.11111,0.11111,0.11111,0.00000,0.00000,0.00000,0.11111,0.11111,0.00000,0.00000,0.11111,0.00000,,,,,,,,,,,,,,0.33650485436893207,,,,,,,,,,,,
215,1,,,,,,,,,,,,,,4.0:10,,,,,,,,,,,,0.00000,0.16667,0.00000,0.00000,0.00000,0.00000,0.16667,0.16667,0.00000,0.00000,0.00000,0.00000,0.16667,0.16667,0.00000,0.00000,0.16667,0.00000,,,,,,,,,,,,,,0.12018030513176144,,,,,,,,,,,,
216,1,,,,,,,,,,,,,,4.0:10,,,,,,,,,,,,0.00000,0.14286,0.14286,0.14286,0.14286,0.00000,0.14286,0.14286,0.14286,0.00000,0.00000,0.00000,0.00000,0.00000,0.00000,0.00000,0.00000,0.00000,,,,,,,,,,,,,,0.12018030513176144,,,,,,,,,,,,
217,1,,,,,,,,,,,,,,4.0:10,,,,,,,,,,,,0.00000,0.50000,0.00000,0.00000,0.00000,0.00000,0.00000,0.00000,0.00000,0.00000,0.00000,0.00000,0.00000,0.50000,0.00000,0.00000,0.00000,0.00000,,,,,,,,,,,,,,0.12018030513176144,,,,,,,,,,,,
218,1,,,,,,,,,,,,,,> 10,,,,,,,,,,,,0.00000,0.50000,0.00000,0.00000,0.00000,0.00000,0.00000,0.00000,0.00000,0.00000,0.00000,0.00000,0.00000,0.50000,0.00000,0.00000,0.00000,0.00000,,,,,,,,,,,,,,2.1031553398058254,,,,,,,,,,,,
219,1,,,,,,,,,,,,,,> 10,,,,,,,,,,,,0.00000,0.00000,0.00000,0.00000,0.00000,0.00000,0.50000,0.50000,0.00000,0.00000,0.00000,0.00000,0.00000,0.00000,0.00000,0.00000,0.00000,0.00000,,,,,,,,,,,,,,2.1031553398058254,,,,,,,,,,,,
220,1,,,,,,,,,,,,,,> 10,,,,,,,,,,,,0.00000,0.00000,0.00000,0.00000,0.33333,0.00000,0.33333,0.33333,0.00000,0.00000,0.00000,0.00000,0.00000,0.00000,0.00000,0.00000,0.00000,0.00000,,,,,,,,,,,,,,2.1031553398058254,,,,,,,,,,,,
221,1,,,,,,,,,,,,,,> 10,,,,,,,,,,,,0.00000,0.00000,0.00000,0.16667,0.00000,0.00000,0.16667,0.16667,0.00000,0.00000,0.00000,0.00000,0.16667,0.16667,0.00000,0.00000,0.16667,0.00000,,,,,,,,,,,,,,2.1031553398058254,,,,,,,,,,,,
222,1,,,,,,,,,,,,,,,,"[continuous, discrete, ordinal, nominal]",,,,,,,,,,0.00000,0.20000,0.00000,0.20000,0.00000,0.00000,0.20000,0.00000,0.00000,0.00000,0.00000,0.00000,0.00000,0.20000,0.00000,0.00000,0.20000,0.00000,,,,,,,,,,,,,,,,0.7647837599293911,,,,,,,,,,
223,1,,,,,,,,,,,,,,,,"[continuous, discrete, ordinal, nominal]",,,,,,,,,,0.00000,0.00000,0.00000,0.00000,0.00000,0.00000,0.00000,0.00000,0.00000,0.00000,0.00000,0.00000,0.00000,0.00000,0.00000,0.00000,1.00000,0.00000,,,,,,,,,,,,,,,,0.7647837599293911,,,,,,,,,,
224,1,,,,,,,,,,,,,,,,"[continuous, discrete, ordinal, nominal]",,,,,,,,,,0.00000,0.33333,0.33333,0.00000,0.00000,0.00000,0.00000,0.00000,0.00000,0.00000,0.00000,0.00000,0.00000,0.33333,0.00000,0.00000,0.00000,0.00000,,,,,,,,,,,,,,,,0.7647837599293911,,,,,,,,,,
225,1,,,,,,,,,,,,,,,,,,,,,,,Online,,,0.20000,0.00000,0.00000,0.00000,0.00000,0.00000,0.00000,0.00000,0.00000,0.00000,0.00000,0.00000,0.20000,0.20000,0.20000,0.00000,0.20000,0.00000,,,,,,,,,,,,,,,,,,,,,,,1.40210355987055,,,
226,1,,,,,,,,,,,,,,,,,,,,,,,Online,,,0.20000,0.00000,0.00000,0.00000,0.00000,0.00000,0.00000,0.00000,0.00000,0.00000,0.00000,0.00000,0.20000,0.20000,0.20000,0.00000,0.20000,0.00000,,,,,,,,,,,,,,,,,,,,,,,1.40210355987055,,,
227,1,,,,,,,,,,,,,,,,,,,,,,,Online,,,0.20000,0.00000,0.00000,0.00000,0.00000,0.00000,0.00000,0.00000,0.00000,0.00000,0.00000,0.00000,0.20000,0.20000,0.20000,0.00000,0.20000,0.00000,,,,,,,,,,,,,,,,,,,,,,,1.40210355987055,,,
228,1,,,,,,,,,,,,,,,,,,,,,,,Online,,,0.20000,0.00000,0.00000,0.00000,0.00000,0.00000,0.00000,0.00000,0.00000,0.00000,0.00000,0.00000,0.20000,0.20000,0.20000,0.00000,0.20000,0.00000,,,,,,,,,,,,,,,,,,,,,,,1.40210355987055,,,
229,1,,,,,,,,,,,,,,,,,,,,,,,Online,,,0.20000,0.00000,0.00000,0.00000,0.00000,0.00000,0.00000,0.00000,0.00000,0.00000,0.00000,0.00000,0.20000,0.20000,0.20000,0.00000,0.20000,0.00000,,,,,,,,,,,,,,,,,,,,,,,1.40210355987055,,,
230,1,,,,,,,,,,,,,,,,,,,,,,,Online,,,0.20000,0.00000,0.00000,0.00000,0.00000,0.00000,0.00000,0.00000,0.00000,0.00000,0.00000,0.00000,0.20000,0.20000,0.20000,0.00000,0.20000,0.00000,,,,,,,,,,,,,,,,,,,,,,,1.40210355987055,,,
231,1,medium,medium,,,,1,,,,1.0:86400,Convolutional Neural Net,no,,,,,,,Image Data,>50000,,yes,,Multiclass Classification,Image Recognition,0.50000,0.25000,0.25000,0.00000,0.00000,0.00000,0.00000,0.00000,0.00000,0.00000,0.00000,0.00000,0.00000,0.00000,0.00000,0.00000,0.00000,0.00000,2.8042071197411,0.701051779935275,,,,0.12371501998857795,,,,0.33333,0.4673678532901834,0.5257888349514563,,,,,,,0.15872870489100566,8.412621359223301,,0.6009015256588072,,0.12556151282422837,0.1502253814147018,
232,1,high,high,,,Linux,>1,,,,>1296000,Convolutional Neural Net,no,,,,,,,Image Data,>100000,,yes,,Object Detection,Object Detection,0.20000,0.00000,0.40000,0.40000,0.00000,0.00000,0.00000,0.00000,0.00000,0.00000,0.00000,0.00000,0.00000,0.00000,0.00000,0.00000,0.00000,0.00000,0.42063106796116506,0.9347357065803668,,,2.8042071197411,0.33650485436893207,,,,0.33333,0.4673678532901834,0.5257888349514563,,,,,,,0.15872870489100566,0.8412621359223301,,0.6009015256588072,,8.412621359223301,8.412621359223301,
233,1,high,low,,,,>1,,,,>1296000,Convolutional Neural Net,no,,,,,,,Image Data,,,yes,,Multiclass Classification,Image Recognition,0.20000,0.00000,0.00000,0.10000,0.10000,0.00000,0.00000,0.00000,0.00000,0.00000,0.00000,0.00000,0.00000,0.00000,0.40000,0.00000,0.20000,0.00000,0.42063106796116506,4.206310679611651,,,,0.33650485436893207,,,,0.33333,0.4673678532901834,0.5257888349514563,,,,,,,0.15872870489100566,,,0.6009015256588072,,0.12556151282422837,0.1502253814147018,
234,1,high,medium,no,yes,Windows,1,Process Parameter Prediction,,>200,>172800,LSTM,no,,,,"[continuous, discrete, ordinal, nominal]",,,Tabular Data ,>1000000,1.0:4,yes,Offline,Regression,Time Series Prediction,0.12500,0.12500,0.00000,0.00000,0.00000,0.00000,0.12500,0.12500,0.12500,0.00000,0.00000,0.00000,0.12500,0.12500,0.00000,0.00000,0.12500,0.00000,0.42063106796116506,0.701051779935275,1.40210355987055,0.701051779935275,2.1031553398058254,0.12371501998857795,0.9347357065803668,,0.33333,0.33333,8.412621359223301,0.5257888349514563,,,,0.7647837599293911,,,1.40210355987055,2.1031553398058254,0.20518588681032443,0.6009015256588072,0.0731532292106374,0.4673678532901834,0.7647837599293911,
235,1,medium,medium,no,yes,Windows,1,Predictive Quality,,,7200.0:172800,Random Forest,yes,yes,,,"[continuous, discrete, ordinal, nominal]",,,Tabular Data ,1000.0:10000,1.0:4,no,Offline,Binary Classification,Time Series Prediction,0.20000,0.00000,0.00000,0.00000,0.00000,0.00000,0.20000,0.00000,0.20000,0.00000,0.00000,0.00000,0.00000,0.20000,0.00000,0.00000,0.20000,0.00000,2.8042071197411,0.701051779935275,1.40210355987055,0.701051779935275,2.1031553398058254,0.12371501998857795,0.323562359970127,,,0.33333,0.4948600799543118,0.4006010171058714,0.27137488255559034,,,0.7647837599293911,,,1.40210355987055,4.206310679611651,0.20518588681032443,1.40210355987055,0.0731532292106374,0.323562359970127,0.7647837599293911,
236,1,medium,medium,no,yes,Windows,1,Predictive Maintenance,,,>172800,Random Forest,no,yes,,,"[continuous, discrete, ordinal, nominal]",,,Tabular Data ,>1000000,1.0:4,yes,Offline,Multiclass Classification,,0.14286,0.00000,0.00000,0.00000,0.00000,0.00000,0.14286,0.14286,0.14286,0.00000,0.00000,0.00000,0.14286,0.14286,0.00000,0.00000,0.14286,0.00000,2.8042071197411,0.701051779935275,1.40210355987055,0.701051779935275,2.1031553398058254,0.12371501998857795,0.4006010171058714,,,0.33333,0.4948600799543118,0.5257888349514563,0.27137488255559034,,,0.7647837599293911,,,1.40210355987055,2.1031553398058254,0.20518588681032443,0.6009015256588072,0.0731532292106374,0.12556151282422837,,
237,1,high,medium,no,yes,Linux,>1,Predictive Quality,,,7200.0:172800,XGBoost,no,,,,"[continuous, discrete, ordinal, nominal]",,,Tabular Data ,>1000000,>4,yes,Offline,Multiclass Classification,,0.25000,0.00000,0.00000,0.00000,0.00000,0.00000,0.00000,0.00000,0.25000,0.00000,0.00000,0.00000,0.00000,0.25000,0.00000,0.00000,0.25000,0.00000,0.42063106796116506,0.701051779935275,1.40210355987055,0.701051779935275,2.8042071197411,0.33650485436893207,0.323562359970127,,,0.33333,0.9347357065803668,0.5257888349514563,,,,0.7647837599293911,,,1.40210355987055,2.1031553398058254,0.44276954522227896,0.6009015256588072,0.0731532292106374,0.12556151282422837,,
238,1,high,medium,no,no,Windows,1,Process Design,,>200,7200.0:172800,Random Forest,yes,yes,,,"[continuous, discrete, ordinal, nominal]",,,Tabular Data ,1000.0:10000,1.0:4,yes,Offline,Binary Classification,,0.33333,0.33333,0.00000,0.00000,0.00000,0.00000,0.00000,0.00000,0.33333,0.00000,0.00000,0.00000,0.00000,0.00000,0.00000,0.00000,0.00000,0.00000,0.42063106796116506,0.701051779935275,1.40210355987055,8.412621359223301,2.1031553398058254,0.12371501998857795,8.412621359223301,,0.33333,0.33333,0.4948600799543118,0.4006010171058714,0.27137488255559034,,,0.7647837599293911,,,1.40210355987055,4.206310679611651,0.20518588681032443,0.6009015256588072,0.0731532292106374,0.323562359970127,,
239,1,high,high,no,yes,Linux,>1,Process Parameter Prediction,,>200,>172800,Gradient Boosting Machine,no,,,yes,"[continuous, discrete, ordinal, nominal]",,,Tabular Data ,>1000000,1.0:4,yes,Offline,Regression,Time Series Prediction,0.14286,0.00000,0.00000,0.00000,0.00000,0.00000,0.14286,0.14286,0.14286,0.00000,0.00000,0.00000,0.14286,0.14286,0.00000,0.00000,0.14286,0.00000,0.42063106796116506,0.9347357065803668,1.40210355987055,0.701051779935275,2.8042071197411,0.33650485436893207,0.9347357065803668,,0.33333,0.33333,8.412621359223301,0.5257888349514563,,,0.323562359970127,0.7647837599293911,,,1.40210355987055,2.1031553398058254,0.20518588681032443,0.6009015256588072,0.0731532292106374,0.4673678532901834,0.7647837599293911,
240,1,,,,,,,,,,,,yes,,,,,,,,>100000,1.0:4,yes,Offline,Regression,Time Series Prediction,0.12500,0.12500,0.00000,0.00000,0.00000,0.00000,0.12500,0.12500,0.12500,0.00000,0.00000,0.00000,0.12500,0.12500,0.00000,0.00000,0.12500,0.00000,,,,,,,,,,,,0.4006010171058714,,,,,,,,0.8412621359223301,0.20518588681032443,0.6009015256588072,0.0731532292106374,0.4673678532901834,0.7647837599293911,
241,1,,,,,,,,,,,,,,,,,yes,,,,,,,,,0.00000,0.00000,0.00000,0.14286,0.00000,0.00000,0.14286,0.14286,0.14286,0.00000,0.14286,0.00000,0.00000,0.14286,0.00000,0.00000,0.14286,0.00000,,,,,,,,,,,,,,,,,8.412621359223301,,,,,,,,,
242,1,,low,,,,,,,,,,,,,,,,,,,,,,,,1.00000,0.00000,0.00000,0.00000,0.00000,0.00000,0.00000,0.00000,0.00000,0.00000,0.00000,0.00000,0.00000,0.00000,0.00000,0.00000,0.00000,0.00000,,4.206310679611651,,,,,,,,,,,,,,,,,,,,,,,,
243,1000,,,,,,,,,,,,,,,yes,,,,,,,,,,,1,1,1,1,1,1,1,1,0,1,1,1,1,1,1,1,1,1,,,,,,,,,,,,,,,0.323562359970127,,,,,,,,,,,
244,1000,,,must,,,,,,,,,,,,,,,,,,,,,,,1,1,1,0,0,0,0,0,0,0,0,0,0,0,0,0,0,0,,,8.412621359223301,,,,,,,,,,,,,,,,,,,,,,,
245,1000,,,,must,,,,,,,,,,,,,,,,,,,,,,1,1,1,1,0,0,1,1,1,0,0,0,0,1,0,0,1,0,,,,8.412621359223301,,,,,,,,,,,,,,,,,,,,,,
