,A_UR: quality demands,A_User's programming ability,A_UR: need for model transparency,A_UR: Availability of a well documented library,A_UR: Computer operating system,A_Access to parallel computing,A_Production use case,A_Number of maximum function evaluations/ trials budget,A_Running time per trial [s],A_Number of kernels used,A_Total Computing Time [s],A_Machine Learning Algorithm,A_Obtainability of good approximate,A_Supports parallel evaluations,A_Usage of one-hot encoding for cat. features,A_Dimensionality of HPs,A_Conditional HP space,A_HP datatypes,A_Availability of a warm-start HP configuration,A_Obtainability of gradients,A_Input Data,A_#Instances training dataset,A_Ratio training to test dataset,A_Dataset balance,A_Ratio positive to negative targets,A_Noise in dataset,A_Training Technique,A_ML task,A_Detailed ML task,D_Default Values,D_Random Search,D_Grid Search,D_CMA-ES,D_PBT,D_HOAG (Gradient based),D_SMAC,D_TPE,D_GPBO,D_MTBO,D_BOHAMIANN,D_DNGO,D_SHA,D_HB,D_ASHA,D_Fabolas,D_BOHB,D_HB-LCNet,del_UR: quality demands,del_User's programming ability,del_UR: need for model transparency,del_UR: Availability of a well documented library,del_UR: Computer operating system,del_Access to parallel computing,del_Production use case,del_Number of maximum function evaluations/ trials budget,del_Running time per trial [s],del_Number of kernels used,del_Total Computing Time [s],del_Machine Learning Algorithm,del_Obtainability of good approximate,del_Supports parallel evaluations,del_Usage of one-hot encoding for cat. features,del_Dimensionality of HPs,del_Conditional HP space,del_HP datatypes,del_Availability of a warm-start HP configuration,del_Obtainability of gradients,del_Input Data,del_#Instances training dataset,del_Ratio training to test dataset,del_Dataset balance,del_Ratio positive to negative targets,del_Noise in dataset,del_Training Technique,del_ML task,del_Detailed ML task,Antecedent_Importance
1,low,,,,,,Predictive Quality,,,,,,,yes,,,,,,,,,,,,,,,,1.00000,,,,,,,,,,,,,,,,,,2.1990452492549935,,,,,,0.08457866343288438,,,,,,,0.07093694352435463,,,,,,,,,,,,,,,,UR: quality demands_AI:_1
2,high,,,,,,Predictive Quality,,,,>86400,,,,,,,,,,,,,,,,,,,,1.00000,,,,,,,,,,,,,,,,,0.20091751799824817,,,,,,0.17773472745998878,,,,2.310551456979854,,,,,,,,,,,,,,,,,,,User's programming ability_AI:_1
3,high,high,,,,,Predictive Quality,,,,1.0:86400,,,,,,,,,,,,,,,,,,,,,,,,1.00000,,,,,,,,,,,,,1.5145295588175627,3.870464428089327,,,,,1.3397761481847672,,,,2.3222786568535962,,,,,,,,,,,,,,,,,,,UR: need for model transparency_AI:_1
4,high,high,,,,,Predictive Quality,,,,1.0:86400,,yes,,,,,,,,,,,,,,,,,,,,,,,,,,,,,,,,0.33333,0.33333,0.33333,1.6926757384105662,4.325726887049225,,,,,1.4973669993631933,,,,2.595436132229535,,2.595436132229535,,,,,,,,,,,,,,,,,UR: Availability of a well documented library_AI:_1
5,high,medium,,,,,Predictive Quality,>100,,,1.0:86400,,,no,,,,[continuous],,,,,,,,,,,,,,,0.50000,0.50000,,,,,,,,,,,,,,0.7028416363606506,1.469577966935906,,,,,0.6217445244728833,3.233071527258993,,,1.077690509086331,,,2.6942262727158273,,,,0.5051674261342176,,,,,,,,,,,,UR: Computer operating system_AI:_1
6,high,medium,,,,,Predictive Quality,>100,,,1.0:86400,,,no,,,,"[discrete, ordinal, nominal]",,,,,,,,,,,,,,,,,,0.50000,0.50000,,,,,,,,,,,0.5637556427139635,1.1787617984019239,,,,,0.49870691470850625,2.5932759564842325,,,0.8644253188280775,,,2.1610632970701937,,,,3.2415949456052906,,,,,,,,,,,,Access to parallel computing_AI:_1
7,high,medium,,,,,Predictive Quality,<100,,,1.0:86400,,,no,,,,,,,,,,,,,,,,,,,,,,0.50000,0.50000,,,,,,,,,,,0.8182240539760941,1.710832112859106,,,,,0.7238135862096218,3.136525540241694,,,1.2546102160966777,,,3.136525540241694,,,,,,,,,,,,,,,,Production use case_AI:_1
8,high,medium,,,,,Predictive Quality,,,,1.0:86400,,,yes,,>10,,"[discrete, ordinal, nominal]",,,,,,,,,,,,,,,,,,0.50000,0.50000,,,,,,,,,,,0.6051425537308818,1.2652980668918437,,,,,0.5353184129157801,,,,0.9278852490540187,,,0.44897673341323485,,0.5567311494324112,,3.47956968395257,,,,,,,,,,,,Number of maximum function evaluations/ trials budget_AI:_1
9,high,medium,,,,,Predictive Quality,,,,1.0:86400,,,yes,,1.0:10,,[continuous],,,,,,,,,,,,,,,,,,,,1.00000,,,,,,,,,,0.776465361640651,1.6235184834304524,,,,,0.6868732045282683,,,,1.1905802211823315,,,0.5760872037979023,,3.5717406635469953,,0.558084478679218,,,,,,,,,,,,Running time per trial [s]_AI:_1
10,high,high,,,,,Predictive Quality,>100,,,1.0:86400,,no,no,,,,[continuous],,no,,,,,,,,,,,,,0.50000,0.50000,,,,,,,,,,,,,,0.6626224312670175,1.6933684354601557,,,,,0.586165996890054,3.0480631838282806,,,1.0160210612760936,,0.9525197449463376,2.5400526531902337,,,,0.4762598724731688,,3.0480631838282806,,,,,,,,,,Number of kernels used_AI:_1
11,high,high,,,,,Predictive Quality,>100,,,1.0:86400,,no,no,,,,"[discrete, ordinal, nominal]",,no,,,,,,,,,,,,,,,,0.50000,0.50000,,,,,,,,,,,0.5820063699157488,1.4873496120069136,,,,,0.514851788771624,2.6772293016124444,,,0.8924097672041481,,0.8366341567538889,2.2310244180103704,,,,3.3465366270155554,,2.6772293016124444,,,,,,,,,,Total Computing Time [s]_AI:_1
12,high,high,,,,,Predictive Quality,<100,,,1.0:86400,,no,no,,,,,,no,,,,,,,,,,,,,,,,0.50000,0.50000,,,,,,,,,,,0.7332731976555957,1.8739203940087445,,,,,0.6486647517722578,2.8108805910131167,,,1.1243522364052467,,1.0540802216299188,2.8108805910131167,,,,,,3.3730567092157404,,,,,,,,,,Machine Learning Algorithm_AI:_1
13,high,high,,,,,Predictive Quality,,,,1.0:86400,,no,yes,,>10,,"[discrete, ordinal, nominal]",,no,,,,,,,,,,,,,,,,0.50000,0.50000,,,,,,,,,,,0.5835034243118018,1.4911754176857157,,,,,0.5161761061219786,,,,0.8947052506114295,,0.8387861724482151,0.43292189545714327,,0.5368231503668577,,3.3551446897928603,,2.6841157518342884,,,,,,,,,,Obtainability of good approximate_AI:_1
14,high,high,,,,,Predictive Quality,,,,1.0:86400,,no,yes,,1.0:10,,[continuous],,no,,,,,,,,,,,,,,,,,,1.00000,,,,,,,,,,0.6736783771941546,1.7216225194961727,,,,,0.5959462567486752,,,,1.0329735116977037,,0.9684126672165971,0.4998258927569534,,3.0989205350931113,,0.48420633360829857,,3.0989205350931113,,,,,,,,,,Supports parallel evaluations_AI:_1
15,,,,,,yes,Predictive Quality,<150,,8,1.0:100,Random Forest,yes,yes,,4.0:10,no,[continuous],,,Tabular Data,1000.0:100000,1.0:4,imbalanced,0.016949,,Offline,Binary Classification,Prediction of Part Failure,1.00000,,,,,,,,,,,,,,,,,,,,,,,0.24969325236539935,0.3553327052892222,1.154831292189972,,0.9238650337519776,1.539775056253296,0.5434500198541045,0.6159100225013183,0.2980209786296702,,0.13586250496352612,0.1015236300826349,0.288707823047493,,,0.21996786517904227,0.14213308211568887,0.22533293506145793,0.48624475460630395,4.619325168759888,,0.08554305868073865,0.3553327052892222,0.577415646094986,Usage of one-hot encoding for cat. features_AI:_1
16,,,,,,yes,Predictive Quality,<150,,8,100.0:4000,Random Forest,yes,yes,,4.0:10,no,[continuous],,,Tabular Data,1000.0:100000,1.0:4,imbalanced,0.016950,,Offline,Binary Classification,Prediction of Part Failure,,0.05882,0.05882,0.05882,0.05882,0.05882,0.05882,0.05882,0.05882,0.05882,0.05882,0.05882,0.05882,0.05882,0.05882,0.05882,0.05882,0.05882,,,,,,0.18866386707923782,0.26848319545891536,0.8725703852414749,,0.6980563081931799,3.4902815409658996,0.41062135776069403,0.4653708721287866,0.22517945425586447,,0.10265533944017351,0.07670948441683297,0.21814259631036872,,,0.16620388290313806,0.10739327818356614,0.17025763614467804,0.36739805694377886,3.4902815409658996,,0.06463484335122036,0.26848319545891536,0.43628519262073745,Dimensionality of HPs_AI:_1
17,,,,,,no,Predictive Quality,<150,,1,1.0:100,Random Forest,yes,yes,,4.0:10,no,[continuous],,,Tabular Data,1000.0:100000,1.0:4,imbalanced,0.016951,,Offline,Binary Classification,Prediction of Part Failure,1.00000,,,,,,,,,,,,,,,,,,,,,,,0.31754631669629935,0.3541862763151032,1.1511053980240853,,0.16743351243986693,1.534807197365447,0.5416966578936872,0.6139228789461788,0.2970594575546026,,0.1354241644734218,0.10119607894717234,0.2877763495060213,,,0.21925817105220669,0.14167451052604127,0.22460593132177273,0.4846759570627727,4.604421592096341,,0.08526706652030261,0.3541862763151032,0.5755526990120426,Conditional HP space_AI:_1
18,,,,,,no,Predictive Quality,<150,,1,100.0:4000,Random Forest,yes,yes,,4.0:10,no,[continuous],,,Tabular Data,1000.0:100000,1.0:4,imbalanced,0.016952,,Offline,Binary Classification,Prediction of Part Failure,,0.05882,0.05882,0.05882,0.05882,0.05882,0.05882,0.05882,0.05882,0.05882,0.05882,0.05882,0.05882,0.05882,0.05882,0.05882,0.05882,0.05882,,,,,,0.23946783617226872,0.26709874034599207,0.8680709061244741,,0.12626485907265078,3.4722836244978965,0.4085039558232819,0.4629711499330529,0.224018298354703,,0.10212598895582048,0.07631392581314059,0.21701772653111853,,,0.16534683926180457,0.10683949613839683,0.1693796889998974,0.3655035394208312,3.4722836244978965,,0.06430154860181289,0.26709874034599207,0.43403545306223706,HP datatypes_AI:_1
19,,,,,,yes,Predictive Quality,<150,,8,1.0:100,Decision Tree,yes,yes,,1.0:3,no,[continuous],,,Tabular Data,1000.0:100000,1.0:4,imbalanced,0.016953,,Offline,Binary Classification,Prediction of Part Failure,,,,1.00000,,,,,,,,,,,,,,,,,,,,0.18863782118388694,0.26844613014630064,0.8724499229754771,,0.6979599383803817,1.1632665639673028,3.4897996919019083,0.4653066255869211,0.22514836721947795,,0.303460842774079,0.07669889432751448,0.21811248074386927,,,0.16618093770961467,0.10737845205852026,0.1702341313122882,0.3673473359896745,3.4897996919019083,,0.06462592022040571,0.26844613014630064,0.43622496148773854,Availability of a warm-start HP configuration_AI:_1
20,,,,,,no,Predictive Quality,<150,,1,1.0:100,Decision Tree,yes,yes,,1.0:3,no,[continuous],,,Tabular Data,1000.0:100000,1.0:4,imbalanced,0.016954,,Offline,Binary Classification,Prediction of Part Failure,,,,1.00000,,,,,,,,,,,,,,,,,,,,0.2391109089048242,0.26670062916307313,0.8667770447799877,,0.1260766610589073,1.1557027263733168,3.467108179119951,0.46228109054932676,0.22368439865290005,,0.30148766774956093,0.07620017976087805,0.21669426119499693,,,0.16510038948190242,0.10668025166522926,0.1691272282497537,0.3649587556968369,3.467108179119951,,0.06420570702073983,0.26670062916307313,0.43338852238999387,Obtainability of gradients_AI:_1
21,,,,,,yes,Predictive Quality,<150,,8,1.0:500,Support Vector Machine,no,yes,,4.0:10,yes,"[continuous, nominal]",,,Tabular Data,1000.0:100000,1.0:4,imbalanced,0.016955,,Offline,Binary Classification,Prediction of Part Failure,,,,,,,,,,,,,,0.50000,,,0.50000,,,,,,,0.09204018602098686,0.1309802647221736,0.4256858603470642,,0.3405486882776514,3.4054868827765135,0.1702743441388257,0.2128429301735321,0.10985441557343592,,0.050080689452595785,0.13621947531106054,0.3783874314196126,,,0.08108302101848841,0.052392105888869445,0.08306065567747595,0.17923615172507965,3.4054868827765135,,0.03153228595163438,0.1309802647221736,0.2128429301735321,Input Data_AI:_1
22,,,,,,yes,Predictive Quality,<150,,8,>500,Support Vector Machine,no,yes,,4.0:10,yes,"[continuous, nominal]",,,Tabular Data,1000.0:100000,1.0:4,imbalanced,0.016956,,Offline,Binary Classification,Prediction of Part Failure,,0.05882,0.05882,0.05882,0.05882,0.05882,0.05882,0.05882,0.05882,0.05882,0.05882,0.05882,0.05882,0.05882,0.05882,0.05882,0.05882,0.05882,,,,,,0.09204018602098686,0.1309802647221736,0.4256858603470642,,0.3405486882776514,3.4054868827765135,0.1702743441388257,0.2128429301735321,0.10985441557343592,,0.050080689452595785,0.13621947531106054,0.3783874314196126,,,0.08108302101848841,0.052392105888869445,0.08306065567747595,0.17923615172507965,3.4054868827765135,,0.03153228595163438,0.1309802647221736,0.2128429301735321,#Instances training dataset_AI:_1
23,,,,,,yes,Predictive Quality,<600,,8,1.0:6000,XGBoost,yes,yes,,4.0:10,yes,"[continuous, discrete, nominal]",,,Tabular Data,<1000,,imbalanced,,,Offline,Binary Classification,Prediction of Part Failure,,,,,,,,,,,,,,0.50000,,,0.50000,,,,,,,0.11133525788524833,0.15843863622131493,2.059702270877094,,0.4119404541754188,4.119404541754188,0.45771161575046526,0.2746269694502792,0.13288401747594153,,0.06057947855520864,0.16477618167016753,0.17910454529366032,,,0.09808106051795684,0.6865674236256979,,0.21681076535548355,,,0.03814263464587211,0.15843863622131493,0.2574627838596367,Ratio training to test dataset_AI:_1
24,,,,,,yes,Predictive Quality,<600,,8,1.0:7000,Random Forest,yes,yes,,4.0:10,no,[continuous],,,Tabular Data,<1000,,imbalanced,,,Offline,Binary Classification,Prediction of Part Failure,,,,,,,,,,,,,,0.50000,,,0.50000,,,,,,,0.11057561890693739,0.1573576115214109,2.0456489497783417,,0.4091297899556683,4.091297899556683,0.2406645823268637,0.27275319330377884,0.13197735159860266,,0.06016614558171592,0.04495931757754597,0.12785305936114635,,,0.09741185475134959,0.6818829832594471,,0.21533146839772013,,,0.03788238795885817,0.1573576115214109,0.2557061187222927,Dataset balance_AI:_1
25,,low,,,,,Predictive Maintenance,,,,,,,,,,,,,,,,,,,,,,,,1.00000,,,,,,,,,,,,,,,,,,2.2105263157894735,,,,,0.21052631578947367,,,,,,,,,,,,,,,,,,,,,,,Ratio positive to negative targets_AI:_1
26,,"[medium, high]",,,,,Predictive Maintenance,,<10,,,,,,,,,,,,,,,,,,,,,,0.50000,,0.25000,0.25000,,,,,,,,,,,,,,,0.2555660013433986,,,,,0.10952828629002798,,2.3000940120905873,,,,,,,,,,,,,,,,,,,,,Noise in dataset_AI:_1
27,,"[medium, high]",,,,,Predictive Maintenance,,>100,,,,,,,,,,,,,,,,,,,,,,,,,,,,,,,,,,,,,1.00000,,,0.2555660013433986,,,,,0.10952828629002798,,2.3000940120905873,,,,,,,,,,,,,,,,,,,,,Training Technique_AI:_1
28,,"[medium, high]",,,,yes,Predictive Maintenance,,10.0:100,,,,,,,,,,,,,,,,,,,,,,,,0.50000,0.50000,,,,,,,,,,,,,,,2.374972686099159,,,,0.5776960587808765,1.0178454368996395,,3.0535363106989184,,,,,,,,,,,,,,,,,,,,,ML task_AI:_1
29,,"[medium, high]",,,,no,Predictive Maintenance,>200,10.0:100,,,,,,,,,,,,,,,,,,,,,,0.50000,,0.25000,0.25000,,,,,,,,,,,,,,,0.30147105793144735,,,,0.09355998349596642,0.1292018819706203,2.7132395213830263,0.38760564591186086,,,,,,,,,,,,,,,,,,,,,Detailed ML task_AI:_1
30,,"[medium, high]",,,,no,Predictive Maintenance,<200,10.0:100,,,,,,,>10,yes,,,,,,,,,,,,,,,,,,,,1.00000,,,,,,,,,,,,2.557434723759652,,,,0.7936866384081679,1.0960434530398508,2.877114064229609,3.2881303591195525,,,,,,,0.9206765005534748,0.9206765005534748,,,,,,,,,,,,,
31,,"[medium, high]",,,,no,Predictive Maintenance,<200,10.0:100,,,,,,,>10,no,,,,,,,,,,,,,,,,,,,1.00000,,,,,,,,,,,,,2.3169383299575186,,,,0.7190498265385403,0.9929735699817936,2.6065556212022085,2.978920709945381,,,,,,,0.8340977987847067,0.2291477469188755,,,,,,,,,,,,,
32,,"[medium, high]",,,,no,Predictive Maintenance,<200,10.0:100,,,,,,,1.0:10,,[continuous],,,,,,,,,,,,,,,,,,,,1.00000,,,,,,,,,,,1.884298845192047,,,,0.5847824002320147,0.8075566479394488,2.119836200841053,2.422669943818346,,,,,,,3.391737921345685,,0.5299590502102632,,,,,,,,,,,,
33,,"[medium, high]",,,,no,Predictive Maintenance,<200,10.0:100,,,,,,,1.0:10,no,"[continuous, discrete, ordinal, nominal]",,,,,,,,,,,,,,,,,,1.00000,,,,,,,,,,,,,1.8905693521296425,,,,0.5867284196264408,0.8102440080555611,2.1268905211458478,2.430732024166683,,,,,,,3.403024833833357,0.18697938647436027,1.8905693521296425,,,,,,,,,,,,
34,,"[medium, high]",,,,no,Predictive Maintenance,<200,10.0:100,,,,,,,1.0:10,yes,,,,,,,,,,,,,,,,,,,,1.00000,,,,,,,,,,,,1.929137737047635,,,,0.5986979183940936,0.8267733158775579,2.1702799541785893,2.4803199476326734,,,,,,,3.4724479266857435,0.6944895853371487,,,,,,,,,,,,,
35,,,,,,no,Predictive Maintenance,,,1,1.0:40,Random Forest,,,,4.0:10,no,"[discrete, nominal]",,,Tabular Data,1000.0:100000,1.0:4,imbalanced,0.016949,,Offline,Binary Classification,Prediction of Part Failure,1.00000,,,,,,,,,,,,,,,,,,,,,,,0.13599722283663973,0.18780568867916914,,,0.07170762658659185,3.943919462262552,0.23199526248603247,,,,0.05799881562150812,0.0433397743105775,0.7887838924525105,,,0.09390284433958457,0.0606756840348085,0.0961931576161598,0.2075747085401343,1.971959731131276,,0.03651777279872733,0.15168921008702124,0.2464949663914095,
36,,,,,,no,Predictive Maintenance,,,1,40.0:700,Random Forest,,,,4.0:10,no,"[discrete, nominal]",,,Tabular Data,1000.0:100000,1.0:4,imbalanced,0.016950,,Offline,Binary Classification,Prediction of Part Failure,,0.25000,,,,,0.25000,0.25000,0.25000,,,,,,,,,,,,,,,0.13599722283663973,0.18780568867916914,,,0.07170762658659185,3.943919462262552,0.23199526248603247,,,,0.05799881562150812,0.0433397743105775,0.7887838924525105,,,0.09390284433958457,0.0606756840348085,0.0961931576161598,0.2075747085401343,1.971959731131276,,0.03651777279872733,0.15168921008702124,0.2464949663914095,
37,,,,,,no,Predictive Maintenance,,,1,700.0:2000,Random Forest,,,,4.0:10,no,"[discrete, nominal]",,,Tabular Data,1000.0:100000,1.0:4,imbalanced,0.016951,,Offline,Binary Classification,Prediction of Part Failure,,,,,,,1.00000,,,,,,,,,,,,,,,,,0.13599722283663973,0.18780568867916914,,,0.07170762658659185,3.943919462262552,0.23199526248603247,,,,0.05799881562150812,0.0433397743105775,0.7887838924525105,,,0.09390284433958457,0.0606756840348085,0.0961931576161598,0.2075747085401343,1.971959731131276,,0.03651777279872733,0.15168921008702124,0.2464949663914095,
38,,,,,,no,Predictive Maintenance,,,1,1.0:1000,Support Vector Machine,,,,4.0:10,no,"[continuous, nominal]",,,Tabular Data,1000.0:100000,1.0:4,imbalanced,0.016952,,Offline,Binary Classification,Prediction of Part Failure,1.00000,,,,,,,,,,,,,,,,,,,,,,,0.2623838206793196,0.362339561890489,,,0.13834783272182305,2.5363769332334227,0.38045653998501344,,,,0.11189898234853336,0.08361682197472824,0.8454589777444742,,,0.1811697809452445,0.11706355076461952,0.18558855609025046,0.4004805684052773,3.8045653998501345,,0.07045491481203953,0.2926588769115488,0.4755706749812668,
39,,,,,,no,Predictive Maintenance,,,1,1000.0:10000,Support Vector Machine,,,,4.0:10,no,"[continuous, nominal]",,,Tabular Data,1000.0:100000,1.0:4,imbalanced,0.016953,,Offline,Binary Classification,Prediction of Part Failure,,,,,,,,,,,,,,,,,,,,,,,,0.22216990811157794,0.3068060635826553,,,0.11714413336792291,3.2214636676178805,0.32214636676178804,,,,0.09474893140052588,0.07080139928830506,0.7158808150261956,,,0.15340303179132764,0.0991219590036271,0.15714456915209174,0.33910143869661896,3.2214636676178805,,0.0596567345855163,0.24780489750906773,0.40268295845223506,
40,,,,,,no,Predictive Maintenance,,,1,10000.0:70000,Support Vector Machine,,,,4.0:10,no,"[continuous, nominal]",,,Tabular Data,1000.0:100000,1.0:4,imbalanced,0.016954,,Offline,Binary Classification,Prediction of Part Failure,,,,,,,,0.50000,0.50000,,,,,,,,,,,,,,,0.13622416582007668,0.18811908613248685,,,0.07182728743240407,3.950500808782224,0.1975250404391112,,,,0.058095600129150354,0.043412096799804664,0.438944534309136,,,0.09405954306624342,0.06077693551972653,0.09635367826298108,0.2079210951990644,1.975250404391112,,0.036578711192428,0.15194233879931632,0.246906300548889,
41,,,,,,no,Predictive Maintenance,,,1,1.0:50,Multilayer Perceptron,,,,4.0:10,no,"[continuous, discrete, nominal]",,,Tabular Data,1000.0:100000,1.0:4,,,,Offline,Regression,Prediction of Remaining Useful Lifetime,1.00000,,,,,,,,,,,,,,,,,,,,,,,0.13632136976891926,0.18825332015707896,,,0.07187854042361197,3.9533197232986583,0.1275264426870535,,,,0.058137054754392035,0.043443073882402844,0.17188346623037645,,,0.09412666007853948,0.06082030343536398,0.09642243227557704,,,,0.03660481225276536,0.21962887351659213,0.9883299308246646,
42,,,,,,no,Predictive Maintenance,,,1,50.0:2000,Multilayer Perceptron,,,,4.0:10,no,"[continuous, discrete, nominal]",,,Tabular Data,1000.0:100000,1.0:4,,,,Offline,Regression,Prediction of Remaining Useful Lifetime,,0.25000,,,,,0.25000,0.25000,0.25000,,,,,,,,,,,,,,,0.13632136976891926,0.18825332015707896,,,0.07187854042361197,3.9533197232986583,0.1275264426870535,,,,0.058137054754392035,0.043443073882402844,0.17188346623037645,,,0.09412666007853948,0.06082030343536398,0.09642243227557704,,,,0.03660481225276536,0.21962887351659213,0.9883299308246646,
43,,,,,,no,Predictive Maintenance,,,1,1.0:100,Support Vector Machine,,,,1.0:3,no,[continuous],,,Tabular Data,1000.0:100000,1.0:4,,,,Offline,Regression,Prediction of Remaining Useful Lifetime,1.00000,,,,,,,,,,,,,,,,,,,,,,,0.5243472577986925,0.7240985941029563,,,0.2764740086574924,2.5343450793603473,0.7603035238081042,,,,0.6611334989635688,0.16709967556222072,0.4751897023800651,,,0.36204929705147815,0.233939545787109,0.37087976771127035,,,,0.14079694885335262,0.8447816931201156,3.8015176190405207,
44,,,,,,no,Predictive Maintenance,,,1,100.0:10000,Support Vector Machine,,,,1.0:3,no,[continuous],,,Tabular Data,1000.0:100000,1.0:4,,,,Offline,Regression,Prediction of Remaining Useful Lifetime,,,,,,,,1.00000,,,,,,,,,,,,,,,,0.13674976540478617,0.18884491413041898,,,0.07210442175888725,3.9657431967387993,0.19828715983693995,,,,0.172423617249513,0.043579595568558234,0.12392947489808748,,,0.09442245706520949,0.06101143379598153,0.09672544382289754,,,,0.03671984441424814,0.22031906648548882,0.9914357991846998,
45,high,,,,,,,,,,,,,,,,,,,,,,,,,,,,,,,,,,,0.25000,0.25000,0.25000,,,,,,,,0.25000,,0.043478260869565216,,,,,,,,,,,,,,,,,,,,,,,,,,,,,
46,,,,,,,,,,,,,,,,>10,,,,,,,,,,,,,,,,,,,,0.25000,0.25000,,,,,,0.25000,,,0.25000,,,,,,,,,,,,,,,,,0.04,,,,,,,,,,,,,,
47,,,,,,,,,,,,,,,,,yes,"[continuous, discrete, ordinal, nominal]",,,,,,,,,,,,,0.16667,0.16667,,,,0.16667,0.16667,,,,,,0.16667,,,0.16667,,,,,,,,,,,,,,,,,,1.125,3.125,,,,,,,,,,,,
48,,,,,,,,,,,1.0:86400,,,,,,,,,,,,,,,,,,,,0.33333,,,,,,,,,,,,0.33333,,,0.33333,,,,,,,,,,,,0.06666666666666667,,,,,,,,,,,,,,,,,,,
49,,,,,,,Process Parameter Prediction,,,1,1.0:200,XGBoost,,,no categorical features,4.0:10,no,"[continuous, discrete]",,,Tabular Data,>100000,1.0:4,,,,Offline,Regression,Time Series Prediction,1.00000,,,,,,,,,,,,,,,,,,,,,,,,0.4500081698001772,,,0.07363770051275627,4.050073528201596,0.4500081698001772,,,0.5785819326002278,0.05955990482649405,0.044506302507709844,0.09643032210003798,,,0.09643032210003798,0.40500735282015954,0.09878228117564868,,,,0.03750068081668144,0.2250040849000886,0.3681885025637814,
50,,,,,,,Process Parameter Prediction,,,1,200.0:2000,XGBoost,,,no categorical features,4.0:10,no,"[continuous, discrete]",,,Tabular Data,>100000,1.0:4,,,,Offline,Regression,Time Series Prediction,,0.33333,,,,,0.33333,0.33333,,,,,,,,,,,,,,,,,0.4500081698001772,,,0.07363770051275627,4.050073528201596,0.4500081698001772,,,0.5785819326002278,0.05955990482649405,0.044506302507709844,0.09643032210003798,,,0.09643032210003798,0.40500735282015954,0.09878228117564868,,,,0.03750068081668144,0.2250040849000886,0.3681885025637814,
51,,,,,,,Process Parameter Prediction,,,1,>2000,XGBoost,,,no categorical features,4.0:10,no,"[continuous, discrete]",,,Tabular Data,>100000,1.0:4,,,,Offline,Regression,Time Series Prediction,,0.05882,0.05882,0.05882,0.05882,0.05882,0.05882,0.05882,0.05882,0.05882,0.05882,0.05882,0.05882,0.05882,0.05882,0.05882,0.05882,0.05882,,,,,,,0.4500081698001772,,,0.07363770051275627,4.050073528201596,0.4500081698001772,,,0.5785819326002278,0.05955990482649405,0.044506302507709844,0.09643032210003798,,,0.09643032210003798,0.40500735282015954,0.09878228117564868,,,,0.03750068081668144,0.2250040849000886,0.3681885025637814,
52,,,,,,,Process Parameter Prediction,,,1,1.0:2000,Random Forest,,,no categorical features,4.0:10,no,"[continuous, nominal]",,,Tabular Data,>100000,1.0:4,,,,Offline,Regression,Time Series Prediction,,,,,,,1.00000,,,,,,,,,,,,,,,,,,0.451566659691755,,,0.0738927261313781,4.064099937225795,0.23906470218975268,,,0.5805857053179708,0.05976617554743817,0.04466043887061314,0.451566659691755,,,0.0967642842196618,0.4064099937225796,0.0991243887128243,,,,0.03763055497431292,0.2257833298458775,0.36946363065689053,
53,,,,,,,Process Parameter Prediction,,,1,2000.0:5000,Random Forest,,,no categorical features,4.0:10,no,"[continuous, nominal]",,,Tabular Data,>100000,1.0:4,,,,Offline,Regression,Time Series Prediction,,,,,,,0.33333,0.33333,0.33333,,,,,,,,,,,,,,,,0.451566659691755,,,0.0738927261313781,4.064099937225795,0.23906470218975268,,,0.5805857053179708,0.05976617554743817,0.04466043887061314,0.451566659691755,,,0.0967642842196618,0.4064099937225796,0.0991243887128243,,,,0.03763055497431292,0.2257833298458775,0.36946363065689053,
54,,,,,,,Process Parameter Prediction,,,1,5000.0:10000,Random Forest,,,no categorical features,4.0:10,no,"[continuous, nominal]",,,Tabular Data,>100000,1.0:4,,,,Offline,Regression,Time Series Prediction,,,,,,,1.00000,,,,,,,,,,,,,,,,,,0.451566659691755,,,0.0738927261313781,4.064099937225795,0.23906470218975268,,,0.5805857053179708,0.05976617554743817,0.04466043887061314,0.451566659691755,,,0.0967642842196618,0.4064099937225796,0.0991243887128243,,,,0.03763055497431292,0.2257833298458775,0.36946363065689053,
55,,,,,,,Process Parameter Prediction,,,1,>10000,Random Forest,,,no categorical features,4.0:10,no,"[continuous, nominal]",,,Tabular Data,>100000,1.0:4,,,,Offline,Regression,Time Series Prediction,,0.05882,0.05882,0.05882,0.05882,0.05882,0.05882,0.05882,0.05882,0.05882,0.05882,0.05882,0.05882,0.05882,0.05882,0.05882,0.05882,0.05882,,,,,,,0.451566659691755,,,0.0738927261313781,4.064099937225795,0.23906470218975268,,,0.5805857053179708,0.05976617554743817,0.04466043887061314,0.451566659691755,,,0.0967642842196618,0.4064099937225796,0.0991243887128243,,,,0.03763055497431292,0.2257833298458775,0.36946363065689053,
56,,,,,,,,<2,36000,1,1.0:72000,Latent Dirichlet Allocation (HPOlib),,,yes,1.0:3,no,[continuous],,,Text Data,,,,,,Offline,Text,Text,,,,,,,,,1.00000,,,,,,,,,,,,,,,,,0.9685482345681556,1.2913976460908743,0.07043987160495678,3.8741929382726226,0.9685482345681556,,,0.1490074207027932,0.16844317122924446,0.042573548772226626,0.12106852932101946,,,0.9685482345681556,,,,,,0.035872156835857615,0.9685482345681556,1.2913976460908743,
57,,,,,,,,2.0:10,36000,1,72000.0:360000,Latent Dirichlet Allocation (HPOlib),,,yes,1.0:3,no,[continuous],,,Text Data,,,,,,Offline,Text,Text,,,,,,,0.50000,,0.50000,,,,,,,,,,,,,,,,,3.0096783778073077,1.0032261259357693,0.05472142505104196,3.0096783778073077,0.7524195944518269,,,0.11575686068489646,0.130855581643796,0.03307338876711328,0.09405244930647837,,,0.7524195944518269,,,,,,0.0278673923871047,0.7524195944518269,1.0032261259357693,
58,,,,,,,,>10,36000,1,>360000,Latent Dirichlet Allocation (HPOlib),,,yes,1.0:3,no,[continuous],,,Text Data,,,,,,Offline,Text,Text,,0.05882,0.05882,0.05882,0.05882,0.05882,0.05882,0.05882,0.05882,0.05882,0.05882,0.05882,0.05882,0.05882,0.05882,0.05882,0.05882,0.05882,,,,,,,,3.0096783778073077,1.0032261259357693,0.05472142505104196,3.0096783778073077,0.7524195944518269,,,0.11575686068489646,0.130855581643796,0.03307338876711328,0.09405244930647837,,,0.7524195944518269,,,,,,0.0278673923871047,0.7524195944518269,1.0032261259357693,
59,,,,,,,,<2,60,1,1.0:120,Logistic Regression,,,yes,4.0:10,no,"[continuous, discrete]",,,Image Data,1000.0:100000,<1,,,,Offline,Multiclass Classification,Image Recognition,,,,,,,0.33333,0.33333,0.33333,,,,,,,,,,,,,,,,,1.0184199211065694,0.6789466140710463,0.07406690335320505,4.073679684426278,0.5819542406323254,,,0.15667998786254916,0.05990705418273938,0.04476571081787119,0.0969923734387209,,,0.07686188083823166,0.06267199514501966,0.17711650801853382,,,,0.03771925633728035,0.06267199514501966,0.07274428007904067,
60,,,,,,,,2.0:50,60,1,120.0:3000,Logistic Regression,,,yes,4.0:10,no,"[continuous, discrete]",,,Image Data,1000.0:100000,<1,,,,Offline,Multiclass Classification,Image Recognition,,,,,,,,,1.00000,,,,,,,,,,,,,,,,,1.3371191534757965,0.6685595767378982,0.07293377200777072,4.01135746042739,0.5730510657753414,,,0.1542829792472073,0.05899055088863808,0.0440808512134878,0.0955085109625569,,,0.07568598981938471,0.061713191698882924,0.1744068461055387,,,,0.037142198707661014,0.061713191698882924,0.07163138322191767,
61,,,,,,,,>50,60,1,>3000,Logistic Regression,,,yes,4.0:10,no,"[continuous, discrete]",,,Image Data,1000.0:100000,<1,,,,Offline,Multiclass Classification,Image Recognition,,0.05882,0.05882,0.05882,0.05882,0.05882,0.05882,0.05882,0.05882,0.05882,0.05882,0.05882,0.05882,0.05882,0.05882,0.05882,0.05882,0.05882,,,,,,,,1.3371191534757965,0.6685595767378982,0.07293377200777072,4.01135746042739,0.5730510657753414,,,0.1542829792472073,0.05899055088863808,0.0440808512134878,0.0955085109625569,,,0.07568598981938471,0.061713191698882924,0.1744068461055387,,,,0.037142198707661014,0.061713191698882924,0.07163138322191767,
62,,,,,,,,<10,60,1,1.0:600,Logistic Regression,,,yes,4.0:10,no,"[continuous, discrete]",,,Image Data,1000.0:100000,<1,,,,Offline,Multiclass Classification,Image Recognition,,,,,,,0.33333,0.33333,0.33333,,,,,,,,,,,,,,,,,1.3371191534757965,0.6685595767378982,0.07293377200777072,4.01135746042739,0.5730510657753414,,,0.1542829792472073,0.05899055088863808,0.0440808512134878,0.0955085109625569,,,0.07568598981938471,0.061713191698882924,0.1744068461055387,,,,0.037142198707661014,0.061713191698882924,0.07163138322191767,
63,,,,,,,,10.0:100,60,1,600.0:6000,Logistic Regression,,,yes,4.0:10,no,"[continuous, discrete]",,,Image Data,1000.0:100000,<1,,,,Offline,Multiclass Classification,Image Recognition,,,,,,,,,1.00000,,,,,,,,,,,,,,,,,1.9102184813268461,0.6367394937756153,0.06946249023006712,3.8204369626536923,0.5457767089505274,,,0.14693988317898815,0.05618289650961312,0.04198282376542519,0.0909627848250879,,,0.07208371627648476,0.058775953271595266,0.1661059548979866,,,,0.03537441632086752,0.058775953271595266,0.06822208861881593,
64,,,,,,,,>100,60,1,>6000,Logistic Regression,,,yes,4.0:10,no,"[continuous, discrete]",,,Image Data,1000.0:100000,<1,,,,Offline,Multiclass Classification,Image Recognition,,0.05882,0.05882,0.05882,0.05882,0.05882,0.05882,0.05882,0.05882,0.05882,0.05882,0.05882,0.05882,0.05882,0.05882,0.05882,0.05882,0.05882,,,,,,,,0.8196292903194957,0.6830244085995797,0.0745117536654087,4.098146451597478,0.5854494930853541,,,0.1576210173691338,0.06026685958231586,0.04503457639118109,0.09757491551422567,,,0.07732351795466941,0.06304840694765353,0.1781802805042382,,,,0.03794580047775443,0.06304840694765353,0.07318118663566926,
65,,,,,,yes,,<2,720,2,1.0:2880,Multilayer Perceptron,,,yes,>10,yes,"[continuous, discrete, nominal]",,,Image Data,1000.0:100000,<1,,,,Offline,Multiclass Classification,Image Recognition,,,,,,,1.00000,,,,,,,,,,,,,,,,,0.22117097496935642,,2.0458315184665468,0.6819438394888488,0.6819438394888488,4.0916630369330935,0.26397826044729633,,,0.3147433105333149,0.3273330429546475,0.3273330429546475,0.355796785820269,,,0.1544023787521922,0.12589732421332597,0.355796785820269,,,,0.07577153772098322,0.12589732421332597,0.14613082274761047,
66,,,,,,yes,,2.0:20,720,2,2880.0:28800,Multilayer Perceptron,,,yes,>10,yes,"[continuous, discrete, nominal]",,,Image Data,1000.0:100000,<1,,,,Offline,Multiclass Classification,Image Recognition,,,,,,,0.50000,0.50000,,,,,,,,,,,,,,,,0.08462007592312563,,3.130942809155648,0.26091190076297066,0.26091190076297066,3.130942809155648,0.10099815513405316,,,0.12042087727521725,0.12523771236622594,0.12523771236622594,0.1361279482241586,,,0.059074392625578266,0.0481683509100869,0.1361279482241586,,,,0.02899021119588563,0.0481683509100869,0.05590969302063657,
67,,,,,,yes,,20.0:200,720,2,28800.0:288000,Multilayer Perceptron,,,yes,>10,yes,"[continuous, discrete, nominal]",,,Image Data,1000.0:100000,<1,,,,Offline,Multiclass Classification,Image Recognition,,,,,,,0.33333,0.33333,0.33333,,,,,,,,,,,,,,,0.08462007592312563,,3.130942809155648,0.26091190076297066,0.26091190076297066,3.130942809155648,0.10099815513405316,,,0.12042087727521725,0.12523771236622594,0.12523771236622594,0.1361279482241586,,,0.059074392625578266,0.0481683509100869,0.1361279482241586,,,,0.02899021119588563,0.0481683509100869,0.05590969302063657,
68,,,,,,yes,,<10,720,2,1.0:14400,Multilayer Perceptron,,,yes,>10,yes,"[continuous, discrete, nominal]",,,Image Data,1000.0:100000,<1,,,,Offline,Multiclass Classification,Image Recognition,,,,,,,1.00000,,,,,,,,,,,,,,,,,0.1124340349276051,,1.386686430773796,0.346671607693449,0.346671607693449,4.160059292321389,0.13419546104262545,,,0.16000228047389958,0.16640237169285554,0.16640237169285554,0.1808721431444082,,,0.07849168476078092,0.06400091218955983,0.1808721431444082,,,,0.03851906752149434,0.06400091218955983,0.07428677307716765,
69,,,,,,yes,,10.0:100,720,2,14400.0:144000,Multilayer Perceptron,,,yes,>10,yes,"[continuous, discrete, nominal]",,,Image Data,1000.0:100000,<1,,,,Offline,Multiclass Classification,Image Recognition,,,,,,,0.50000,0.50000,,,,,,,,,,,,,,,,0.10686924912865621,,1.9770811088801397,0.32951351814668994,0.32951351814668994,3.9541622177602793,0.12755361992775094,,,0.15208316222154922,0.15816648871041117,0.15816648871041117,0.17192009642435996,,,0.07460683429736376,0.06083326488861969,0.17192009642435996,,,,0.036612613127409994,0.06083326488861969,0.07061003960286213,
70,,,,,,yes,,100.0:500,720,2,14400.0:720000,Multilayer Perceptron,,,yes,>10,yes,"[continuous, discrete, nominal]",,,Image Data,1000.0:100000,<1,,,,Offline,Multiclass Classification,Image Recognition,,,,,,,1.00000,,,,,,,,,,,,,,,,,0.08462007592312563,,3.130942809155648,0.26091190076297066,0.26091190076297066,3.130942809155648,0.10099815513405316,,,0.12042087727521725,0.12523771236622594,0.12523771236622594,0.1361279482241586,,,0.059074392625578266,0.0481683509100869,0.1361279482241586,,,,0.02899021119588563,0.0481683509100869,0.05590969302063657,
71,,,,,,yes,,<2,720,2,1.0:2880,Multilayer Perceptron,,,yes,>10,yes,"[continuous, discrete, nominal]",,,Image Data,1000.0:100000,<1,,,,Offline,Multiclass Classification,Image Recognition,,,,,,,1.00000,,,,,,,,,,,,,,,,,0.22117097496935642,,2.0458315184665468,0.6819438394888488,0.6819438394888488,4.0916630369330935,0.26397826044729633,,,0.3147433105333149,0.3273330429546475,0.3273330429546475,0.355796785820269,,,0.1544023787521922,0.12589732421332597,0.355796785820269,,,,0.07577153772098322,0.12589732421332597,0.14613082274761047,
72,,,,,,yes,,2.0:50,720,2,2880.0:72000,Multilayer Perceptron,,,yes,>10,yes,"[continuous, discrete, nominal]",,,Image Data,1000.0:100000,<1,,,,Offline,Multiclass Classification,Image Recognition,,,,,,,0.50000,0.50000,,,,,,,,,,,,,,,,0.1124340349276051,,1.386686430773796,0.346671607693449,0.346671607693449,4.160059292321389,0.13419546104262545,,,0.16000228047389958,0.16640237169285554,0.16640237169285554,0.1808721431444082,,,0.07849168476078092,0.06400091218955983,0.1808721431444082,,,,0.03851906752149434,0.06400091218955983,0.07428677307716765,
73,,,,,,yes,,50.0:200,720,2,72000.0:288000,Multilayer Perceptron,,,yes,>10,yes,"[continuous, discrete, nominal]",,,Image Data,1000.0:100000,<1,,,,Offline,Multiclass Classification,Image Recognition,,,,,,,0.33333,0.33333,0.33333,,,,,,,,,,,,,,,0.10686924912865621,,1.9770811088801397,0.32951351814668994,0.32951351814668994,3.9541622177602793,0.12755361992775094,,,0.15208316222154922,0.15816648871041117,0.15816648871041117,0.17192009642435996,,,0.07460683429736376,0.06083326488861969,0.17192009642435996,,,,0.036612613127409994,0.06083326488861969,0.07061003960286213,
74,,,,,,yes,,<5,720,2,1.0:7200,Multilayer Perceptron,,,yes,>10,yes,"[continuous, discrete, nominal]",,,Image Data,1000.0:100000,<1,,,,Offline,Multiclass Classification,Image Recognition,,,,,,,1.00000,,,,,,,,,,,,,,,,,0.17464034201778844,,3.230846327329086,0.538474387888181,0.538474387888181,3.230846327329086,0.2084416985373604,,,0.24852664056377588,0.2584677061863269,0.2584677061863269,0.2809431588981814,,,0.12191872933317306,0.09941065622551035,0.2809431588981814,,,,0.05983048754313122,0.09941065622551035,0.11538736883318164,
75,,,,,,yes,,5.0:50,720,2,7200.0:72000,Multilayer Perceptron,,,yes,>10,yes,"[continuous, discrete, nominal]",,,Image Data,1000.0:100000,<1,,,,Offline,Multiclass Classification,Image Recognition,,,,,,,0.50000,0.50000,,,,,,,,,,,,,,,,0.08462007592312563,,3.130942809155648,0.26091190076297066,0.26091190076297066,3.130942809155648,0.10099815513405316,,,0.12042087727521725,0.12523771236622594,0.12523771236622594,0.1361279482241586,,,0.059074392625578266,0.0481683509100869,0.1361279482241586,,,,0.02899021119588563,0.0481683509100869,0.05590969302063657,
76,,,,,,yes,,50.0:500,720,2,72000.0:720000,Multilayer Perceptron,,,yes,>10,yes,"[continuous, discrete, nominal]",,,Image Data,1000.0:100000,<1,,,,Offline,Multiclass Classification,Image Recognition,,,,,,,1.00000,,,,,,,,,,,,,,,,,0.08462007592312563,,3.130942809155648,0.26091190076297066,0.26091190076297066,3.130942809155648,0.10099815513405316,,,0.12042087727521725,0.12523771236622594,0.12523771236622594,0.1361279482241586,,,0.059074392625578266,0.0481683509100869,0.1361279482241586,,,,0.02899021119588563,0.0481683509100869,0.05590969302063657,
77,,,,,,,,<5,,,,Deep Neural Net,,,yes,>10,yes,"[continuous, discrete, nominal]",,,Image Data,1000.0:100000,<1,,,,Offline,Multiclass Classification,Image Recognition,,,,,,,,0.50000,0.50000,,,,,,,,,,,,,,,,,3.6985866610177234,,,,1.4794346644070895,,,0.2845066662321326,0.2958869328814179,0.2958869328814179,0.3216162313928455,,,0.13956930796293296,0.11380266649285303,0.3216162313928455,,,,0.06849234557440229,0.11380266649285303,0.13209238075063298,
78,,,,,,,,2.0:50,,,,Deep Neural Net,,,yes,>10,yes,"[continuous, discrete, nominal]",,,Image Data,1000.0:100000,<1,,,,Offline,Multiclass Classification,Image Recognition,,,,,,,0.50000,0.50000,,,,,,,,,,,,,,,,,,3.556978067562208,,,,2.1341868405373248,,,0.41042054625717783,0.4268373681074649,0.4268373681074649,0.4639536609863749,,,0.20133838118276648,0.16416821850287114,0.4639536609863749,,,,0.09880494632117243,0.16416821850287114,0.19055239647654684,
79,,,,,,,,50.0:200,,,,Deep Neural Net,,,yes,>10,yes,"[continuous, discrete, nominal]",,,Image Data,1000.0:100000,<1,,,,Offline,Multiclass Classification,Image Recognition,,,,,,,0.33333,0.33333,0.33333,,,,,,,,,,,,,,,,,3.6985866610177234,,,,1.4794346644070895,,,0.2845066662321326,0.2958869328814179,0.2958869328814179,0.3216162313928455,,,0.13956930796293296,0.11380266649285303,0.3216162313928455,,,,0.06849234557440229,0.11380266649285303,0.13209238075063298,
80,,,,,,,,<10,,,,Deep Neural Net,,,yes,>10,yes,"[continuous, discrete, nominal]",,,Image Data,1000.0:100000,<1,,,,Offline,Multiclass Classification,Image Recognition,,,,,,,0.33333,0.33333,0.33333,,,,,,,,,,,,,,,,,3.556978067562208,,,,2.1341868405373248,,,0.41042054625717783,0.4268373681074649,0.4268373681074649,0.4639536609863749,,,0.20133838118276648,0.16416821850287114,0.4639536609863749,,,,0.09880494632117243,0.16416821850287114,0.19055239647654684,
81,,,,,,,,10.0:200,,,,Deep Neural Net,,,yes,>10,yes,"[continuous, discrete, nominal]",,,Image Data,1000.0:100000,<1,,,,Offline,Multiclass Classification,Image Recognition,,,,,,,0.50000,0.50000,,,,,,,,,,,,,,,,,,3.7211323498050994,,,,0.7442264699610199,,,0.14312047499250383,0.14884529399220398,0.14884529399220398,0.16178836303500432,,,0.07021004433594527,0.057248189997001535,0.16178836303500432,,,,0.03445492916486203,0.057248189997001535,0.06644879196080535,
82,,,,,,,,,,1,1.0:10,Support Vector Machine,,,,1.0:3,no,[continuous],,,Image Data,,,,,,Offline,Multiclass Classification,Image Recognition,,,,,,,,,,,,,,0.33333,,0.33333,0.33333,,,,,,,,,,,0.06203094466077193,3.411701956342456,0.17058509781712283,,,,0.1483348676670633,0.037491230289477546,0.10661568613570176,,,0.06437173502532936,,,,,,0.03158983292909682,0.05248772240526856,0.060923249220401,
83,,,,,,,,,,1,10.0:40,Support Vector Machine,,,,1.0:3,no,[continuous],,,Image Data,,,,,,Offline,Multiclass Classification,Image Recognition,,,,,,,,,,,,,,,,1.00000,,,,,,,,,,,,0.06203094466077193,3.411701956342456,0.17058509781712283,,,,0.1483348676670633,0.037491230289477546,0.10661568613570176,,,0.06437173502532936,,,,,,0.03158983292909682,0.05248772240526856,0.060923249220401,
84,,,,,,,,,,1,40.0:100,Support Vector Machine,,,,1.0:3,no,[continuous],,,Image Data,,,,,,Offline,Multiclass Classification,Image Recognition,,,,,,,,,,,,,,0.50000,,0.50000,,,,,,,,,,,,0.06203094466077193,3.411701956342456,0.17058509781712283,,,,0.1483348676670633,0.037491230289477546,0.10661568613570176,,,0.06437173502532936,,,,,,0.03158983292909682,0.05248772240526856,0.060923249220401,
85,,,,,,,,,,1,100.0:400,Support Vector Machine,,,,1.0:3,no,[continuous],,,Image Data,,,,,,Offline,Multiclass Classification,Image Recognition,,,,,,,,,,,,,,0.33333,,0.33333,0.33333,,,,,,,,,,,0.06203094466077193,3.411701956342456,0.17058509781712283,,,,0.1483348676670633,0.037491230289477546,0.10661568613570176,,,0.06437173502532936,,,,,,0.03158983292909682,0.05248772240526856,0.060923249220401,
86,,,,,,,,,,1,400.0:50000,Support Vector Machine,,,,1.0:3,no,[continuous],,,Image Data,,,,,,Offline,Multiclass Classification,Image Recognition,,,,,,,,,,0.25000,,,,0.25000,,0.25000,0.25000,,,,,,,,,,,0.06203094466077193,3.411701956342456,0.17058509781712283,,,,0.1483348676670633,0.037491230289477546,0.10661568613570176,,,0.06437173502532936,,,,,,0.03158983292909682,0.05248772240526856,0.060923249220401,
87,,,,,,,,,,1,50000.0:500000,Support Vector Machine,,,,1.0:3,no,[continuous],,,Image Data,,,,,,Offline,Multiclass Classification,Image Recognition,,,,,,,,,0.20000,0.20000,,,,0.20000,,0.20000,0.20000,,,,,,,,,,,0.06203094466077193,3.411701956342456,0.17058509781712283,,,,0.1483348676670633,0.037491230289477546,0.10661568613570176,,,0.06437173502532936,,,,,,0.03158983292909682,0.05248772240526856,0.060923249220401,
88,,,,,,,,,,1,>500000,Support Vector Machine,,,,1.0:3,no,[continuous],,,Image Data,,,,,,Offline,Multiclass Classification,Image Recognition,,0.05882,0.05882,0.05882,0.05882,0.05882,0.05882,0.05882,0.05882,0.05882,0.05882,0.05882,0.05882,0.05882,0.05882,0.05882,0.05882,0.05882,,,,,,,,,,0.06203094466077193,3.411701956342456,0.17058509781712283,,,,0.1483348676670633,0.037491230289477546,0.10661568613570176,,,0.06437173502532936,,,,,,0.03158983292909682,0.05248772240526856,0.060923249220401,
89,,,,,,,,,,1,1.0:4000,Multilayer Perceptron,,,,4.0:10,no,"[continuous, discrete]",,,Tabular Data,,,,,,Offline,Binary Classification,,,,,,,,,,,,,,,0.33333,,,0.33333,0.33333,,,,,,,,,,0.12067418397490383,3.3185400593098553,0.21409935866515195,,,,0.09760411939146633,0.07293494635845837,0.1580257171099931,,,0.1580257171099931,,,,,,0.0614544455427751,0.2552723122546043,,
90,,,,,,,,,,1,4000.0:100000,Multilayer Perceptron,,,,4.0:10,no,"[continuous, discrete]",,,Tabular Data,,,,,,Offline,Binary Classification,,,,,,,,,,,,,,,,,,1.00000,,,,,,,,,,,0.12067418397490383,3.3185400593098553,0.21409935866515195,,,,0.09760411939146633,0.07293494635845837,0.1580257171099931,,,0.1580257171099931,,,,,,0.0614544455427751,0.2552723122546043,,
91,,,,,,,,,,1,1.0:10000,Multilayer Perceptron,,,,4.0:10,no,"[continuous, discrete]",,,Tabular Data,,,,,,Offline,Binary Classification,,,,,,,,,,,,,,,0.33333,,,0.33333,0.33333,,,,,,,,,,0.059096029704041486,3.250281633722282,0.10484779463620264,,,,0.04779825931944533,0.03571738059035475,0.07738765794576861,,,0.07738765794576861,,,,,,0.030095200312243352,0.1250108320662416,,
92,,,,,,,,,,1,10000.0:100000,Multilayer Perceptron,,,,4.0:10,no,"[continuous, discrete]",,,Tabular Data,,,,,,Offline,Binary Classification,,,,,,,,,,,,,,,,,,1.00000,,,,,,,,,,,0.059096029704041486,3.250281633722282,0.10484779463620264,,,,0.04779825931944533,0.03571738059035475,0.07738765794576861,,,0.07738765794576861,,,,,,0.030095200312243352,0.1250108320662416,,
93,,,,,,,,,,1,1.0:100,Multilayer Perceptron,,,,4.0:10,no,"[continuous, discrete]",,,Tabular Data,1000.0:100000,1.0:4,,,,Offline,Multiclass Classification,Image Recognition,,,,,,,,,,,,,,0.33333,,,0.33333,0.33333,,,,,,,,,,0.4397104310020758,4.030678950852361,0.7801314098423925,,,,0.3556481427222672,0.26575905170455133,0.5758112786931945,,,0.5758112786931945,0.37206267238637186,0.5898554562222968,,,,0.22392660838068673,0.37206267238637186,0.43185845901989584,
94,,,,,,,,,,1,100.0:2000,Multilayer Perceptron,,,,4.0:10,no,"[continuous, discrete]",,,Tabular Data,1000.0:100000,1.0:4,,,,Offline,Multiclass Classification,Image Recognition,,,,,,,,,,,,,,,,,1.00000,,,,,,,,,,,0.06702264274053962,3.6862453507296795,0.11891114034611869,,,,0.05420949045190705,0.04050819066735912,0.08776774644594475,,,0.08776774644594475,0.05671146693430276,0.08990842318852878,,,,0.03413190139564518,0.05671146693430276,0.06582580983445856,
95,,,,,,,,,,1,2000.0:20000,Multilayer Perceptron,,,,4.0:10,no,"[continuous, discrete]",,,Tabular Data,1000.0:100000,1.0:4,,,,Offline,Multiclass Classification,Image Recognition,,,,,,,,,0.50000,,,,,,,,0.50000,,,,,,,,,,,0.06702264274053962,3.6862453507296795,0.11891114034611869,,,,0.05420949045190705,0.04050819066735912,0.08776774644594475,,,0.08776774644594475,0.05671146693430276,0.08990842318852878,,,,0.03413190139564518,0.05671146693430276,0.06582580983445856,
96,,,,,,,,,,1,20000.0:40000,Multilayer Perceptron,,,,4.0:10,no,"[continuous, discrete]",,,Tabular Data,1000.0:100000,1.0:4,,,,Offline,Multiclass Classification,Image Recognition,,,,,,,,0.33333,0.33333,,,,,,,,0.33333,,,,,,,,,,,0.06702264274053962,3.6862453507296795,0.11891114034611869,,,,0.05420949045190705,0.04050819066735912,0.08776774644594475,,,0.08776774644594475,0.05671146693430276,0.08990842318852878,,,,0.03413190139564518,0.05671146693430276,0.06582580983445856,
97,,,,,,,,,,1,1.0:4000,Multilayer Perceptron,,,,4.0:10,no,"[continuous, discrete]",,,Image Data,1000.0:100000,>4,,,,Offline,Multiclass Classification,Image Recognition,,,,,,,,,,,,,,0.50000,,,0.50000,,,,,,,,,,,0.1368071541892308,3.762196740203848,0.2427223703357321,,,,0.11065284530011317,0.08268564264184282,0.17915222572399275,,,0.14196968830957915,0.11575989969857994,0.39602070949514184,,,,0.06967031000377495,0.11575989969857994,0.13436416929299455,
98,,,,,,,,,,1,4000.0:100000,Multilayer Perceptron,,,,4.0:10,no,"[continuous, discrete]",,,Image Data,1000.0:100000,>4,,,,Offline,Multiclass Classification,Image Recognition,,,,,,,,0.33333,0.33333,,,,,,,,0.33333,,,,,,,,,,,0.1368071541892308,3.762196740203848,0.2427223703357321,,,,0.11065284530011317,0.08268564264184282,0.17915222572399275,,,0.14196968830957915,0.11575989969857994,0.39602070949514184,,,,0.06967031000377495,0.11575989969857994,0.13436416929299455,
99,,,,,,,,,,1,1.0:1000,Multilayer Perceptron,,,,4.0:10,no,"[continuous, discrete]",,,Image Data,1000.0:100000,1.0:4,,,,Offline,Multiclass Classification,Image Recognition,,,,,,,,,,,,,,0.33333,,,0.33333,0.33333,,,,,,,,,,0.20831489051667282,3.8191063261390013,0.3695909347876453,,,,0.16848998497672066,0.12590460415842863,0.27279330900992865,,,0.21617582978145292,0.1762664458218001,0.27944680435163427,,,,0.10608628683719448,0.1762664458218001,0.2045949817574465,
100,,,,,,,,,,1,1000.0:10000,Multilayer Perceptron,,,,4.0:10,no,"[continuous, discrete]",,,Image Data,1000.0:100000,1.0:4,,,,Offline,Multiclass Classification,Image Recognition,,,,,,,,,,,,,,,,,1.00000,,,,,,,,,,,0.136424327037581,3.7516689935334777,0.24204316087312758,,,,0.1103432056921611,0.08245426359414237,0.1786509044539751,,,0.1415724148503199,0.11543596903179933,0.1830082435869989,,,,0.06947535173210144,0.11543596903179933,0.13398817834048135,
101,,,,,,,,,,1,1.0:1000,Multilayer Perceptron,,,,4.0:10,no,"[continuous, discrete]",,,Tabular Data,,,,,,Offline,Binary Classification,,,,,,,,,,,,,,,0.33000,,,0.33000,0.33000,,,,,,,,,,0.1847104665693826,3.386358553772014,0.3277121181069691,,,,0.1493981714899418,0.11163819408039609,0.24188275384085814,,,0.24188275384085814,,,,,,0.09406551538255595,0.3907336792813863,,
102,,,,,,,,,,1,1000.0:100000,Multilayer Perceptron,,,,4.0:10,no,"[continuous, discrete]",,,Tabular Data,,,,,,Offline,Binary Classification,,,,,,,,,,,,,,,,,,1.00000,,,,,,,,,,,0.059096029704041486,3.250281633722282,0.10484779463620264,,,,0.04779825931944533,0.03571738059035475,0.07738765794576861,,,0.07738765794576861,,,,,,0.030095200312243352,0.1250108320662416,,
103,,,,,,,,<100,,,,Support Vector Machine,,,,1.0:3,no,[continuous],,,,,,,,no,Offline,Multiclass Classification,,,,,,,,,,1.00000,,,,,,,,,,,,,,,,,2.6817754011195496,,,,0.8045326203358649,,,,0.699593582900752,0.1768203561177725,0.5028328877099155,,,,,,,,2.6817754011195496,0.14898752228441942,0.2475484985648815,,
104,,,,,,,,<40,,,,Support Vector Machine,,,,1.0:3,no,[continuous],,,,,,,,yes,Offline,Multiclass Classification,,,,,,,,,,1.00000,,,,,,,,,,,,,,,,,3.121099344105421,,,,0.15605496720527107,,,,0.1356999714828444,0.03429779499016947,0.09753435450329441,,,,,,,,0.22293566743610152,0.028899068000976122,0.04801691298623725,,
105,,,,,,,,40.0:100,,,,Support Vector Machine,,,,1.0:3,no,[continuous],,,,,,,,yes,Offline,Multiclass Classification,,,,,,,,,,,,1.00000,,,,,,,,,,,,,,,3.121099344105421,,,,0.15605496720527107,,,,0.1356999714828444,0.03429779499016947,0.09753435450329441,,,,,,,,0.22293566743610152,0.028899068000976122,0.04801691298623725,,
106,,,,,,,,<50,,,,Multilayer Perceptron,,,,4.0:10,no,"[continuous, discrete]",,,,,,,,no,Offline,Multiclass Classification,,,,,,,,,,,,1.00000,,,,,,,,,,,,,,,2.927432025210247,,,,0.37773316454325767,,,,0.17220188383589688,0.1286783307784724,0.2788030500200235,,,,,,,,1.9516213501401645,0.10842340834112026,0.18014966308986136,,
107,,,,,,,,50.0:100,,,,Multilayer Perceptron,,,,4.0:10,no,"[continuous, discrete]",,,,,,,,no,Offline,Multiclass Classification,,,,,,,,,,1.00000,,,,,,,,,,,,,,,,,3.1093722227651206,,,,0.1003023297666168,,,,0.04572606209948707,0.03416892552489144,0.07403267197059811,,,,,,,,0.5182287037941867,0.028790483544121486,0.04783649573484801,,
108,,,,,,,,<100,,,,Multilayer Perceptron,,,,4.0:10,no,"[continuous, discrete]",,,,,,,,yes,Offline,Multiclass Classification,,,,,,,,,,,,1.00000,,,,,,,,,,,,,,,3.3076688236257192,,,,0.6401939658630424,,,,0.29185313149638703,0.2180880543049925,0.47252411766081703,,,,,,,,1.417572352982451,0.18375937909031775,0.3053232760269895,,
109,,,,,,,,<30,,,,XGBoost,,,,4.0:10,no,"[continuous, discrete]",,,,,,,,no,Offline,Regression,,,,,,,,,,,,1.00000,,,,,,,,,,,,,,,3.204865729604314,,,,0.7121923843565142,,,,0.09426075675306807,0.07043660944185307,0.15261265379068162,,,,,,,,1.0682885765347714,0.059349365363042854,0.3560961921782571,,
110,,,,,,,,30.0:100,,,,XGBoost,,,,4.0:10,no,"[continuous, discrete]",,,,,,,,no,Offline,Regression,,,,,,,,,,1.00000,,,,,,,,,,,,,,,,,3.204865729604314,,,,0.7121923843565142,,,,0.09426075675306807,0.07043660944185307,0.15261265379068162,,,,,,,,1.0682885765347714,0.059349365363042854,0.3560961921782571,,
111,,,,,,,,<30,,,,XGBoost,,,,4.0:10,no,"[continuous, discrete]",,,,,,,,yes,Offline,Regression,,,,,,,,,,,,1.00000,,,,,,,,,,,,,,,3.2262196421392764,,,,0.7169376982531724,,,,0.09488881300409636,0.07090592620086322,0.15362950676853696,,,,,,,,0.4608885203056109,0.05974480818776437,0.3584688491265862,,
112,,,,,,,,30.0:100,,,,XGBoost,,,,4.0:10,no,"[continuous, discrete]",,,,,,,,yes,Offline,Regression,,,,,,,,,,1.00000,,,,,,,,,,,,,,,,,3.2262196421392764,,,,0.7169376982531724,,,,0.09488881300409636,0.07090592620086322,0.15362950676853696,,,,,,,,0.4608885203056109,0.05974480818776437,0.3584688491265862,,
113,,,,,,yes,,<200,1800,17,1.0:360000,Convolutional Neural Net,,,,>10,no,"[continuous, discrete]",,,Image Data,1000.0:100000,>4,,,,Offline,Multiclass Classification,Image Recognition,,,,,,,,1.00000,,,,,,,,,,,,,,,,0.09812520253413716,,0.45382906172038434,1.8153162468815374,1.8153162468815374,3.6306324937630747,0.2017018052090597,,,,0.14522529975052298,0.0398970603710228,0.08644363080388273,,,0.06850249988232215,0.05585588451943192,0.19108592072437233,,,,0.033616967534843285,0.05585588451943192,0.06483272310291205,
114,,,,,,yes,,200.0:1000,1800,17,360000.0:1800000,Convolutional Neural Net,,,,>10,no,"[continuous, discrete]",,,Image Data,1000.0:100000,>4,,,,Offline,Multiclass Classification,Image Recognition,,,,1.00000,,,,,,,,,,,,,,,,,,,,0.07823969034324085,,2.894868542699911,1.4474342713499555,1.4474342713499555,2.894868542699911,0.16082603014999505,,,,0.11579474170799645,0.03181174222747155,0.06892544149285502,,,0.05462016118301719,0.044536439118460176,0.15236150224736375,,,,0.02680433835833251,0.044536439118460176,0.05169408111964127,
115,,,,,,,,<200,,,,Synthetic Function,,,,1.0:3,no,[continuous],,,,,,,,,Offline,,Synthetic Function,,,,,,,,,0.33333,,0.33333,0.33333,,,,,,,,,,,,,,0.5977821727962903,,,,2.3911286911851612,,,,0.20792423401610097,0.05255227892714641,0.14944554319907258,,,,,,,,,0.044280160947873355,,2.3911286911851612,
116,,,,,,,,<200,,,,Synthetic Function,,,,4.0:10,no,[continuous],,,,,,,,,Offline,,Synthetic Function,,,,,,,,,0.33333,,0.33333,0.33333,,,,,,,,,,,,,,0.5898976791796994,,,,2.3595907167187975,,,,0.06939972696231758,0.05185913663118237,0.14747441979492484,,,,,,,,,0.04369612438368144,,2.3595907167187975,
117,,,,,,,,<100,,,,Logistic Regression,,,,4.0:10,no,[continuous],,,Image Data,1000.0:100000,>4,,,,Offline,Multiclass Classification,Image Recognition,,,,,,,,,0.50000,,,0.50000,,,,,,,,,,,,,,3.131874587619053,,,,2.684463932244902,,,,0.27634187537815175,0.2064972255573002,0.5872264851785725,,,0.3545518401078173,0.28909611578022026,0.9890130276691745,,,,0.17399303264550292,0.28909611578022026,0.3355579915306128,
118,,,,,,,,<50,,,,Latent Dirichlet Allocation (HPOlib),,,,1.0:3,no,[discrete],,,Text Data,,,,,,Offline,Text,,,,,,,,,,0.50000,,,0.50000,,,,,,,,,,,,,,2.2488988286652667,,,,2.2488988286652667,,,,0.3911128397678725,0.09885269576550623,2.2488988286652667,,,2.2488988286652667,,,,,,0.08329254920982469,2.2488988286652667,,
119,,,,,,,,<100,,,,Support Vector Machine,,,,1.0:3,no,[discrete],,,Tabular Data,,,,,,Offline,Multiclass Classification,,,,,,,,0.25000,,0.25000,,0.25000,0.25000,,,,,,,,,,,,,,2.007804587561394,,,,0.6023413762684182,,,,0.5237751097986245,0.13238272005899301,3.011706881342091,,,0.28682922679448486,,,,,,0.11154469930896634,0.18533580808259023,,
120,,,,,,,,<50,,,,Support Vector Machine,,,,1.0:3,no,[discrete],,,Tabular Data,<1000,1.0:4,,,,Offline,Multiclass Classification,,,,,,,,,,,0.50000,0.50000,,,,,,,,,,,,,,,2.671951730202278,,,,0.5343903460404557,,,,0.46468725742648315,0.11744842770119904,2.671951730202278,,,0.2544715933525979,1.7813011534681853,0.2606782175807101,,,,0.09896117519267696,0.16442779878167865,,
121,,,,,,,,>50,,,,Support Vector Machine,,,,1.0:3,no,[discrete],,,Tabular Data,<1000,1.0:4,,,,Offline,Multiclass Classification,,,0.05882,0.05882,0.05882,0.05882,0.05882,0.05882,0.05882,0.05882,0.05882,0.05882,0.05882,0.05882,0.05882,0.05882,0.05882,0.05882,0.05882,,,,,,,,3.025385762010259,,,,0.4538078643015389,,,,0.3946155341752512,0.09973799215418437,2.2690393215076945,,,0.21609898300073277,1.5126928810051294,0.2213696899031897,,,,0.08403849338917385,0.1396331890158581,,
122,,,,,,,,<50,,,,Random Forest,,,,4.0:10,no,"[discrete, nominal]",,,Tabular Data,<1000,1.0:4,,,,Offline,Binary Classification,Classification,,,,,,,,,,0.50000,0.50000,,,,,,,,,,,,,,,1.714623523872598,,,,0.40344082914649365,,,,0.10086020728662341,0.0753680669834109,1.3716988190980783,,,0.16329747846405693,1.1430823492483986,0.16728034379244858,,,,0.06350457495824437,0.26378823444193816,3.429247047745196,
123,,,,,,,,>50,,,,Random Forest,,,,4.0:10,no,"[discrete, nominal]",,,Tabular Data,<1000,1.0:4,,,,Offline,Binary Classification,Classification,,0.05882,0.05882,0.05882,0.05882,0.05882,0.05882,0.05882,0.05882,0.05882,0.05882,0.05882,0.05882,0.05882,0.05882,0.05882,0.05882,0.05882,,,,,,,,2.1591312825063684,,,,0.3810231675011239,,,,0.09525579187528098,0.07118015217053963,1.2954787695038212,,,0.1542236630361692,1.0795656412531842,0.15798521579314895,,,,0.05997586895851024,0.24913053259688872,3.2386969237595533,
124,,,,,,yes,,,,8,1.0:100000,Convolutional Neural Net,,yes,,4.0:10,no,"[continuous, discrete, nominal]",,,Image Data,1000.0:100000,>4,,,,Offline,Multiclass Classification,Image Recognition,,,,,,,,,,,0.50000,0.50000,,,,,,,,,,,,0.10789890701340984,,,,0.3992259559496164,3.992259559496164,0.22179219774978687,,0.12878256643536012,,0.05870969940435535,0.043870984170287515,0.17357650258678972,,,0.07532565206596535,0.061419377838402525,0.2101189241840086,,,,0.03696536629163114,0.061419377838402525,0.07129034927671721,
125,,,,,,yes,,,,8,100000.0:250000,Convolutional Neural Net,,yes,,4.0:10,no,"[continuous, discrete, nominal]",,,Image Data,1000.0:100000,>4,,,,Offline,Multiclass Classification,Image Recognition,,,,,,,,,,,1.00000,,,,,,,,,,,,,0.10789890701340984,,,,0.3992259559496164,3.992259559496164,0.22179219774978687,,0.12878256643536012,,0.05870969940435535,0.043870984170287515,0.17357650258678972,,,0.07532565206596535,0.061419377838402525,0.2101189241840086,,,,0.03696536629163114,0.061419377838402525,0.07129034927671721,
126,,,,,,yes,,,,8,>250000,Convolutional Neural Net,,yes,,4.0:10,no,"[continuous, discrete, nominal]",,,Image Data,1000.0:100000,>4,,,,Offline,Multiclass Classification,Image Recognition,,0.05882,0.05882,0.05882,0.05882,0.05882,0.05882,0.05882,0.05882,0.05882,0.05882,0.05882,0.05882,0.05882,0.05882,0.05882,0.05882,0.05882,,,,,,0.10789890701340984,,,,0.3992259559496164,3.992259559496164,0.22179219774978687,,0.12878256643536012,,0.05870969940435535,0.043870984170287515,0.17357650258678972,,,0.07532565206596535,0.061419377838402525,0.2101189241840086,,,,0.03696536629163114,0.061419377838402525,0.07129034927671721,
127,,,,,,no,,,,1,1.0:150000,Convolutional Neural Net,,yes,,4.0:10,no,"[continuous, discrete]",,,Image Data,1000.0:100000,>4,,,,Offline,Multiclass Classification,Image Recognition,,,,,,,,,,,,,0.25000,0.25000,0.25000,,0.25000,,,,,,,0.27982357588993045,,,,0.1475433400146906,4.0574418504039915,0.45082687226711016,,0.26177044196154786,,0.1193365250118821,0.08917454616272509,0.19321151668590436,,,0.15311101322279214,0.12484436462781513,0.42709914214778855,,,,0.07513781204451836,0.12484436462781513,0.14490863751442826,
128,,,,,,no,,,,1,>150000,Convolutional Neural Net,,yes,,4.0:10,no,"[continuous, discrete]",,,Image Data,1000.0:100000,>4,,,,Offline,Multiclass Classification,Image Recognition,,,,,,,,,,,,,0.25000,0.25000,0.25000,,0.25000,,,,,,,0.27982357588993045,,,,0.1475433400146906,4.0574418504039915,0.45082687226711016,,0.26177044196154786,,0.1193365250118821,0.08917454616272509,0.19321151668590436,,,0.15311101322279214,0.12484436462781513,0.42709914214778855,,,,0.07513781204451836,0.12484436462781513,0.14490863751442826,
129,,,,,,no,,,,1,1.0:30000,Convolutional Neural Net,,yes,,4.0:10,no,"[continuous, discrete]",,,Image Data,1000.0:100000,>4,,,,Offline,Multiclass Classification,Image Recognition,,,,,0.25000,,,,,,,,0.25000,0.25000,0.25000,,,,,,,,,0.13705537151311373,,,,0.07226555952509633,3.9746057738802985,0.22081143188223878,,0.12821308948000962,,0.05845008491000439,0.043676986526157126,0.09463347080667377,,,0.07499256177132638,0.06114778113661998,0.20918977757264728,,,,0.036801905313706466,0.06114778113661998,0.07097510310500532,
130,,,,,,no,,,,1,30000.0:90000,Convolutional Neural Net,,yes,,4.0:10,no,"[continuous, discrete]",,,Image Data,1000.0:100000,>4,,,,Offline,Multiclass Classification,Image Recognition,,,,,0.20000,,,,,,,,0.20000,0.20000,0.20000,,0.20000,,,,,,,0.13705537151311373,,,,0.07226555952509633,3.9746057738802985,0.22081143188223878,,0.12821308948000962,,0.05845008491000439,0.043676986526157126,0.09463347080667377,,,0.07499256177132638,0.06114778113661998,0.20918977757264728,,,,0.036801905313706466,0.06114778113661998,0.07097510310500532,
131,,,,,,no,,,,1,>90000,Convolutional Neural Net,,yes,,4.0:10,no,"[continuous, discrete]",,,Image Data,1000.0:100000,>4,,,,Offline,Multiclass Classification,Image Recognition,,,,,0.25000,,,,,,,,0.25000,,0.25000,,0.25000,,,,,,,0.27982357588993045,,,,0.1475433400146906,4.0574418504039915,0.45082687226711016,,0.26177044196154786,,0.1193365250118821,0.08917454616272509,0.19321151668590436,,,0.15311101322279214,0.12484436462781513,0.42709914214778855,,,,0.07513781204451836,0.12484436462781513,0.14490863751442826,
132,,,,,,yes,,,,25,1.0:60000,Convolutional Neural Net,,yes,,4.0:10,no,"[continuous, discrete]",,,Image Data,1000.0:100000,>4,,,,Offline,Multiclass Classification,Image Recognition,,,,,1.00000,,,,,,,,,,,,,,,,,,,0.10716962198316843,,,,0.7930552026754464,3.9652760133772316,0.22029311185429062,,0.12791212946378167,,0.05831288254966517,0.04357446168546408,0.09441133365183883,,,0.07481652855428739,0.06100424635964972,0.20869873754617008,,,,0.03671551864238177,0.06100424635964972,0.07080850023887914,
133,,,,,,yes,,,,25,60000.0:90000,Convolutional Neural Net,,yes,,4.0:10,no,"[continuous, discrete]",,,Image Data,1000.0:100000,>4,,,,Offline,Multiclass Classification,Image Recognition,,,,,,,,,,,,,,,1.00000,,,,,,,,,0.10716962198316843,,,,0.7930552026754464,3.9652760133772316,0.22029311185429062,,0.12791212946378167,,0.05831288254966517,0.04357446168546408,0.09441133365183883,,,0.07481652855428739,0.06100424635964972,0.20869873754617008,,,,0.03671551864238177,0.06100424635964972,0.07080850023887914,
134,,,,,,yes,,,,25,>90000,Convolutional Neural Net,,yes,,4.0:10,no,"[continuous, discrete]",,,Image Data,1000.0:100000,>4,,,,Offline,Multiclass Classification,Image Recognition,,,,,,,,,,,,,0.33333,,0.33333,,0.33333,,,,,,,0.21121599514796094,,,,1.562998364094911,3.907495910237277,0.4341662122485863,,0.2520965103378888,,0.11492635030109638,0.08587903099422588,0.18607123382082272,,,0.14745267585801045,0.12023064339191622,0.41131535897234495,,,,0.07236103537476439,0.12023064339191622,0.13955342536561705,
135,,,,,,yes,,,,25,1.0:150000,Convolutional Neural Net,,yes,,4.0:10,no,"[continuous, discrete]",,,Image Data,1000.0:100000,>4,,,,Offline,Multiclass Classification,Image Recognition,,,,,0.50000,,,,,,,,,,0.50000,,,,,,,,,0.21121599514796094,,,,1.562998364094911,3.907495910237277,0.4341662122485863,,0.2520965103378888,,0.11492635030109638,0.08587903099422588,0.18607123382082272,,,0.14745267585801045,0.12023064339191622,0.41131535897234495,,,,0.07236103537476439,0.12023064339191622,0.13955342536561705,
136,,,,,,yes,,,,25,>150000,Convolutional Neural Net,,yes,,4.0:10,no,"[continuous, discrete]",,,Image Data,1000.0:100000,>4,,,,Offline,Multiclass Classification,Image Recognition,,,,,0.50000,,,,,,,,,,0.50000,,,,,,,,,0.21121599514796094,,,,1.562998364094911,3.907495910237277,0.4341662122485863,,0.2520965103378888,,0.11492635030109638,0.08587903099422588,0.18607123382082272,,,0.14745267585801045,0.12023064339191622,0.41131535897234495,,,,0.07236103537476439,0.12023064339191622,0.13955342536561705,
137,,,,,,,,,,,,,yes,,,,,,,,,,,,,,,,,,,,,,,,,,,,,,,,,1.00000,,,,,,,,,,,,,,0.06666666666666667,,,,,,,,,,,,,,,,,
138,,,,,,,,,,,1.0:86400,,no,,,,no,[continuous],,,,,,,,,,,,,,,,,,,,1.00000,,,,,,,,,,,,,,,,,,,,2.9074690598879207,,2.725752243644926,,,,0.4792531417397672,1.362876121822463,,,,,,,,,,,,
139,,,,,,,,,,,,,no,,,>10,yes,,,,,,,,,,,,,,,,,,,0.50000,0.50000,,,,,,,,,,,,,,,,,,,,,,,5.892556509887896,,,3.771236166328254,3.771236166328254,,,,,,,,,,,,,
140,,,,,,,,,,,>86400,,yes,,,,,[continuous],,,,,,,,,,,,,,,1.00000,,,,,,,,,,,,,,,,,,,,,,,,,2.3461607486373928,,0.31282143315165234,,,,,0.14663504678983705,,,,,,,,,,,,
141,,,,,,,,,,,.0,,,,,,,,,,,,,,,,,,,1.00000,,,,,,,,,,,,,,,,,,,,,,,,,,,,1.0,,,,,,,,,,,,,,,,,,,
142,,,,,,,,,,,1.0:7200,,,,,,,,,,,,,,,,,,,0.16667,,,,,,,,,,,,0.16667,0.16667,0.16667,0.16667,0.16667,,,,,,,,,,,,0.5,,,,,,,,,,,,,,,,,,,
143,,,,,,,,,,,7200.0:172800,,,,,,,,,,,,,,,,,,,0.07143,0.07143,,,,0.07143,0.07143,0.07143,,0.07143,0.07143,0.07143,0.07143,0.07143,0.07143,0.07143,0.07143,0.07143,,,,,,,,,,,0.25,,,,,,,,,,,,,,,,,,,
144,,,,,,,,,,,1.0:172800,,yes,,,,,,,,,>100000,,,,,,,,,,,,,,,,,,,,0.16667,0.16667,0.16667,0.16667,0.16667,0.16667,,,,,,,,,,,2.809757434745082,,0.5619514869490164,,,,,,,,,0.8429272304235247,,,,,,,,
145,,,yes,,,,,,,,,,,,,,,,,,,,,,,,,,,0.33333,0.33333,0.33333,,,,,,,,,,,,,,,,,,1.0,,,,,,,,,,,,,,,,,,,,,,,,,,,
146,,,,yes,,,,,,,,,,,,,,,,,,,,,,,,,,0.11111,0.11111,0.11111,0.11111,,,0.11111,0.11111,0.11111,,,,,0.11111,,,0.11111,,,,,0.16666666666666666,,,,,,,,,,,,,,,,,,,,,,,,,,
147,high,,,,,,,,,,1.0:172800,,,,,,,,,,,,,,,,,,,0.20000,,,,0.20000,,0.20000,,,,,,,0.20000,,,0.20000,,0.3,,,,,,,,,,2.3,,,,,,,,,,,,,,,,,,,
148,,,,,,yes,,,,,,,,,,,,,,,,,,,,,,,,,0.14286,0.14286,0.14286,0.14286,,,,,,,,0.14286,0.14286,0.14286,,,,,,,,,0.02702702702702703,,,,,,,,,,,,,,,,,,,,,,,,
149,high,,,,,yes,,,,,>7200,,,,,,,,,,,,,,,,,,,,,,0.33333,0.33333,,,,,,,,,0.33333,,,,,0.09559110278645165,,,,,0.059421496326713195,,,,,2.198595364088388,,,,,,,,,,,,,,,,,,,
150,high,,,,,yes,,,,,1.0:172800,,,,,,,,,,,,,,,,,,,0.20000,0.20000,,,,,,,,,,,0.20000,0.20000,,,0.20000,,0.3090644636079503,,,,,0.19212115305359073,,,,,2.3694942209942855,,,,,,,,,,,,,,,,,,,
151,,,,,,,,,,,,,,,,1.0:3,,,,,,,,,,,,,,,0.31481,0.31481,0.03704,,,0.03704,0.03704,0.14815,,,,0.03704,0.03704,,,0.03704,,,,,,,,,,,,,,,,,0.043478260869565216,,,,,,,,,,,,,,
152,,,,,,,,,,,,,,,,4.0:10,,,,,,,,,,,,,,,0.26984,0.04762,0.04762,0.04762,,0.10317,0.10317,0.04762,,,,0.05556,0.22222,,,0.05556,,,,,,,,,,,,,,,,,0.014705882352941176,,,,,,,,,,,,,,
153,,,,,,,,,,,,,,,,> 10,,,,,,,,,,,,,,,0.11905,,0.04762,0.07937,,0.24603,0.24603,,,,,0.04762,0.16667,,,0.04762,,,,,,,,,,,,,,,,,1.0,,,,,,,,,,,,,,
154,,,,,,,,,,,,,,,,,,"[continuous, discrete, ordinal, nominal]",,,,,,,,,,,,,0.17778,0.11111,0.06667,,,0.06667,,,,,,,0.17778,,,0.40000,,,,,,,,,,,,,,,,,,,0.1111111111111111,,,,,,,,,,,,
155,,,,,,,,,,,,,,,,,,,,,,,,,,,Online,,,0.16667,,,,,,,,,,,,0.16667,0.16667,0.16667,0.16667,0.16667,,,,,,,,,,,,,,,,,,,,,,,,,,,,1.0,,,
156,medium,medium,,,,no,,,,,1.0:86400,Convolutional Neural Net,no,,,,,,,,Image Data,>50000,,,,yes,,Multiclass Classification,Image Recognition,0.50000,0.25000,0.25000,,,,,,,,,,,,,,,,1.1961937566695522,0.3262346609098779,,,,0.12374418172443644,,,,,0.23923875133391045,0.19936562611159203,0.22428632937554105,,,,,,,,0.06770908056620106,3.588581270008657,,,,0.2563272335720469,,0.0552089426155178,0.06408180839301172,
157,high,high,,,Linux,yes,,,,,>1296000,Convolutional Neural Net,no,,,,,,,,Image Data,>100000,,,,yes,,Object Detection,Object Detection,0.20000,,0.40000,0.40000,,,,,,,,,,,,,,,0.12206594456583415,0.3119463027793539,,,1.4037583625070928,0.0758788304057888,,,,,1.4037583625070928,0.15597315138967696,0.1754697953133866,,,,,,,,0.05297201367951293,0.2807516725014186,,,,0.20053690892958467,,2.8075167250141857,2.8075167250141857,
158,high,low,,,,yes,,,,,>1296000,Convolutional Neural Net,no,,,,,,,,Image Data,,,,,yes,,Multiclass Classification,Image Recognition,0.20000,,,0.10000,0.10000,,,,,,,,,,0.40000,,0.20000,,0.234600996600773,2.6979114609088892,,,,0.14583305194102106,,,,,2.6979114609088892,0.2997679401009877,0.33723893261361115,,,,,,,,0.10180797965693922,,,,,0.3854159229869842,,0.08301266033565814,0.09635398074674605,
159,high,medium,no,yes,Windows,no,Process Parameter Prediction,,>200,,>172800,LSTM,no,,no,,,"[continuous, discrete, ordinal, nominal]",,,Tabular Data ,>1000000,1.0:4,,,yes,offline,Regression,Time Series Prediction,0.12500,0.12500,,,,,0.12500,0.12500,0.12500,,,,0.12500,0.12500,,,0.12500,,0.20902747837855754,0.4370574547915294,0.8012720004511372,0.8012720004511372,1.2019080006767058,0.16578041388644219,0.5341813336340915,,1.6025440009022744,,1.6025440009022744,4.807632002706823,0.30047700016917644,,1.2019080006767058,,,0.5341813336340915,,,0.8012720004511372,1.2019080006767058,0.11725931713919081,,,0.3434022859076302,0.6868045718152604,0.26709066681704574,0.4370574547915294,
160,medium,medium,no,yes,Windows,no,Predictive Quality,,,,7200.0:172800,Random Forest,yes,yes,no,,,"[continuous, discrete, ordinal, nominal]",,,Tabular Data ,1000.0:10000,1.0:4,imbalanced,0.1,no,offline,Binary Classification,Time Series Prediction,0.20000,,,,,,0.20000,,0.20000,,,,,0.20000,,,0.20000,,2.446426276186338,0.6672071662326378,1.223213138093169,1.223213138093169,1.8348197071397536,0.2530785802951384,0.2822799549445775,,,,1.8348197071397536,0.4317222840328832,0.4892852552372676,0.2367509299535166,1.8348197071397536,,,0.815475425395446,,,1.223213138093169,3.6696394142795072,0.17900680069656133,0.3862778330820534,3.6696394142795072,1.223213138093169,1.048468404079859,0.2822799549445775,0.6672071662326378,
161,medium,medium,no,yes,Windows,no,Predictive Maintenance,,,,>172800,Random Forest,no,yes,no,,,"[continuous, discrete, ordinal, nominal]",,,Tabular Data ,>1000000,1.0:4,,,yes,offline,Multi-class Classification,,0.14286,,,,,,0.14286,0.14286,0.14286,,,,0.14286,0.14286,,,0.14286,,2.661130250159574,0.7257627954980657,1.330565125079787,1.330565125079787,1.9958476876196805,0.27528933622340424,0.38016146430851055,,,,2.661130250159574,0.46961122061639543,0.4989619219049201,0.2575287338864104,1.9958476876196805,,,0.887043416719858,,,1.330565125079787,1.9958476876196805,0.19471684757265176,,,0.5702421964627659,1.1404843929255317,3.991695375239361,,
162,high,medium,no,yes,linux,yes,Predictive Quality,,,,7200.0:172800,XGBoost,no,,no,,,"[continuous, discrete, ordinal, nominal]",,,Tabular Data ,>1000000,>4,imbalanced,0.01,yes,offline,Multi-class Classification,,0.25000,,,,,,,,0.25000,,,,,0.25000,,,0.25000,,0.15588547611047895,0.32594235914009234,0.597560991756836,0.597560991756836,3.585365950541016,0.09690178244705448,0.13789869040542369,,,,0.896341487635254,0.3983739945045573,0.2240853719088135,,0.896341487635254,,,0.3983739945045573,,,0.597560991756836,0.896341487635254,0.18870347108110608,0.18870347108110608,3.585365950541016,0.25609756789578686,0.5121951357915737,1.792682975270508,,
163,high,medium,no,no,Windows,no,Process Design,,>200,,7200.0:172800,Random Forest,yes,yes,,,,"[continuous, discrete, ordinal, nominal]",,,Tabular Data ,1000.0:10000,1.0:4,imbalanced,0.1,yes,offline,Binary Classification,,0.33333,0.33333,,,,,,,0.33333,,,,,,,,,,0.15302259203691554,0.3199563288044598,0.5865866028081762,3.5195196168490575,0.8798799042122644,0.12136274540858819,3.5195196168490575,,1.1731732056163524,,0.8798799042122644,0.20703056569700337,0.23463464112327048,0.11353289086609862,,,,0.3910577352054508,,,0.5865866028081762,1.7597598084245287,0.08584194187436725,0.18523787457100302,1.7597598084245287,0.25139425834636125,0.5027885166927225,0.13536613910957915,,
164,high,high,no,yes,Linux,yes,Process Parameter Prediction,,>200,,>172800,Gradient Boosting Machine,no,,,,yes,"[continuous, discrete, ordinal, nominal]",,,Tabular Data ,>1000000,1.0:4,,,yes,offline,Regression,Time Series Prediction,0.14286,,,,,,0.14286,0.14286,0.14286,,,,0.14286,0.14286,,,0.14286,,0.19685951600837764,0.5030854297991872,0.7546281446987809,0.7546281446987809,2.263884434096343,0.1223721315727753,0.5030854297991872,,1.5092562893975618,,1.5092562893975618,4.527768868192686,0.28298555426204286,,,,0.18111075472770743,0.5030854297991872,,,0.7546281446987809,1.1319422170481714,0.1104333870290899,,,0.32341206201376327,0.6468241240275265,0.2515427148995936,0.4116153516538805,
165,,,,,,,,,,,,,yes,,,,,,,,,>100000,1.0:4,,,yes,offline,Regression,Time Series Prediction,0.12500,0.12500,,,,,0.12500,0.12500,0.12500,,,,0.12500,0.12500,,,0.12500,,,,,,,,,,,,,,1.9243104241149207,,,,,,,,,2.8864656361723813,0.704016008822532,,,2.061761168694558,4.123522337389116,1.6035920200957672,2.6240596692476195,
166,,,,,,,,,,,,,,,,,,,yes,,,,,,,,,,,,,,0.14286,,,0.14286,0.14286,0.14286,,0.14286,,,0.14286,,,0.14286,,,,,,,,,,,,,,,,,,,,1.0,,,,,,,,,,,
